image_id,class_id,x_center,y_center,width,height,confidence
000003_jpg.rf.8511b9c219dbf9799a6d58900b15917d.jpg,7,0.49872298538684845,0.47926683723926544,0.46649643778800964,0.6424278914928436,0.94873046875
000006_jpg.rf.89610ec419ccfab22f8314026b90ee26.jpg,7,0.3750000074505806,0.1655649095773697,0.2782451957464218,0.3311298191547394,0.947265625
000006_jpg.rf.89610ec419ccfab22f8314026b90ee26.jpg,0,0.2530048117041588,0.7656250298023224,0.016225948929786682,0.02163463830947876,0.0013885498046875
00000_00000_00003_png.rf.d18afc3c9625ffb1974029d3e3762aee.jpg,6,0.5181039869785309,0.5084134638309479,0.5743690133094788,0.5769230723381042,0.931640625
00000_00000_00003_png.rf.d18afc3c9625ffb1974029d3e3762aee.jpg,6,0.859375,0.10126202553510666,0.28125,0.20252405107021332,0.0031719207763671875
00000_00000_00005_png.rf.ab60a274676963d378f5014e89d9e2b1.jpg,6,0.5369591563940048,0.5270432904362679,0.6171875298023224,0.6165865510702133,0.9306640625
00000_00000_00006_png.rf.9d1ea68507aff6973a1dbcdc6f4422a8.jpg,6,0.53034857660532,0.551006630063057,0.5943509787321091,0.5951021611690521,0.93115234375
00000_00000_00008_png.rf.ff305dcd6e9ceb9188937311a4a1b207.jpg,6,0.5123197138309479,0.5072115585207939,0.6496394276618958,0.6274038702249527,0.93017578125
00000_00000_00008_png.rf.ff305dcd6e9ceb9188937311a4a1b207.jpg,6,0.06745793670415878,0.11613582074642181,0.13491587340831757,0.23227164149284363,0.056640625
00000_00000_00008_png.rf.ff305dcd6e9ceb9188937311a4a1b207.jpg,1,0.5606971383094788,0.017437275499105453,0.03545677661895752,0.03487455099821091,0.0236053466796875
00000_00000_00008_png.rf.ff305dcd6e9ceb9188937311a4a1b207.jpg,1,0.13596754893660545,0.20237381011247635,0.028245188295841217,0.056790873408317566,0.0035114288330078125
00000_00000_00013_png.rf.9076cbfc7f7811fa22547539a7e7ac02.jpg,6,0.5342548340559006,0.503605805337429,0.7031250298023224,0.7115385085344315,0.94140625
00000_00000_00013_png.rf.9076cbfc7f7811fa22547539a7e7ac02.jpg,6,0.08405949519510614,0.061748798936605453,0.16781850960978772,0.12349759787321091,0.0030269622802734375
00000_00000_00017_png.rf.6c2381a6a103a041f23159fbd44868ed.jpg,6,0.5318509936332703,0.5264423340559006,0.748798131942749,0.7343750298023224,0.9453125
00000_00000_00021_png.rf.0803f8eb5b4566c44100cfef9d0bfa8e.jpg,6,0.5294471457600594,0.5354567542672157,0.7848558276891708,0.7968750447034836,0.94775390625
00000_00000_00021_png.rf.0803f8eb5b4566c44100cfef9d0bfa8e.jpg,6,0.7510516941547394,0.7902644276618958,0.49789661169052124,0.4194711446762085,0.0015974044799804688
00000_00000_00024_png.rf.8b21eb79678eed47df52a9ab4319bc08.jpg,6,0.5057091675698757,0.5078125074505806,0.8347356393933296,0.8329326957464218,0.95166015625
00000_00001_00008_png.rf.936b0185c3b9131c96d42d60a5da1abb.jpg,6,0.5312500149011612,0.5294471234083176,0.5877403914928436,0.6045673191547394,0.939453125
00000_00001_00008_png.rf.936b0185c3b9131c96d42d60a5da1abb.jpg,6,0.09833233803510666,0.11125300824642181,0.19666467607021332,0.22250601649284363,0.0117340087890625
00000_00001_00008_png.rf.936b0185c3b9131c96d42d60a5da1abb.jpg,7,0.09690505266189575,0.11095252633094788,0.1938101053237915,0.22190505266189575,0.005687713623046875
00000_00001_00008_png.rf.936b0185c3b9131c96d42d60a5da1abb.jpg,6,0.8978365659713745,0.09194711595773697,0.20432686805725098,0.18389423191547394,0.0016870498657226562
00000_00001_00008_png.rf.936b0185c3b9131c96d42d60a5da1abb.jpg,7,0.9014423191547394,0.050856373920396436,0.19711536169052124,0.10141226706036832,0.0010080337524414062
00000_00001_00013_png.rf.c2367f9d1b377597b2cc3706b70fa818.jpg,6,0.5189303010702133,0.5279447361826897,0.6304086744785309,0.6508413702249527,0.939453125
00000_00001_00013_png.rf.c2367f9d1b377597b2cc3706b70fa818.jpg,6,0.07572115957736969,0.09630408883094788,0.15144231915473938,0.19260817766189575,0.0017004013061523438
00000_00001_00016_png.rf.2818a0160369aa9d2465007de479d6d3.jpg,6,0.5192307978868484,0.5150240734219551,0.6442308127880096,0.6730769723653793,0.9375
00000_00001_00020_png.rf.4fc3ed0f124f480c5152a541fff2dbf7.jpg,6,0.5342548191547394,0.49879807978868484,0.6911057829856873,0.7235576957464218,0.9404296875
00000_00001_00020_png.rf.af293e6651965d897c75935cf2084f7d.jpg,6,0.5342548191547394,0.49879807978868484,0.6911057829856873,0.7235576957464218,0.9404296875
00000_00001_00021_png.rf.beb4a4004ddd09e998abac6f77de0322.jpg,6,0.5252403989434242,0.5078125074505806,0.6983173340559006,0.7367788404226303,0.94482421875
00000_00001_00021_png.rf.beb4a4004ddd09e998abac6f77de0322.jpg,0,0.9747596383094788,0.48024340718984604,0.05048072338104248,0.49384017288684845,0.0012598037719726562
00000_00002_00012_png.rf.d345a307460a0fa32e159261cffa0e88.jpg,6,0.5144982114434242,0.5174278989434242,0.6056189984083176,0.6334134787321091,0.943359375
00000_00002_00012_png.rf.d345a307460a0fa32e159261cffa0e88.jpg,1,0.5384615361690521,0.041616588830947876,0.03245192766189575,0.08323317766189575,0.001972198486328125
00000_00002_00015_png.rf.9c6647dad127ad8ea26b08ef5e31f15f.jpg,6,0.5351562574505806,0.5210336670279503,0.6844951957464218,0.688701942563057,0.93994140625
00000_00002_00015_png.rf.9c6647dad127ad8ea26b08ef5e31f15f.jpg,1,0.016225961968302727,0.02801983244717121,0.032451923936605453,0.05603966489434242,0.00586700439453125
00000_00002_00026_png.rf.092c69361ef48fd43b479aa48fc829d9.jpg,6,0.505108181387186,0.5054086595773697,0.8094952031970024,0.8040865361690521,0.9541015625
00000_00002_00026_png.rf.092c69361ef48fd43b479aa48fc829d9.jpg,0,0.4783654063940048,0.009155274157819804,0.021634608507156372,0.018085187723045237,0.0017137527465820312
00000_00002_00026_png.rf.092c69361ef48fd43b479aa48fc829d9.jpg,1,0.4867788851261139,0.021183894379646517,0.034855782985687256,0.041766827198443934,0.00130462646484375
00000_00003_00003_png.rf.cb1242e3f504fdf75084201d1d568a93.jpg,6,0.5378605872392654,0.5654297024011612,0.5564903914928436,0.5506310164928436,0.939453125
00000_00003_00003_png.rf.cb1242e3f504fdf75084201d1d568a93.jpg,1,0.7922175824642181,0.0615234412252903,0.41316109895706177,0.1230468824505806,0.0027256011962890625
00000_00003_00005_png.rf.91e4d86cd4241911356889c94ae3f5ee.jpg,6,0.5351562649011612,0.5354567393660545,0.5594951808452606,0.5769230872392654,0.93701171875
00000_00003_00011_png.rf.7d5f2a85458f70654be03f2a2cd47c06.jpg,6,0.5360576957464218,0.5162259936332703,0.6177884638309479,0.623798131942749,0.94384765625
00000_00003_00011_png.rf.7d5f2a85458f70654be03f2a2cd47c06.jpg,1,0.41826923936605453,0.05404898151755333,0.42067308723926544,0.10809796303510666,0.0013780593872070312
00000_00003_00011_png.rf.7d5f2a85458f70654be03f2a2cd47c06.jpg,9,0.6959134787321091,0.9164663851261139,0.6069711744785309,0.16586536169052124,0.0011882781982421875
00000_00003_00015_png.rf.a18e8c7a509b0f5f98fe6221bac9aee4.jpg,6,0.5312500149011612,0.5354567617177963,0.6862981021404266,0.7103365957736969,0.94140625
00000_00003_00015_png.rf.a18e8c7a509b0f5f98fe6221bac9aee4.jpg,1,0.40895434468984604,0.03829251974821091,0.44411058723926544,0.07658503949642181,0.081787109375
00000_00003_00015_png.rf.a18e8c7a509b0f5f98fe6221bac9aee4.jpg,1,0.5715144351124763,0.03577599445998203,0.8040865510702133,0.07110126773477532,0.0165252685546875
00000_00003_00017_png.rf.cb107aac6c3f74cfb122de76625c4abc.jpg,6,0.5039062723517418,0.5192307978868484,0.7301682978868484,0.7043269574642181,0.93994140625
00000_00003_00017_png.rf.cb107aac6c3f74cfb122de76625c4abc.jpg,1,0.3602764494717121,0.03472431004047394,0.4873798117041588,0.06944862008094788,0.0011739730834960938
00000_00003_00019_png.rf.d5f22619ed92e72b6d2ed7150b2db7c3.jpg,6,0.5198317393660545,0.516826942563057,0.7283653765916824,0.7307692468166351,0.95068359375
00000_00004_00027_png.rf.339c3f63582ed2785e9d0740821e561e.jpg,6,0.5192307867109776,0.5234375298023224,0.8353365585207939,0.8257212042808533,0.9501953125
00000_00005_00000_png.rf.4b0a9b1409c4ee2cc880aa6e173d5e0e.jpg,6,0.5279447361826897,0.5219351202249527,0.5618990808725357,0.5691106021404266,0.94482421875
00000_00005_00000_png.rf.4b0a9b1409c4ee2cc880aa6e173d5e0e.jpg,6,0.5477764755487442,0.1281550561034237,0.7506010234355927,0.25600963142642286,0.0230712890625
00000_00005_00000_png.rf.4b0a9b1409c4ee2cc880aa6e173d5e0e.jpg,6,0.5715144574642181,0.28545673078042455,0.7608173489570618,0.5697115384391509,0.002452850341796875
00000_00005_00003_png.rf.df858754a637fecb106924e9bc47a832.jpg,6,0.5601712912321091,0.5259164944291115,0.5479266941547394,0.5972055643796921,0.9326171875
00000_00005_00003_png.rf.df858754a637fecb106924e9bc47a832.jpg,6,0.5724158957600594,0.1419020478570019,0.7301683276891708,0.28350361493357923,0.0230712890625
00000_00005_00003_png.rf.df858754a637fecb106924e9bc47a832.jpg,6,0.5727163776755333,0.32211539149284363,0.729567363858223,0.6442307829856873,0.0027790069580078125
00000_00005_00009_png.rf.318081408daa3bd6bd66422e94bd3dca.jpg,6,0.5399639531970024,0.5141226053237915,0.6171875149011612,0.637620210647583,0.939453125
00000_00005_00009_png.rf.318081408daa3bd6bd66422e94bd3dca.jpg,6,0.5652043521404266,0.17127405107021332,0.8647837042808533,0.34254810214042664,0.0034694671630859375
00000_00005_00009_png.rf.318081408daa3bd6bd66422e94bd3dca.jpg,6,0.5649038627743721,0.3437500275322236,0.8689904063940048,0.6850962088210508,0.0010242462158203125
00000_00005_00016_png.rf.80996367c51768326648d4c53f8a1e63.jpg,6,0.5240384936332703,0.4876803159713745,0.650240421295166,0.709735631942749,0.9462890625
00000_00005_00025_png.rf.f6c63209955abab1fc2ea39248553192.jpg,6,0.5177283734083176,0.5066105872392654,0.7794471085071564,0.8377403914928436,0.95751953125
00000_00005_00027_png.rf.397ea37e7f1f7c3029ef77da37b4d73a.jpg,6,0.5069110617041588,0.5066106095910072,0.8167067319154739,0.8305289000272751,0.95849609375
00000_00005_00027_png.rf.397ea37e7f1f7c3029ef77da37b4d73a.jpg,0,0.5432692468166351,0.078857421875,0.03605765104293823,0.01806640625,0.0259552001953125
00000_00006_00000_png.rf.89204de3eb332a0f1dfbdbfeed2c4f19.jpg,6,0.49872298538684845,0.5453726202249527,0.46168872714042664,0.5847356021404266,0.91943359375
00000_00006_00000_png.rf.89204de3eb332a0f1dfbdbfeed2c4f19.jpg,9,0.5868389457464218,0.8533653914928436,0.4849759638309479,0.29326921701431274,0.00595855712890625
00000_00006_00000_png.rf.89204de3eb332a0f1dfbdbfeed2c4f19.jpg,14,0.15241887019510614,0.2881610714830458,0.3045372596097877,0.5709134889766574,0.00400543212890625
00000_00006_00000_png.rf.89204de3eb332a0f1dfbdbfeed2c4f19.jpg,14,0.28545674681663513,0.2929687477299012,0.5709134936332703,0.583533649216406,0.0038242340087890625
00000_00006_00000_png.rf.89204de3eb332a0f1dfbdbfeed2c4f19.jpg,6,0.4429086782038212,0.19666467607021332,0.7319711968302727,0.39332935214042664,0.0016355514526367188
00000_00006_00000_png.rf.89204de3eb332a0f1dfbdbfeed2c4f19.jpg,11,0.15594951808452606,0.9290865659713745,0.3118990361690521,0.14182686805725098,0.0011920928955078125
00000_00006_00004_png.rf.f3eaa594302a3387574994936ac8af80.jpg,6,0.49639425426721573,0.5168269500136375,0.5733173340559006,0.61538465321064,0.93603515625
00000_00006_00004_png.rf.f3eaa594302a3387574994936ac8af80.jpg,1,0.6057692766189575,0.38882213830947876,0.046875,0.06129807233810425,0.001926422119140625
00000_00006_00004_png.rf.f3eaa594302a3387574994936ac8af80.jpg,6,0.5922476202249527,0.42788463085889816,0.29867789149284363,0.4194711595773697,0.0012254714965820312
00000_00006_00009_png.rf.69ada07a494f34af78f9cbb977bb1fe7.jpg,6,0.5186298340559006,0.5258413776755333,0.6610577404499054,0.64663465321064,0.94580078125
00000_00006_00009_png.rf.abb45158e58a911f6eb8f4784f718205.jpg,6,0.5186298340559006,0.5258413776755333,0.6610577404499054,0.64663465321064,0.94580078125
00000_00006_00014_png.rf.c18a9a99443ea933a462c18e7d9cc035.jpg,6,0.5150240436196327,0.49098558723926544,0.6935096234083176,0.6838942468166351,0.94775390625
00000_00006_00014_png.rf.c18a9a99443ea933a462c18e7d9cc035.jpg,0,0.012582632713019848,0.29356972873210907,0.025165265426039696,0.02043268084526062,0.0017614364624023438
00000_00006_00014_png.rf.c18a9a99443ea933a462c18e7d9cc035.jpg,10,0.024245043214250472,0.2992788692936301,0.04841496623339481,0.5739183146506548,0.0012598037719726562
00000_00006_00021_png.rf.ceba1690308218617be309fd8dd38971.jpg,6,0.520432710647583,0.5132211670279503,0.7572115659713745,0.735576942563057,0.94775390625
00000_00006_00021_png.rf.ceba1690308218617be309fd8dd38971.jpg,13,0.2767428010702133,0.19981972128152847,0.006009608507156372,0.015925481915473938,0.012054443359375
00000_00006_00021_png.rf.ceba1690308218617be309fd8dd38971.jpg,9,0.26382212340831757,0.19981972128152847,0.009014397859573364,0.017728373408317566,0.003223419189453125
00000_00006_00021_png.rf.ceba1690308218617be309fd8dd38971.jpg,6,0.11253005266189575,0.05303485691547394,0.2250601053237915,0.10606971383094788,0.0011157989501953125
00000_00006_00022_png.rf.8a9524bcedd0aa85d431b5314bdaf179.jpg,6,0.5102163553237915,0.51081732660532,0.7524038553237915,0.7451923340559006,0.94775390625
00000_00006_00022_png.rf.ac6d1330d86c61ae4067afdd3a258ab3.jpg,6,0.5102163553237915,0.51081732660532,0.7524038553237915,0.7451923340559006,0.94775390625
000012_jpg.rf.a2e9009c1ca91c2272045589701123f0.jpg,7,0.49278848990797997,0.2989783827215433,0.8245192840695381,0.4969952218234539,0.55810546875
000012_jpg.rf.a2e9009c1ca91c2272045589701123f0.jpg,7,0.33661358430981636,0.30438703298568726,0.4986478313803673,0.3383413553237915,0.00234222412109375
000012_jpg.rf.a2e9009c1ca91c2272045589701123f0.jpg,7,0.6358173191547394,0.34968451410532,0.5216346383094788,0.3955829590559006,0.0021572113037109375
000015_jpg.rf.1c60d15418d0291507def26c241ed27e.jpg,7,0.25450722873210907,0.37079327553510666,0.4140625298023224,0.4795673042535782,0.9560546875
000015_jpg.rf.1c60d15418d0291507def26c241ed27e.jpg,0,0.8371394574642181,0.14618390053510666,0.010817348957061768,0.008112981915473938,0.0618896484375
000015_jpg.rf.1c60d15418d0291507def26c241ed27e.jpg,11,0.9951923191547394,0.5210336744785309,0.00961536169052124,0.034855782985687256,0.0020580291748046875
00001_00006_00004_png.rf.d10a2232f001894c293a3899de728cad.jpg,7,0.5267427936196327,0.5318509787321091,0.7301682680845261,0.7632211744785309,0.9501953125
00001_00006_00004_png.rf.d10a2232f001894c293a3899de728cad.jpg,1,0.5727163851261139,0.9483173489570618,0.03245192766189575,0.09855771064758301,0.004329681396484375
00001_00006_00026_png.rf.49d271a1ad59fd8fc3022b9d27fd55e2.jpg,7,0.5057091414928436,0.5039062760770321,0.8058894276618958,0.8443510010838509,0.9482421875
00001_00006_00026_png.rf.49d271a1ad59fd8fc3022b9d27fd55e2.jpg,8,0.14828725904226303,0.973557710647583,0.036057695746421814,0.052884578704833984,0.0030517578125
00001_00010_00003_png.rf.7aafa0add84d32dae0f70c72f29be839.jpg,7,0.5289212763309479,0.5709886103868484,0.5383113026618958,0.5310997664928436,0.9453125
00001_00010_00003_png.rf.7aafa0add84d32dae0f70c72f29be839.jpg,7,0.5153245478868484,0.41796876152511686,0.6700721681118011,0.8323317535687238,0.00142669677734375
00001_00010_00010_png.rf.0c717d1fcb47c63dc21133891c67058d.jpg,7,0.5465745478868484,0.5390625149011612,0.5823317468166351,0.6213942468166351,0.94921875
00001_00011_00006_png.rf.b3c9ed7b58e8b06312406f5fb6ecb9cd.jpg,7,0.5132211670279503,0.5279447361826897,0.641826942563057,0.6219952255487442,0.951171875
00001_00014_00020_png.rf.dae49e781829147dd4dfd5b4812d0068.jpg,7,0.5033053010702133,0.5114182867109776,0.8155048191547394,0.8064904138445854,0.9267578125
00001_00014_00020_png.rf.dae49e781829147dd4dfd5b4812d0068.jpg,14,0.3843149244785309,0.028245193883776665,0.7530048489570618,0.05649038776755333,0.0015363693237304688
00001_00019_00006_png.rf.ba8186909430430fb44e7eea3282a96b.jpg,7,0.5347806662321091,0.5135216563940048,0.6011117994785309,0.6171875298023224,0.953125
00001_00020_00001_png.rf.558285df18ab5e029ed28ae9b0442173.jpg,7,0.48257211595773697,0.5348557829856873,0.6129807680845261,0.7572115659713745,0.94189453125
00001_00020_00001_png.rf.558285df18ab5e029ed28ae9b0442173.jpg,7,0.5180288553237915,0.2827524095773697,0.5336538553237915,0.25180289149284363,0.0014896392822265625
00001_00020_00001_png.rf.558285df18ab5e029ed28ae9b0442173.jpg,11,0.6078726053237915,0.8921274244785309,0.4272836446762085,0.21574515104293823,0.0011034011840820312
00001_00020_00009_png.rf.70d380dd904a8b782ac06daf41622bc8.jpg,7,0.4945913553237915,0.5168269500136375,0.7055288553237915,0.77163465321064,0.9482421875
00001_00020_00009_png.rf.70d380dd904a8b782ac06daf41622bc8.jpg,6,0.4900841489434242,0.2406851053237915,0.7061298340559006,0.481370210647583,0.0011425018310546875
00001_00021_00006_png.rf.c24e2e36491660b540a9b81687c16bc3.jpg,7,0.5252404138445854,0.5429687649011612,0.5673077255487442,0.6003606021404266,0.9501953125
00001_00021_00007_png.rf.7054b7fcb56980bcabcf57e0f1cb9182.jpg,7,0.5414663851261139,0.5060096308588982,0.5733173489570618,0.6225961595773697,0.95361328125
00001_00022_00001_png.rf.f68bab926df5c93b7a8baf9d168955d1.jpg,7,0.5225360691547394,0.5169020742177963,0.6207932829856873,0.5575421154499054,0.955078125
00001_00023_00007_png.rf.f20610daefe32091399ce0ee1b9799f6.jpg,7,0.5679086595773697,0.5733173191547394,0.5540865361690521,0.6021634936332703,0.95166015625
00001_00025_00025_png.rf.9556a94e4da441bd05e548d86099c3c0.jpg,7,0.5126202031970024,0.5138221271336079,0.7680288702249527,0.7944711670279503,0.94482421875
00001_00028_00017_png.rf.ff6c0bf1f57a58c63e706c5a59b9b55e.jpg,7,0.5210336595773697,0.48257214576005936,0.6790865361690521,0.7824519723653793,0.955078125
00001_00028_00017_png.rf.ff6c0bf1f57a58c63e706c5a59b9b55e.jpg,14,0.9663461744785309,0.40024038404226303,0.06730765104293823,0.6682692319154739,0.127197265625
00001_00028_00017_png.rf.ff6c0bf1f57a58c63e706c5a59b9b55e.jpg,6,0.9693509936332703,0.40685098618268967,0.06129801273345947,0.6478365808725357,0.09844970703125
00001_00029_00011_png.rf.8778f18a5af227481b72a0bd897cb144.jpg,7,0.5384615585207939,0.5276442393660545,0.6406250149011612,0.6550480872392654,0.9541015625
00001_00029_00011_png.rf.8778f18a5af227481b72a0bd897cb144.jpg,1,0.05464994162321091,0.024620644748210907,0.10929988324642181,0.049241289496421814,0.010986328125
00001_00029_00011_png.rf.8778f18a5af227481b72a0bd897cb144.jpg,0,0.05521334507284337,0.023813102394342422,0.11027644975547446,0.047626204788684845,0.007232666015625
00001_00029_00011_png.rf.8778f18a5af227481b72a0bd897cb144.jpg,6,0.07850060211058008,0.038311298936605453,0.1567007234407356,0.07662259787321091,0.0011072158813476562
00001_00030_00008_png.rf.f42a5ab100ba2300ff2ef3273198a629.jpg,7,0.5357572287321091,0.5291466638445854,0.5474759638309479,0.6736779361963272,0.9462890625
00001_00031_00011_png.rf.d92d0588e5bfd7f8ced37d558e0efd54.jpg,7,0.5369591563940048,0.49789664149284363,0.5631009638309479,0.5979567170143127,0.95947265625
00001_00032_00012_png.rf.e30cf3974f41a7316dff0477b7c4c589.jpg,7,0.5012019351124763,0.5408653914928436,0.6610576957464218,0.6862980723381042,0.95068359375
00001_00032_00012_png.rf.e30cf3974f41a7316dff0477b7c4c589.jpg,0,0.9242788851261139,0.036283055178500945,0.14903849363327026,0.07241586996678961,0.0011968612670898438
00001_00033_00010_png.rf.4b1b4602c3c04f4aa72ce1f952cce126.jpg,7,0.5205078423023224,0.5123197287321091,0.6104267239570618,0.6147836744785309,0.9501953125
00001_00033_00010_png.rf.4b1b4602c3c04f4aa72ce1f952cce126.jpg,14,0.5075120478868484,0.9332933127880096,0.14423081278800964,0.13221150636672974,0.0011882781982421875
00001_00033_00013_png.rf.7df949e59990e9dabfbc631176beada9.jpg,7,0.5540865585207939,0.5612981021404266,0.6274038702249527,0.6514423489570618,0.95166015625
00001_00035_00012_png.rf.ef688824fa8eae681376cbaa7708a2dd.jpg,7,0.5300480872392654,0.5366586670279503,0.6370192468166351,0.5901442319154739,0.951171875
00001_00038_00012_png.rf.769276765c04567a8afdd2300298c7cb.jpg,7,0.4912860691547394,0.4832482188940048,0.5847355723381042,0.5863882601261139,0.94921875
00001_00038_00013_png.rf.9bea2c6ade7591cafa7a3ee2d6447b63.jpg,7,0.5096905156970024,0.4927884638309479,0.5972055345773697,0.6081730723381042,0.9501953125
00001_00042_00000_png.rf.ac8cef49708d26776dd018e63c08ee29.jpg,7,0.5192307829856873,0.5305739417672157,0.5649038553237915,0.5963041037321091,0.94580078125
00001_00059_00004_png.rf.74b0bb0dc2200bf50c665e4b2017a9cf.jpg,7,0.5360577180981636,0.509014442563057,0.6237981170415878,0.6526442468166351,0.95166015625
00001_00059_00004_png.rf.74b0bb0dc2200bf50c665e4b2017a9cf.jpg,14,0.6896033734083176,0.29657453298568726,0.6207932531833649,0.5931490659713745,0.0222930908203125
00001_00059_00004_png.rf.74b0bb0dc2200bf50c665e4b2017a9cf.jpg,7,0.6724759787321091,0.42938704043626785,0.5841346085071564,0.6917067617177963,0.0032596588134765625
00001_00059_00004_png.rf.74b0bb0dc2200bf50c665e4b2017a9cf.jpg,10,0.6893028914928436,0.291015625,0.6213942170143127,0.58203125,0.0028667449951171875
00001_00059_00004_png.rf.74b0bb0dc2200bf50c665e4b2017a9cf.jpg,9,0.4272836744785309,0.5832331851124763,0.8545673489570618,0.6977163404226303,0.0022602081298828125
00001_00059_00004_png.rf.74b0bb0dc2200bf50c665e4b2017a9cf.jpg,5,0.6849459409713745,0.21213943454495165,0.622896671295166,0.4236779075290542,0.0010166168212890625
00001_00060_00007_png.rf.1bf10fd8b24b215fba58ab5975968559.jpg,7,0.5048077180981636,0.5450721457600594,0.6862981170415878,0.6887019723653793,0.9560546875
00001_00063_00003_png.rf.e87ae69015487ca78a229870bc3ed27f.jpg,7,0.5679838061332703,0.571213960647583,0.593599796295166,0.626802921295166,0.94580078125
00001_00064_00019_png.rf.135e30aa3fe9209e095eb3ff5e304ebb.jpg,7,0.5297476053237915,0.4921875298023224,0.6977163553237915,0.7343750596046448,0.9501953125
00001_00064_00019_png.rf.135e30aa3fe9209e095eb3ff5e304ebb.jpg,14,0.29657453089021146,0.04383263364434242,0.5829327148385346,0.08766526728868484,0.001972198486328125
00001_00065_00006_png.rf.161dc86f1aaaf56ceadeedb9920c11ec.jpg,7,0.5594952255487442,0.5077373906970024,0.6286058127880096,0.6143329292535782,0.951171875
00001_00066_00015_png.rf.e1adfeb91011dcf5d548147d1acc30eb.jpg,7,0.4891827180981636,0.5195312798023224,0.7487981170415878,0.7397837042808533,0.95751953125
00001_00066_00015_png.rf.e1adfeb91011dcf5d548147d1acc30eb.jpg,6,0.9663461744785309,0.4711538702249527,0.06730765104293823,0.6237981021404266,0.20751953125
00001_00066_00015_png.rf.e1adfeb91011dcf5d548147d1acc30eb.jpg,7,0.9675481021404266,0.4648437574505806,0.06490379571914673,0.6352163404226303,0.1688232421875
00001_00066_00015_png.rf.e1adfeb91011dcf5d548147d1acc30eb.jpg,7,0.8533653914928436,0.46995192766189575,0.29326921701431274,0.625,0.0016679763793945312
00001_00068_00007_png.rf.4bb41a90249c981be7a87239ef7d4288.jpg,7,0.4822716489434242,0.5215595215559006,0.5763221234083176,0.5698617994785309,0.9501953125
00001_00068_00007_png.rf.4bb41a90249c981be7a87239ef7d4288.jpg,6,0.46153849363327026,0.22340746223926544,0.478365421295166,0.4468149244785309,0.1566162109375
00001_00068_00007_png.rf.4bb41a90249c981be7a87239ef7d4288.jpg,7,0.45966047793626785,0.4266827180981636,0.5037560313940048,0.38942311704158783,0.0010986328125
00002_00000_00005_png.rf.6a3d73b59a12500d97c5ad071900f3e8.jpg,9,0.5324519276618958,0.5153245329856873,0.640625,0.7445913553237915,0.94775390625
00002_00000_00008_png.rf.fef84220cd4e8886da3b88267904e21d.jpg,9,0.5345553085207939,0.5126202031970024,0.6820913702249527,0.7632211595773697,0.94580078125
00002_00000_00008_png.rf.fef84220cd4e8886da3b88267904e21d.jpg,1,0.10154372453689575,0.5084134787321091,0.056527942419052124,0.12319710850715637,0.0010652542114257812
00002_00000_00008_png.rf.fef84220cd4e8886da3b88267904e21d.jpg,0,0.08967473357915878,0.2124399170279503,0.03128756582736969,0.11358173191547394,0.0010480880737304688
00002_00000_00016_png.rf.5c98b3aeaa1ebc1ebc1afb2b2e8d9750.jpg,9,0.504807710647583,0.5186298154294491,0.723557710647583,0.8137019351124763,0.94677734375
00002_00004_00025_png.rf.088e01a14aec1e026c95b0b5ab8b08ec.jpg,9,0.5153245255351067,0.5132211782038212,0.7998798042535782,0.7788461968302727,0.94580078125
00002_00004_00025_png.rf.088e01a14aec1e026c95b0b5ab8b08ec.jpg,1,0.6015625298023224,0.8088942468166351,0.010817348957061768,0.043269217014312744,0.0023059844970703125
00002_00004_00025_png.rf.088e01a14aec1e026c95b0b5ab8b08ec.jpg,3,0.010225736896245508,0.42367789149284363,0.02033879349619383,0.03245192766189575,0.0015125274658203125
00002_00006_00028_png.rf.70f98b1fc1d0c548e37ffe7968c81a40.jpg,9,0.4915865659713745,0.5252404138445854,0.728365421295166,0.7932692915201187,0.95068359375
00002_00007_00012_png.rf.cda4cec2b68cd6819ec43a7799d667a5.jpg,9,0.5336538553237915,0.5132211893796921,0.625,0.6610577404499054,0.94580078125
00002_00007_00012_png.rf.cda4cec2b68cd6819ec43a7799d667a5.jpg,1,0.6911058127880096,0.861177921295166,0.02163463830947876,0.037259578704833984,0.0274810791015625
00002_00007_00012_png.rf.cda4cec2b68cd6819ec43a7799d667a5.jpg,1,0.6917067766189575,0.8425481021404266,0.020432710647583008,0.038461506366729736,0.0216217041015625
00002_00007_00012_png.rf.cda4cec2b68cd6819ec43a7799d667a5.jpg,1,0.6959134936332703,0.864182710647583,0.025240421295166016,0.03125,0.01029205322265625
00002_00007_00012_png.rf.cda4cec2b68cd6819ec43a7799d667a5.jpg,1,0.5781250298023224,0.4975961893796921,0.03605765104293823,0.08112981915473938,0.0023975372314453125
00002_00007_00012_png.rf.cda4cec2b68cd6819ec43a7799d667a5.jpg,1,0.44951924681663513,0.3978365510702133,0.027644217014312744,0.08293268084526062,0.0016613006591796875
00002_00007_00012_png.rf.cda4cec2b68cd6819ec43a7799d667a5.jpg,1,0.6953125298023224,0.8341346383094788,0.02524036169052124,0.03125,0.0013246536254882812
00002_00007_00012_png.rf.cda4cec2b68cd6819ec43a7799d667a5.jpg,9,0.2016226053237915,0.24188703298568726,0.403245210647583,0.4837740659713745,0.001220703125
00002_00007_00012_png.rf.cda4cec2b68cd6819ec43a7799d667a5.jpg,1,0.48407454788684845,0.6322115659713745,0.053485602140426636,0.08774042129516602,0.001178741455078125
00002_00007_00012_png.rf.cda4cec2b68cd6819ec43a7799d667a5.jpg,1,0.6706731021404266,0.8665865659713745,0.026442348957061768,0.028846144676208496,0.0010118484497070312
00002_00010_00029_png.rf.526a5527eafd2cdc74e872afe9fb8276.jpg,9,0.48798077926039696,0.5120192468166351,0.7836538627743721,0.8365384936332703,0.9501953125
00002_00010_00029_png.rf.526a5527eafd2cdc74e872afe9fb8276.jpg,6,0.5447716489434242,0.9633413553237915,0.7193509787321091,0.07331728935241699,0.00971221923828125
00002_00010_00029_png.rf.526a5527eafd2cdc74e872afe9fb8276.jpg,9,0.49098558723926544,0.9663461744785309,0.7776442468166351,0.06610578298568726,0.004680633544921875
00002_00010_00029_png.rf.526a5527eafd2cdc74e872afe9fb8276.jpg,6,0.5588191449642181,0.9723557829856873,0.5314002633094788,0.05528843402862549,0.0022335052490234375
00002_00010_00029_png.rf.526a5527eafd2cdc74e872afe9fb8276.jpg,0,0.7043269574642181,0.8828125298023224,0.02163463830947876,0.020432651042938232,0.0015192031860351562
00002_00011_00028_png.rf.4b4e80fab739c206b44c9d195a2f08e0.jpg,9,0.5078125074505806,0.49429089203476906,0.7055288404226303,0.7854567691683769,0.94580078125
00002_00011_00028_png.rf.4b4e80fab739c206b44c9d195a2f08e0.jpg,14,0.798677921295166,0.03906249971623765,0.401442289352417,0.07782451865205076,0.001461029052734375
00002_00015_00017_png.rf.81a2cb9a7cc2d150109c3af756943d8e.jpg,9,0.5015024319291115,0.5165264755487442,0.7421875447034836,0.7481971681118011,0.95703125
00002_00015_00017_png.rf.81a2cb9a7cc2d150109c3af756943d8e.jpg,1,0.6015625298023224,0.8990384936332703,0.016826927661895752,0.040865421295166016,0.028656005859375
00002_00015_00017_png.rf.81a2cb9a7cc2d150109c3af756943d8e.jpg,1,0.6018630266189575,0.8906250298023224,0.015625,0.024038493633270264,0.0153656005859375
00002_00016_00002_png.rf.c2bf6b0c65f3f2b845d281aef33328e0.jpg,9,0.5240384712815285,0.5375601202249527,0.5973557680845261,0.6316106021404266,0.94970703125
00002_00017_00020_png.rf.1a27fc5910f7ff6cd9e5ecad10609fe4.jpg,9,0.5156250223517418,0.5126201957464218,0.7067307978868484,0.7271634638309479,0.9404296875
00002_00017_00020_png.rf.1a27fc5910f7ff6cd9e5ecad10609fe4.jpg,10,0.47926683723926544,0.9567307829856873,0.3828124701976776,0.08653843402862549,0.037200927734375
00002_00017_00020_png.rf.1a27fc5910f7ff6cd9e5ecad10609fe4.jpg,7,0.49098560214042664,0.9573317468166351,0.38822120428085327,0.08533650636672974,0.022979736328125
00002_00017_00026_png.rf.0e0c876d62e868e7b8bbea45c2854b90.jpg,9,0.49579328671097755,0.5120192393660545,0.7728365585207939,0.8269230872392654,0.94140625
00002_00028_00013_png.rf.4c1b88702f75ba47a05c979c6a1a24af.jpg,9,0.5306490510702133,0.5150240659713745,0.6382211744785309,0.6322115659713745,0.94970703125
00002_00029_00020_png.rf.92b3fdd9df0a753fcf7dd9e098f54ca5.jpg,9,0.4945913627743721,0.5150240734219551,0.7463942617177963,0.7512019723653793,0.94921875
00002_00032_00021_png.rf.45636f29d1c772fb421d516a9741145a.jpg,9,0.5018029138445854,0.5420673340559006,0.6502404361963272,0.6923077404499054,0.94189453125
00002_00032_00021_png.rf.45636f29d1c772fb421d516a9741145a.jpg,14,0.500901460647583,0.9543269276618958,0.3070913553237915,0.0913461446762085,0.00763702392578125
00002_00057_00023_png.rf.c8c4e00edf84e93fdca59e89ca4480e8.jpg,9,0.51081732660532,0.5204326957464218,0.7788461893796921,0.7764423191547394,0.9462890625
00002_00063_00008_png.rf.42b7f6b82f752ce45b8a4128928bea6b.jpg,9,0.5345553010702133,0.5357572361826897,0.5631009638309479,0.5751202255487442,0.9423828125
00002_00065_00004_png.rf.dd58840a036850f03da5f6bbdd1940d2.jpg,9,0.530048094689846,0.5462740585207939,0.673076942563057,0.7367788702249527,0.94287109375
00002_00065_00004_png.rf.dd58840a036850f03da5f6bbdd1940d2.jpg,11,0.15790264308452606,0.8323317468166351,0.3158052861690521,0.33533650636672974,0.0015735626220703125
00002_00065_00004_png.rf.dd58840a036850f03da5f6bbdd1940d2.jpg,6,0.08022836595773697,0.5862379968166351,0.16045673191547394,0.5582932829856873,0.0015363693237304688
00002_00065_00005_png.rf.f156b51c34d4fe59f4f1981ecab62ed0.jpg,9,0.5153245404362679,0.5270432829856873,0.6604567617177963,0.7103365659713745,0.94921875
00002_00065_00005_png.rf.f156b51c34d4fe59f4f1981ecab62ed0.jpg,1,0.17938703298568726,0.047250603543943726,0.3587740659713745,0.09375000515137799,0.0029582977294921875
00002_00065_00005_png.rf.f156b51c34d4fe59f4f1981ecab62ed0.jpg,11,0.5901442542672157,0.8137019276618958,0.8125000447034836,0.3725961446762085,0.0011472702026367188
00003_00000_00008_png.rf.976bc2ecdc3e69167320fc22712ec43d.jpg,10,0.5205078348517418,0.48948320001363754,0.600811317563057,0.6099760085344315,0.94287109375
00003_00002_00016_png.rf.f31757e4e66bdf3dd7c10888f14ba7c6.jpg,10,0.546875037252903,0.5096153989434242,0.6562500447034836,0.7091346234083176,0.94287109375
00003_00002_00023_png.rf.4d47dbf061aedff7277a91be6a5bbc6b.jpg,10,0.5288461595773697,0.5372596308588982,0.7439903914928436,0.7548077255487442,0.95068359375
00003_00010_00012_png.rf.992b5dc958856171d8218c027b672b12.jpg,10,0.49038462340831757,0.4993990510702133,0.6153846085071564,0.6177884638309479,0.94384765625
00003_00014_00015_png.rf.4a4854b32d96279361db09f8b4d4bbcf.jpg,10,0.5462740585207939,0.5348557978868484,0.6250000149011612,0.6466346681118011,0.94775390625
00003_00019_00004_png.rf.0e5e854d48614cdc5bef09b4b3085a03.jpg,10,0.5087139531970024,0.5075120255351067,0.6147836595773697,0.5835336595773697,0.90234375
00003_00026_00011_png.rf.33d98e9ee599a39d6f2b819682707a5a.jpg,10,0.5288461595773697,0.5408654063940048,0.5721153914928436,0.6045673191547394,0.9443359375
00003_00026_00022_png.rf.f67190b7724f3871c19569e098d5cc02.jpg,10,0.5336538702249527,0.5123197361826897,0.6730769574642181,0.7157452255487442,0.94140625
00003_00027_00025_png.rf.4c1fd45a0b5f0f724237f83b7d47c499.jpg,10,0.5363581776618958,0.5075120367109776,0.7578125,0.7830529138445854,0.9384765625
00003_00034_00015_png.rf.16921ba926f31008a26ba58d2337527f.jpg,10,0.5018028989434242,0.5150240585207939,0.6622596234083176,0.6610577255487442,0.947265625
00003_00034_00015_png.rf.16921ba926f31008a26ba58d2337527f.jpg,0,0.38942308723926544,0.026817910373210907,0.17367789149284363,0.053635820746421814,0.004150390625
00003_00034_00015_png.rf.16921ba926f31008a26ba58d2337527f.jpg,1,0.016667293530190364,0.01759690576727735,0.03299654618604109,0.03489333075413015,0.00269317626953125
00003_00035_00028_png.rf.ee8da916ee92d6dc7e62eedaf09a79e4.jpg,10,0.5015024095773697,0.49579330161213875,0.7830528914928436,0.805288515985012,0.9365234375
00003_00036_00017_png.rf.8ac2d0085877d733785436132fdc938e.jpg,10,0.5180288553237915,0.5042067468166351,0.6850961446762085,0.6598557829856873,0.9404296875
00003_00036_00028_png.rf.b1c4322c721873c9caa6ed9fd25eeb07.jpg,10,0.5048077255487442,0.4951923340559006,0.8028846681118011,0.8173077404499054,0.93701171875
00003_00036_00028_png.rf.b3b837a4ff3803383e94a13fe8fc748b.jpg,10,0.5048077255487442,0.4951923340559006,0.8028846681118011,0.8173077404499054,0.93701171875
00003_00038_00015_png.rf.68af73eb3c3267953582146c619d7c25.jpg,10,0.54206732660532,0.501201942563057,0.6538461893796921,0.6550481021404266,0.9423828125
00003_00038_00015_png.rf.68af73eb3c3267953582146c619d7c25.jpg,10,0.9405048191547394,0.8437500298023224,0.11899036169052124,0.29086536169052124,0.0099334716796875
00003_00038_00015_png.rf.68af73eb3c3267953582146c619d7c25.jpg,11,0.9411057829856873,0.8449519574642181,0.11778843402862549,0.29326921701431274,0.00482940673828125
00003_00038_00015_png.rf.68af73eb3c3267953582146c619d7c25.jpg,11,0.8936298191547394,0.8497596383094788,0.21274036169052124,0.2884615659713745,0.00269317626953125
00003_00038_00026_png.rf.a69d0576816db3c4d315d0dce5b99721.jpg,10,0.5144230872392654,0.5102163590490818,0.8088942468166351,0.8353365585207939,0.9287109375
00003_00038_00026_png.rf.a69d0576816db3c4d315d0dce5b99721.jpg,0,0.6694711744785309,0.9849759936332703,0.014423072338104248,0.02283656597137451,0.0014781951904296875
00003_00040_00029_png.rf.7d37fc566ece4627cb04b2b8d32dc473.jpg,10,0.5150240510702133,0.5180288553237915,0.6802884638309479,0.671875,0.9365234375
00003_00042_00029_png.rf.d0d6dd339d2be42128efbae34d3f541a.jpg,10,0.5036057829856873,0.5042067542672157,0.7572115659713745,0.7475961893796921,0.939453125
00003_00044_00003_png.rf.2b73723d27b25434c3de6ca04adbe574.jpg,10,0.5471754819154739,0.528545692563057,0.5018028914928436,0.48016831278800964,0.943359375
00003_00044_00011_png.rf.9f723b9e228efc8339bf51faa590a58e.jpg,10,0.5486027896404266,0.5393630117177963,0.5734675526618958,0.5679086744785309,0.94140625
00003_00044_00013_png.rf.24a211df9596dccf36b448483be5f663.jpg,10,0.538762055337429,0.5132211595773697,0.6099760085344315,0.6189903914928436,0.94970703125
00003_00044_00020_png.rf.dc91d31ec81c700753fe335f3fc42cf8.jpg,10,0.5315505042672157,0.5192307978868484,0.7085336893796921,0.7043269574642181,0.94677734375
00003_00044_00020_png.rf.dc91d31ec81c700753fe335f3fc42cf8.jpg,1,0.6935096383094788,0.03213266283273697,0.04326927661895752,0.06426532566547394,0.0020275115966796875
00003_00045_00010_png.rf.1eb0ead62274ff3e76b12140d0f4399b.jpg,10,0.5330529063940048,0.5378605872392654,0.5961538851261139,0.5985576808452606,0.94091796875
00003_00045_00019_png.rf.3120c19400c889f8dfd507e2f6f16995.jpg,10,0.5150240510702133,0.520432710647583,0.7319711744785309,0.728365421295166,0.94677734375
00003_00046_00010_png.rf.891f75f30b9f3db0a566b63a5d08287f.jpg,10,0.5213341414928436,0.5048076957464218,0.6183894276618958,0.6177884638309479,0.9453125
000041_jpg.rf.89c814e3db33e70112e3447d54bb42c6.jpg,7,0.5390625149011612,0.3075420670211315,0.2704326808452606,0.47085336595773697,0.9453125
000041_jpg.rf.89c814e3db33e70112e3447d54bb42c6.jpg,0,0.17713341861963272,0.03882775129750371,0.06400240957736969,0.04914738889783621,0.004791259765625
000041_jpg.rf.89c814e3db33e70112e3447d54bb42c6.jpg,1,0.950120210647583,0.7770432829856873,0.09975957870483398,0.4459134340286255,0.004486083984375
000041_jpg.rf.89c814e3db33e70112e3447d54bb42c6.jpg,1,0.7668269574642181,0.7427884638309479,0.28966349363327026,0.5144230723381042,0.0015306472778320312
000041_jpg.rf.89c814e3db33e70112e3447d54bb42c6.jpg,0,0.9561298191547394,0.8100961744785309,0.08774036169052124,0.37980765104293823,0.0010204315185546875
00004_00002_00014_png.rf.66ae4730024327a8ff79210c980a4667.jpg,11,0.5144230872392654,0.5150240585207939,0.6995192468166351,0.7031250149011612,0.9560546875
00004_00003_00014_png.rf.fbd79a43c27ae3464c7be84d785ed5e2.jpg,11,0.5489783883094788,0.5171274244785309,0.637620210647583,0.6099759936332703,0.93408203125
00004_00004_00006_png.rf.779cd44893dd231e6e05b680dc9bef9a.jpg,11,0.5006009638309479,0.49909857660532,0.6730769276618958,0.6905048340559006,0.94677734375
00004_00004_00006_png.rf.779cd44893dd231e6e05b680dc9bef9a.jpg,1,0.6394231021404266,0.8725961744785309,0.019230782985687256,0.07692307233810425,0.0079345703125
00004_00004_00006_png.rf.779cd44893dd231e6e05b680dc9bef9a.jpg,1,0.6322115361690521,0.8774038851261139,0.016826927661895752,0.08653849363327026,0.003482818603515625
00004_00004_00009_png.rf.fc4e5787fbeb0511656710884dc88284.jpg,11,0.5336538627743721,0.5111178010702133,0.6838942617177963,0.7085336744785309,0.9560546875
00004_00006_00002_png.rf.e126eb56f28cf1c98809239babe89334.jpg,11,0.5207332074642181,0.5372596383094788,0.5655048489570618,0.5649038553237915,0.95361328125
00004_00006_00002_png.rf.e126eb56f28cf1c98809239babe89334.jpg,11,0.5120943635702133,0.942307710647583,0.5479266941547394,0.11538457870483398,0.0129241943359375
00004_00006_00002_png.rf.e126eb56f28cf1c98809239babe89334.jpg,14,0.5279447436332703,0.9411057829856873,0.533052921295166,0.11778843402862549,0.01233673095703125
00004_00006_00002_png.rf.e126eb56f28cf1c98809239babe89334.jpg,6,0.5258413553237915,0.9411057829856873,0.542067289352417,0.11778843402862549,0.00279998779296875
00004_00006_00002_png.rf.e126eb56f28cf1c98809239babe89334.jpg,10,0.887620210647583,0.076171875,0.22475957870483398,0.15234375,0.002368927001953125
00004_00006_00002_png.rf.e126eb56f28cf1c98809239babe89334.jpg,6,0.8762019276618958,0.07549579441547394,0.2475961446762085,0.15099158883094788,0.00183868408203125
00004_00006_00002_png.rf.e126eb56f28cf1c98809239babe89334.jpg,10,0.53034857660532,0.9435096383094788,0.5811298340559006,0.11298072338104248,0.0015010833740234375
00004_00006_00002_png.rf.e126eb56f28cf1c98809239babe89334.jpg,9,0.5069110840559006,0.9459134638309479,0.5859375298023224,0.10817307233810425,0.0012845993041992188
00004_00009_00021_png.rf.0f8628e061118cfeaad9228b32489e7c.jpg,11,0.49188704788684845,0.5408653989434242,0.6700721681118011,0.6622596234083176,0.9423828125
00004_00010_00020_png.rf.8985cbdd62ef877bd3b91429c517b515.jpg,11,0.5282452180981636,0.5093149095773697,0.7019231170415878,0.6893028914928436,0.953125
00004_00022_00020_png.rf.56c34e7fb6ec15747810e3706fb11e4a.jpg,11,0.5204327031970024,0.5120192393660545,0.6069711595773697,0.6189903765916824,0.9443359375
00004_00030_00003_png.rf.31ed58359e92300b61de2440b5f38d1a.jpg,11,0.540264442563057,0.5401893258094788,0.5588942468166351,0.535006046295166,0.9443359375
00004_00030_00010_png.rf.c35b9a70b784be1bcd6b28d9ac1e12f5.jpg,11,0.5372596457600594,0.4988732263445854,0.5925481170415878,0.5887921005487442,0.9375
00004_00032_00009_png.rf.ea892d563594cad9d6d9ae8e8c9e9780.jpg,11,0.5204327255487442,0.49879808723926544,0.6153846681118011,0.5853365361690521,0.93994140625
00004_00035_00005_png.rf.b222e7d3ff032a58afdfb10ad73d6911.jpg,11,0.5249399170279503,0.5165264680981636,0.5510817319154739,0.5510817617177963,0.93798828125
00004_00036_00014_png.rf.de499ca97d9e6307ab9f8e859dd43336.jpg,11,0.5198317542672157,0.5195312723517418,0.6826923340559006,0.696514442563057,0.953125
00004_00036_00014_png.rf.de499ca97d9e6307ab9f8e859dd43336.jpg,1,0.9873798191547394,0.2372295819222927,0.02524036169052124,0.22626204043626785,0.004100799560546875
00004_00036_00014_png.rf.de499ca97d9e6307ab9f8e859dd43336.jpg,1,0.9879807829856873,0.18028847500681877,0.02403843402862549,0.22295675426721573,0.003795623779296875
00004_00036_00014_png.rf.de499ca97d9e6307ab9f8e859dd43336.jpg,14,0.9879807829856873,0.2055288478732109,0.02403843402862549,0.19170673191547394,0.0013666152954101562
00004_00036_00029_png.rf.f55502d5bebf262101364b930e187143.jpg,11,0.5054086819291115,0.5060096383094788,0.8281250447034836,0.822115421295166,0.94482421875
00004_00037_00007_png.rf.223e842f5027e61ac59e32979ca930d6.jpg,11,0.5294471383094788,0.5120192393660545,0.572115421295166,0.5564903765916824,0.94921875
00004_00038_00011_png.rf.e8a8cb47ee1d09d447e63dd630056862.jpg,11,0.5063101276755333,0.49286360293626785,0.5474760085344315,0.5515324920415878,0.94580078125
00004_00038_00016_png.rf.91ed21fee2978def3dd315ee735fc1c0.jpg,11,0.5271184146404266,0.4897836744785309,0.5948017239570618,0.6358173489570618,0.93212890625
00004_00038_00016_png.rf.91ed21fee2978def3dd315ee735fc1c0.jpg,0,0.5372596383094788,0.1464843787252903,0.02764427661895752,0.051983170211315155,0.0010986328125
00004_00038_00023_png.rf.d7f850098ec568f71506f85f920d6eb3.jpg,11,0.4936899170279503,0.5204327255487442,0.6832932978868484,0.7091346681118011,0.9375
00004_00039_00028_png.rf.b088fe4f42e92367b13ca2fe401844ac.jpg,11,0.5186298303306103,0.49429089203476906,0.796875037252903,0.7878606244921684,0.94873046875
00004_00044_00016_png.rf.21f8e05be871f651648f89b58c3f20c7.jpg,11,0.5309495478868484,0.512920692563057,0.6832933127880096,0.6808894574642181,0.953125
00004_00046_00013_png.rf.6c04ac5c1dc478a3d929f9f1446d90b0.jpg,11,0.5138221234083176,0.5111177936196327,0.6646634638309479,0.6364182680845261,0.953125
00004_00049_00008_png.rf.92e7b20cb3ae99c683fc6a1a09ce836b.jpg,11,0.539963960647583,0.5107421949505806,0.564302921295166,0.5566406100988388,0.94091796875
00004_00050_00020_png.rf.5b1bab0bf6b9284c2c1cffcbe35b12ed.jpg,11,0.49879809468984604,0.5273437649011612,0.6237980872392654,0.6292067468166351,0.943359375
00004_00052_00006_png.rf.17e668414f18071d605e3327513528de.jpg,11,0.5511568784713745,0.5450721383094788,0.551532506942749,0.515625,0.93115234375
00004_00052_00016_png.rf.bfe7cf72a069a7a4347a21a300041156.jpg,11,0.5378605872392654,0.503680907189846,0.6141826808452606,0.6032151728868484,0.939453125
00004_00059_00010_png.rf.501920c3ea0f3537120f7b2835fcdc82.jpg,11,0.5048077031970024,0.5111178085207939,0.6250000149011612,0.6352163702249527,0.93701171875
00004_00060_00021_png.rf.eb99d667b724b14132452c88d3674738.jpg,11,0.5210336595773697,0.5276442617177963,0.6971153914928436,0.7079327404499054,0.94482421875
00005_00000_00019_png.rf.fb70e266857ce9ceea9b772edb452ab4.jpg,12,0.5300480872392654,0.5309495329856873,0.6790865361690521,0.6868990659713745,0.94775390625
00005_00000_00019_png.rf.fb70e266857ce9ceea9b772edb452ab4.jpg,13,0.7247596383094788,0.6706731021404266,0.009615421295166016,0.01802879571914673,0.0028667449951171875
00005_00000_00019_png.rf.fb70e266857ce9ceea9b772edb452ab4.jpg,11,0.07932692766189575,0.15940505954495165,0.1586538553237915,0.3182091575290542,0.0022869110107421875
00005_00001_00016_png.rf.da02434245fde3214475aa75e6d4e2b6.jpg,12,0.5149489268660545,0.5606971383094788,0.5662560015916824,0.6165865659713745,0.94189453125
00005_00003_00012_png.rf.77d9df57d17122641644da65c80d2f0e.jpg,12,0.5336538627743721,0.5483774170279503,0.6346154063940048,0.6604567319154739,0.9248046875
00005_00004_00005_png.rf.53f4cde1da9ac0094d8c0d9fd968beb1.jpg,12,0.5510817617177963,0.5390625223517418,0.6250000298023224,0.6129807978868484,0.91748046875
00005_00012_00025_png.rf.f8b1c97fbb9d575b38ad20cb4fc6e3b3.jpg,12,0.5126202069222927,0.5096154101192951,0.7836538627743721,0.7860577329993248,0.943359375
00005_00014_00005_png.rf.0e24dd3583d580dadb9d69e73a08e78c.jpg,12,0.4886568635702133,0.5059345066547394,0.5767728388309479,0.6023136973381042,0.95458984375
00005_00014_00005_png.rf.0e24dd3583d580dadb9d69e73a08e78c.jpg,5,0.5195312798023224,0.9350961744785309,0.5474759936332703,0.12980765104293823,0.048858642578125
00005_00014_00017_png.rf.ed92831e745be7167ec08c3f6d416b7d.jpg,12,0.5153245329856873,0.49038463830947876,0.6664663553237915,0.7103365659713745,0.9384765625
00005_00014_00017_png.rf.ed92831e745be7167ec08c3f6d416b7d.jpg,5,0.5576923191547394,0.9411057829856873,0.6129807829856873,0.11778843402862549,0.005687713623046875
00005_00014_00017_png.rf.ed92831e745be7167ec08c3f6d416b7d.jpg,0,0.5513822436332703,0.9411057829856873,0.615985631942749,0.11778843402862549,0.0038700103759765625
00005_00016_00001_png.rf.fabe47d765e1b050e861dbb93b32167e.jpg,12,0.5402644574642181,0.5421424359083176,0.5709134936332703,0.5743689835071564,0.94873046875
00005_00016_00001_png.rf.fabe47d765e1b050e861dbb93b32167e.jpg,11,0.46364185959100723,0.05622746594963246,0.5078125447034836,0.11230469150905265,0.001926422119140625
00005_00044_00001_png.rf.b18c5a51d57be6cfa719c741ecba5d63.jpg,12,0.5240384712815285,0.516526460647583,0.5817307680845261,0.637620210647583,0.951171875
00005_00056_00008_png.rf.ce009bd4c68dbecc1d8f76f80550034d.jpg,12,0.5246394500136375,0.5333533883094788,0.6177885085344315,0.637620210647583,0.9521484375
00005_00056_00012_png.rf.1125a7436050023f0b75206acb088f2a.jpg,12,0.4984976053237915,0.5255408883094788,0.621995210647583,0.621995210647583,0.95361328125
000069_jpg.rf.24da8297fff40a7760a8751ac763b821.jpg,7,0.4375000149011612,0.45425181090831757,0.3329326808452606,0.5001502335071564,0.94921875
000069_jpg.rf.24da8297fff40a7760a8751ac763b821.jpg,9,0.6580528914928436,0.7265625,0.034855782985687256,0.078125,0.0045928955078125
000069_jpg.rf.24da8297fff40a7760a8751ac763b821.jpg,5,0.8912259638309479,0.8028846383094788,0.21754807233810425,0.3245192766189575,0.00183868408203125
000076_jpg.rf.0066537c077a3d460d354c5de1fef980.jpg,7,0.6027644276618958,0.43629808723926544,0.15625,0.2031249701976776,0.94482421875
000079_jpg.rf.4f001472f7893131e04b4bc151a1bbe6.jpg,7,0.48167069256305695,0.42367789149284363,0.45733174681663513,0.6262019276618958,0.951171875
000079_jpg.rf.4f001472f7893131e04b4bc151a1bbe6.jpg,8,0.8653846383094788,0.6688702404499054,0.254807710647583,0.28245192766189575,0.0010404586791992188
00007_00002_00021_png.rf.3e8282102bcbc3465886670d060ce78f.jpg,3,0.512019257992506,0.5246394351124763,0.7836538925766945,0.7884615510702133,0.951171875
00007_00016_00010_png.rf.06129e0dcd04b8601e57009dce36f893.jpg,3,0.52644232660532,0.5102163702249527,0.6538461893796921,0.6550481021404266,0.9482421875
00007_00024_00027_png.rf.566faa37c8dd33d7cd4145572d744276.jpg,3,0.5078125223517418,0.5156250223517418,0.7536057978868484,0.735576942563057,0.96044921875
00007_00027_00020_png.rf.1c1be801a97cd5152cb9bcceaf08f5cd.jpg,3,0.5120192617177963,0.51081732660532,0.7259615957736969,0.7163461893796921,0.94580078125
00007_00028_00022_png.rf.6c2e0f03a47cf5fa2fabb3ecec47124a.jpg,3,0.5396634787321091,0.5318509787321091,0.7163461744785309,0.7656250298023224,0.94482421875
00007_00029_00014_png.rf.cc543e257165aa17476435f594aa76d1.jpg,3,0.5312500074505806,0.5108173415064812,0.6634615510702133,0.6658654361963272,0.94873046875
00007_00033_00014_png.rf.73a43aaa12af693eff052e2fb710db31.jpg,3,0.5631009936332703,0.5171274244785309,0.623798131942749,0.6568509936332703,0.9375
00007_00040_00020_png.rf.845babcc2b4638d89980330cf6c5bcb2.jpg,3,0.5213341414928436,0.5081130042672157,0.6472355723381042,0.6484375447034836,0.94970703125
00007_00040_00027_png.rf.8479c71333ccd871fbed5311de8ceaf8.jpg,3,0.5300481021404266,0.5132211744785309,0.6802884936332703,0.6826923489570618,0.9501953125
00007_00041_00000_png.rf.45f1f53954863a0d12d1cd00c092939b.jpg,3,0.5540865510702133,0.5373347625136375,0.5504807531833649,0.5767728835344315,0.9267578125
00007_00041_00002_png.rf.02df629489fd7c902fdbd6c1dd2f78ae.jpg,3,0.5451472401618958,0.522235594689846,0.552734375,0.5661057978868484,0.89306640625
00007_00042_00000_png.rf.b6fa9ef6ce63f92b01992d4ea8d63f5a.jpg,3,0.5035306662321091,0.5285456776618958,0.5878906548023224,0.5703125,0.82861328125
00007_00042_00000_png.rf.b6fa9ef6ce63f92b01992d4ea8d63f5a.jpg,9,0.5036808922886848,0.5283203348517418,0.5887920707464218,0.569561317563057,0.1475830078125
00007_00042_00000_png.rf.b6fa9ef6ce63f92b01992d4ea8d63f5a.jpg,1,0.6021634787321091,0.05829326980529004,0.6826923191547394,0.1164362992203678,0.0014104843139648438
00007_00042_00000_png.rf.b6fa9ef6ce63f92b01992d4ea8d63f5a.jpg,1,0.21454328185063787,0.22475962340831757,0.42788464057957754,0.44951924681663513,0.0013990402221679688
00007_00043_00010_png.rf.b292148f880510d6254fec1a3d3bed44.jpg,3,0.5095402896404266,0.5189303159713745,0.6143329739570618,0.6135817766189575,0.94970703125
000080_jpg.rf.254656b428b79e343e536f6ee51a24fc.jpg,7,0.7385817766189575,0.37469952553510666,0.3617788553237915,0.4921875149011612,0.94970703125
000086_jpg.rf.b654137b1cae075367f483dd2b5bac85.jpg,7,0.31941107660532,0.4876803159713745,0.4507211893796921,0.611177921295166,0.94677734375
00008_00003_00002_png.rf.70816dfa48b29ed84d1abcb9bb09bf70.jpg,5,0.5726412534713745,0.5423678010702133,0.5374099016189575,0.5342548191547394,0.95166015625
00008_00003_00002_png.rf.70816dfa48b29ed84d1abcb9bb09bf70.jpg,5,0.5826322287321091,0.926682710647583,0.5342548191547394,0.14663457870483398,0.089111328125
00008_00003_00002_png.rf.70816dfa48b29ed84d1abcb9bb09bf70.jpg,5,0.43990385305369273,0.6033653914928436,0.877403859863989,0.7932692170143127,0.0013151168823242188
00008_00004_00016_png.rf.3ba26e964ab9827715594ec40609937e.jpg,5,0.5204327180981636,0.5234375223517418,0.6706731170415878,0.7271635085344315,0.94189453125
00008_00005_00014_png.rf.31eccab502c0a10e9e32f0718618105e.jpg,5,0.5234375298023224,0.5072115734219551,0.6826923489570618,0.6730769723653793,0.94873046875
00008_00005_00014_png.rf.31eccab502c0a10e9e32f0718618105e.jpg,10,0.4813702031970024,0.9495192468166351,0.7031250149011612,0.10096150636672974,0.0016231536865234375
00008_00006_00026_png.rf.cb433297defc6e2a91fd89685c39f39f.jpg,5,0.5198317542672157,0.5411658883094788,0.6983173340559006,0.720552921295166,0.94482421875
00008_00007_00009_png.rf.8289199643586993b107ff888e950eab.jpg,5,0.592022255063057,0.5195312723517418,0.5935997664928436,0.5895432978868484,0.9462890625
00008_00007_00009_png.rf.8289199643586993b107ff888e950eab.jpg,5,0.6219952255487442,0.9338942468166351,0.5612981021404266,0.13221150636672974,0.201171875
00008_00007_00010_png.rf.d2dc382f864442f6d8551cc9f41e0bc7.jpg,5,0.5649789720773697,0.5195312574505806,0.5935997664928436,0.5931490510702133,0.94873046875
00008_00007_00010_png.rf.d2dc382f864442f6d8551cc9f41e0bc7.jpg,5,0.5865384936332703,0.9411057829856873,0.5745192766189575,0.11778843402862549,0.0869140625
00008_00007_00010_png.rf.d2dc382f864442f6d8551cc9f41e0bc7.jpg,5,0.4531250275322236,0.6215444728732109,0.9038462088210508,0.7569110542535782,0.0012254714965820312
00008_00009_00012_png.rf.fa47f1ade7b6ffafc8c23e106e4ec0a9.jpg,5,0.5187049582600594,0.5171274170279503,0.5875902026891708,0.602764442563057,0.9443359375
00008_00009_00012_png.rf.fa47f1ade7b6ffafc8c23e106e4ec0a9.jpg,5,0.536057710647583,0.9284856021404266,0.540865421295166,0.14302879571914673,0.0755615234375
00008_00011_00006_png.rf.416887ff8fd6e24fc585ce1838c632a4.jpg,5,0.5057091563940048,0.5384615659713745,0.5546875298023224,0.5697115659713745,0.94482421875
00008_00011_00006_png.rf.416887ff8fd6e24fc585ce1838c632a4.jpg,5,0.5155499130487442,0.934495210647583,0.5241887271404266,0.13100957870483398,0.06304931640625
00008_00011_00006_png.rf.416887ff8fd6e24fc585ce1838c632a4.jpg,3,0.5117187798023224,0.9338942468166351,0.5138221383094788,0.13221150636672974,0.034759521484375
00008_00012_00022_png.rf.a76810c64a1c1a3def5cc808bb562890.jpg,5,0.5210336670279503,0.5114182978868484,0.7331730872392654,0.7379808127880096,0.94677734375
00008_00014_00012_png.rf.a62ba5f792b061df92e0177a04931c7b.jpg,5,0.5054086744785309,0.5276442542672157,0.6670673489570618,0.6250000447034836,0.94873046875
00008_00019_00004_png.rf.b716b893116e783e1bd33e79d972b5ae.jpg,5,0.5337289944291115,0.5443960502743721,0.5839844197034836,0.5951021760702133,0.9462890625
00008_00020_00007_png.rf.956ee64b06ed8ea4354a07ebb0c979a1.jpg,5,0.5375601053237915,0.5327524170279503,0.5618990659713745,0.5823317319154739,0.9501953125
00008_00020_00007_png.rf.956ee64b06ed8ea4354a07ebb0c979a1.jpg,1,0.47475962340831757,0.03502479081362253,0.30048075318336487,0.06982422103465069,0.0010814666748046875
00008_00020_00015_png.rf.1815b3c75c86dd9d26141470c0c8542b.jpg,5,0.5219351053237915,0.5210336893796921,0.5234375,0.5492788851261139,0.94677734375
00008_00034_00008_png.rf.811d6bdaab24c4e03281dd023835def5.jpg,5,0.5337289944291115,0.5003004819154739,0.5948017090559006,0.5775240361690521,0.9521484375
00008_00034_00008_png.rf.811d6bdaab24c4e03281dd023835def5.jpg,12,0.5383864492177963,0.9176682829856873,0.5926983654499054,0.1646634340286255,0.4755859375
00008_00043_00018_png.rf.cb403d912587a88325e095df6ab3f1df.jpg,5,0.5330529138445854,0.5498798415064812,0.6454327255487442,0.6971154361963272,0.94287109375
00008_00043_00018_png.rf.cb403d912587a88325e095df6ab3f1df.jpg,14,0.019869292013027007,0.8801081776618958,0.03958834363584174,0.2397836446762085,0.0010862350463867188
00008_00045_00006_png.rf.04585cc625839dc38c94a4357ec9d19c.jpg,5,0.5275691375136375,0.5123197361826897,0.6119291335344315,0.6400240808725357,0.95361328125
00008_00045_00006_png.rf.04585cc625839dc38c94a4357ec9d19c.jpg,0,0.5252404138445854,0.9519231021404266,0.5564904361963272,0.09615379571914673,0.00919342041015625
00008_00045_00006_png.rf.04585cc625839dc38c94a4357ec9d19c.jpg,5,0.5203575864434242,0.9519231021404266,0.5602463930845261,0.09615379571914673,0.00279998779296875
00008_00046_00015_png.rf.fca28beca2d7c7a733ca865755be6dbc.jpg,5,0.5312500074505806,0.512620210647583,0.6610576957464218,0.6634615659713745,0.953125
000091_jpg.rf.9762d3529d876b77e9d99aa8027e449c.jpg,7,0.4735577180981636,0.49639423564076424,0.5480769723653793,0.7776442393660545,0.955078125
000091_jpg.rf.9762d3529d876b77e9d99aa8027e449c.jpg,5,0.3641826957464218,0.44110578298568726,0.07331731915473938,0.0625,0.00867462158203125
000099_jpg.rf.cc64c31e94947e188ec07796f1f590a2.jpg,7,0.6550481021404266,0.4026442584581673,0.44591349363327026,0.7860577469691634,0.95263671875
000099_jpg.rf.cc64c31e94947e188ec07796f1f590a2.jpg,0,0.0049532378961885115,0.15196815133094788,0.00985013564422843,0.06896033883094788,0.08599853515625
000099_jpg.rf.cc64c31e94947e188ec07796f1f590a2.jpg,0,0.006760817675967701,0.16642878949642181,0.012977013917407021,0.061974167823791504,0.0125274658203125
000100_jpg.rf.8948ed8c132dae637b8dde18d0c5be7b.jpg,9,0.7223558127880096,0.22521034628152847,0.16826921701431274,0.21304087340831757,0.94677734375
000117_jpg.rf.c63f6b715b912a6e219500db2c4dd6fc.jpg,9,0.39332934468984604,0.4483173340559006,0.29266829788684845,0.2031250298023224,0.96875
000121_jpg.rf.c26ea4c0be18ece889414f12976c49f2.jpg,9,0.5021033734083176,0.2504507303237915,0.24338939785957336,0.35126203298568726,0.923828125
000121_jpg.rf.c26ea4c0be18ece889414f12976c49f2.jpg,5,0.27974760765209794,0.8353365659713745,0.5540865613147616,0.322115421295166,0.0023975372314453125
000129_jpg.rf.549b104a7fd5f8171f046d77ca7ddae7.jpg,9,0.6472356021404266,0.5345553010702133,0.5420673489570618,0.5679086744785309,0.939453125
000130_jpg.rf.21da097324e3450bb8ab634399961e84.jpg,9,0.4906851202249527,0.36778847873210907,0.24939903616905212,0.15985575318336487,0.955078125
000130_jpg.rf.21da097324e3450bb8ab634399961e84.jpg,0,0.7944711744785309,0.6478365659713745,0.02163463830947876,0.010817289352416992,0.00345611572265625
000130_jpg.rf.21da097324e3450bb8ab634399961e84.jpg,0,0.3756009638309479,0.12229568138718605,0.015625,0.014122597873210907,0.0026111602783203125
000130_jpg.rf.21da097324e3450bb8ab634399961e84.jpg,10,0.15985576808452606,0.3164062637661118,0.3197115361690521,0.6316106044105254,0.0013990402221679688
000130_jpg.rf.21da097324e3450bb8ab634399961e84.jpg,0,0.3554687649011612,0.7812500298023224,0.022235602140426636,0.012019217014312744,0.0013246536254882812
000132_jpg.rf.6da2ad3a8754fb97cfa5a54b1fa794dd.jpg,9,0.35817309468984604,0.30108173936605453,0.2241586595773697,0.19951923191547394,0.9541015625
000132_jpg.rf.6da2ad3a8754fb97cfa5a54b1fa794dd.jpg,0,0.9945913553237915,0.5925481021404266,0.010817289352416992,0.10697120428085327,0.0032482147216796875
000132_jpg.rf.6da2ad3a8754fb97cfa5a54b1fa794dd.jpg,0,0.9555288553237915,0.13927283883094788,0.08894228935241699,0.06911057233810425,0.0014781951904296875
000132_jpg.rf.6da2ad3a8754fb97cfa5a54b1fa794dd.jpg,0,0.12965746223926544,0.006019005515554454,0.2593149244785309,0.011756310312193818,0.0012063980102539062
000145_jpg.rf.e37be0ff8c6d10e897956e8599346f71.jpg,9,0.49879809468984604,0.3804837837815285,0.8161057978868484,0.5274939984083176,0.94287109375
000147_jpg.rf.bca55a14814a6d3a2554145932eb5490.jpg,9,0.5174279063940048,0.15685097128152847,0.3750000298023224,0.16346155107021332,0.93603515625
00014_00001_00006_png.rf.98b02c00237d76518ece14a1bdc194e9.jpg,14,0.5180288776755333,0.5189302936196327,0.651442363858223,0.6520432680845261,0.94970703125
00014_00001_00009_png.rf.e13fd9f6dce4c523d54929047f528a21.jpg,14,0.5228365659713745,0.5258413553237915,0.6838942766189575,0.7007211446762085,0.9501953125
00014_00001_00009_png.rf.e13fd9f6dce4c523d54929047f528a21.jpg,0,0.09780649727326818,0.03902494133944856,0.19441107142483816,0.07774940189847257,0.0094146728515625
00014_00001_00009_png.rf.e13fd9f6dce4c523d54929047f528a21.jpg,7,0.10081130266189575,0.04375751431507524,0.2016226053237915,0.08676382669364102,0.0023136138916015625
00014_00001_00011_png.rf.3484d601f5012f5329eece492b0e69fa.jpg,14,0.5276442393660545,0.5288461744785309,0.6971153765916824,0.7427884936332703,0.953125
00014_00001_00019_png.rf.b23da2fc3bd75fcd44441c5f1e724952.jpg,14,0.5123197212815285,0.5147235654294491,0.7950721234083176,0.8191105797886848,0.958984375
00014_00001_00019_png.rf.b23da2fc3bd75fcd44441c5f1e724952.jpg,1,0.9687500596046448,0.009192834251734894,0.060096144676208496,0.018254208160215057,0.00937652587890625
00014_00001_00019_png.rf.b23da2fc3bd75fcd44441c5f1e724952.jpg,1,0.9194712042808533,0.2584134712815285,0.03125,0.09314905107021332,0.0012645721435546875
00014_00002_00029_png.rf.39fe8d27d845bd7b01172c8fe6e4f766.jpg,14,0.5078125335276127,0.51081732660532,0.7968750521540642,0.8100961893796921,0.953125
00014_00003_00001_png.rf.54c82cd619fe6dfe68ff0e9d0de201bd.jpg,14,0.5372596383094788,0.5198317393660545,0.6947115659713745,0.7175480872392654,0.9521484375
00014_00003_00001_png.rf.54c82cd619fe6dfe68ff0e9d0de201bd.jpg,1,0.2860576994717121,0.08368390053510666,0.4272836670279503,0.16736780107021332,0.0020351409912109375
00014_00003_00001_png.rf.54c82cd619fe6dfe68ff0e9d0de201bd.jpg,1,0.10576923564076424,0.013408955186605453,0.036358170211315155,0.026817910373210907,0.0012998580932617188
00014_00003_00001_png.rf.54c82cd619fe6dfe68ff0e9d0de201bd.jpg,1,0.08531776070594788,0.013221153989434242,0.020770728588104248,0.026442307978868484,0.0011510848999023438
00014_00003_00001_png.rf.54c82cd619fe6dfe68ff0e9d0de201bd.jpg,1,0.8437500298023224,0.022235577926039696,0.04086536169052124,0.04447115585207939,0.0011243820190429688
00014_00003_00001_png.rf.54c82cd619fe6dfe68ff0e9d0de201bd.jpg,1,0.1093750037252903,0.017803486436605453,0.04867788404226303,0.03560697287321091,0.0010652542114257812
00014_00003_00007_png.rf.4a4b5bfabfe079ec34b2bf1142a0461b.jpg,14,0.5189303085207939,0.4945913627743721,0.7421875149011612,0.7776442617177963,0.96337890625
00014_00003_00007_png.rf.4a4b5bfabfe079ec34b2bf1142a0461b.jpg,12,0.9633413851261139,0.6045673340559006,0.07211536169052124,0.21634617447853088,0.0010652542114257812
00014_00003_00009_png.rf.1e49e9f368c48bc8051b5d9f131171c3.jpg,14,0.5312500298023224,0.5144231095910072,0.7451923489570618,0.7836539000272751,0.95361328125
00014_00004_00010_png.rf.d35020e5fb797eed8b025b0dca4fe434.jpg,14,0.5114182978868484,0.5375601276755333,0.7512019574642181,0.73257215321064,0.95263671875
00014_00004_00010_png.rf.d35020e5fb797eed8b025b0dca4fe434.jpg,1,0.43028847873210907,0.12319711968302727,0.03725960850715637,0.04056490212678909,0.0029926300048828125
00014_00004_00010_png.rf.d35020e5fb797eed8b025b0dca4fe434.jpg,1,0.434495210647583,0.0593449545049225,0.058894217014312744,0.11838942822942045,0.0028228759765625
00014_00004_00010_png.rf.d35020e5fb797eed8b025b0dca4fe434.jpg,1,0.42217549681663513,0.1088491640985012,0.07151442766189575,0.03260216861963272,0.0014781951904296875
00014_00004_00010_png.rf.d35020e5fb797eed8b025b0dca4fe434.jpg,1,0.43930289149284363,0.10637019574642181,0.033653855323791504,0.030949518084526062,0.0011882781982421875
00014_00004_00010_png.rf.d35020e5fb797eed8b025b0dca4fe434.jpg,1,0.41225963830947876,0.12462440505623817,0.0961538553237915,0.04582332819700241,0.0011119842529296875
00014_00004_00020_png.rf.e3b35f3ca153fde99af4db4a67d2a564.jpg,14,0.5138221420347691,0.516826931387186,0.8112981244921684,0.8173077031970024,0.951171875
00014_00004_00020_png.rf.e3b35f3ca153fde99af4db4a67d2a564.jpg,1,0.5652043223381042,0.43870194256305695,0.0078125,0.038461536169052124,0.203125
00014_00004_00020_png.rf.e3b35f3ca153fde99af4db4a67d2a564.jpg,1,0.5853365659713745,0.4393029063940048,0.008413434028625488,0.04086539149284363,0.05126953125
00014_00004_00020_png.rf.e3b35f3ca153fde99af4db4a67d2a564.jpg,1,0.5546875298023224,0.43810097873210907,0.01382213830947876,0.03485575318336487,0.0232391357421875
00014_00004_00020_png.rf.e3b35f3ca153fde99af4db4a67d2a564.jpg,0,0.8371394574642181,0.2007211595773697,0.03245192766189575,0.055288463830947876,0.014556884765625
00014_00004_00020_png.rf.e3b35f3ca153fde99af4db4a67d2a564.jpg,1,0.5979567766189575,0.43930289149284363,0.015625,0.04026442766189575,0.0012445449829101562
00014_00004_00020_png.rf.e3b35f3ca153fde99af4db4a67d2a564.jpg,0,0.022554838888027007,0.012498122436227277,0.04495943738584174,0.024282603000756353,0.0011510848999023438
00014_00005_00004_png.rf.a5fc79eb6e949f3b096df8ccc70d188f.jpg,14,0.5219351053237915,0.5291466489434242,0.7734375,0.7950721234083176,0.95654296875
00014_00005_00004_png.rf.a5fc79eb6e949f3b096df8ccc70d188f.jpg,10,0.28786059468984604,0.44951924681663513,0.1093750149011612,0.12620192766189575,0.002704620361328125
00014_00005_00025_png.rf.297d8a9543fcea575965086bb06f4890.jpg,14,0.5120192542672157,0.524639431387186,0.8100961893796921,0.8329327031970024,0.95263671875
00014_00005_00025_png.rf.297d8a9543fcea575965086bb06f4890.jpg,12,0.06929837859934196,0.9176683127880096,0.13604267046321183,0.16346150636672974,0.004055023193359375
00014_00005_00025_png.rf.297d8a9543fcea575965086bb06f4890.jpg,10,0.06899790011812001,0.9194711744785309,0.13514123274944723,0.16105765104293823,0.0016107559204101562
00014_00005_00025_png.rf.297d8a9543fcea575965086bb06f4890.jpg,0,0.06854717433452606,0.9074519276618958,0.13709434866905212,0.1850961446762085,0.0010366439819335938
00014_00006_00015_png.rf.5cb649de18ff690e33a86445aca080dd.jpg,14,0.5261418595910072,0.5312500223517418,0.7289664000272751,0.7379807978868484,0.9560546875
00014_00007_00002_png.rf.280a89db2cae24714734ae7f443731ba.jpg,14,0.5141226127743721,0.5183293521404266,0.6111779063940048,0.6123798489570618,0.95068359375
00014_00007_00006_png.rf.d3261be1ac6d7605e46470fb8e4940f4.jpg,14,0.5132211744785309,0.5186298117041588,0.6490384936332703,0.6682692319154739,0.94482421875
00014_00007_00006_png.rf.d3261be1ac6d7605e46470fb8e4940f4.jpg,6,0.5579928159713745,0.9375000298023224,0.4320913553237915,0.12499994039535522,0.0029468536376953125
00014_00007_00006_png.rf.d3261be1ac6d7605e46470fb8e4940f4.jpg,9,0.6063702255487442,0.9531250298023224,0.5925481021404266,0.09374994039535522,0.0011425018310546875
00014_00007_00006_png.rf.d3261be1ac6d7605e46470fb8e4940f4.jpg,11,0.06884765625,0.8635817766189575,0.1376953125,0.2680288553237915,0.0010814666748046875
00014_00007_00013_png.rf.bd8b36832e03b17e904c7a1a33f8937e.jpg,14,0.5255408808588982,0.5327524244785309,0.7397836595773697,0.7686298489570618,0.958984375
00014_00007_00013_png.rf.bd8b36832e03b17e904c7a1a33f8937e.jpg,6,0.5444711744785309,0.9759615659713745,0.46394234895706177,0.04807686805725098,0.0169219970703125
00014_00007_00013_png.rf.bd8b36832e03b17e904c7a1a33f8937e.jpg,1,0.8629808127880096,0.9699519276618958,0.04086536169052124,0.060096144676208496,0.003780364990234375
00014_00007_00013_png.rf.bd8b36832e03b17e904c7a1a33f8937e.jpg,0,0.9543269574642181,0.011239859204579261,0.03605765104293823,0.022404598214052385,0.0010814666748046875
00014_00008_00004_png.rf.ce893afcdfcca67343de52c60d510a98.jpg,14,0.5449970215559006,0.5480769500136375,0.6083233654499054,0.6754807978868484,0.9501953125
00014_00008_00013_png.rf.a9f7b30283b689f1a5808560a69c0f7c.jpg,14,0.506610594689846,0.5279447212815285,0.67788465321064,0.7169471234083176,0.95263671875
00014_00008_00028_png.rf.41dc94b1892472b66d391791d753bb84.jpg,14,0.49969952926039696,0.5066105984151363,0.8203125074505806,0.7896635010838509,0.9541015625
00014_00009_00009_png.rf.b4d1b6a8d582e147ba85747dd85cc451.jpg,14,0.5348557904362679,0.5249399170279503,0.6346154063940048,0.6472355872392654,0.953125
00014_00009_00014_png.rf.5998ff1f31bd52e787eaa23bb04f06d2.jpg,14,0.5144231095910072,0.5120192393660545,0.7367789000272751,0.751201942563057,0.95654296875
00014_00009_00022_png.rf.c59286af8197704e8e88c3efdbf7b9d5.jpg,14,0.5207331851124763,0.5066105984151363,0.8118990510702133,0.8365385010838509,0.95556640625
00014_00009_00022_png.rf.c59286af8197704e8e88c3efdbf7b9d5.jpg,13,0.6213942468166351,0.6177884936332703,0.00961536169052124,0.018028855323791504,0.0017414093017578125
00014_00010_00014_png.rf.3f9712dbd32c574c45bf9dbb8517dd9f.jpg,14,0.5183293409645557,0.5354567542672157,0.787860594689846,0.7920673340559006,0.95458984375
00014_00010_00017_png.rf.10f5ad5e297030721e4521481f8ca702.jpg,14,0.512620210647583,0.516826942563057,0.775240421295166,0.7800481021404266,0.95166015625
00014_00011_00027_png.rf.c81a4600612fc1eb5cc21661de7ef62b.jpg,14,0.4975961744785309,0.5042067505419254,0.8052884936332703,0.8076923415064812,0.958984375
00014_00012_00028_png.rf.7e4a7979b1766d76ca5628991607b48c.jpg,14,0.5204327031970024,0.5192307867109776,0.7836538702249527,0.7908654138445854,0.953125
00014_00012_00028_png.rf.7e4a7979b1766d76ca5628991607b48c.jpg,8,0.009981595911085606,0.054687500931322575,0.01996319182217121,0.08683894388377666,0.0010318756103515625
00014_00013_00000_png.rf.230606f2f715a2bde5a237acafa3604b.jpg,14,0.5225360840559006,0.583233192563057,0.6352163851261139,0.48858174681663513,0.91748046875
00014_00013_00000_png.rf.230606f2f715a2bde5a237acafa3604b.jpg,1,0.5606971383094788,0.08661358402605401,0.868990421295166,0.17292668727168348,0.1026611328125
00014_00013_00000_png.rf.230606f2f715a2bde5a237acafa3604b.jpg,10,0.12642728136415826,0.9194711744785309,0.252554081947892,0.16105765104293823,0.090087890625
00014_00013_00000_png.rf.230606f2f715a2bde5a237acafa3604b.jpg,11,0.12387320399284363,0.9230769574642181,0.24774640798568726,0.15144234895706177,0.06829833984375
00014_00013_00000_png.rf.230606f2f715a2bde5a237acafa3604b.jpg,11,0.12560096727247583,0.8329327404499054,0.2509014537645271,0.33173078298568726,0.052825927734375
00014_00013_00000_png.rf.230606f2f715a2bde5a237acafa3604b.jpg,1,0.7259615659713745,0.09382512019510614,0.546875,0.18734975960978772,0.029815673828125
00014_00013_00000_png.rf.230606f2f715a2bde5a237acafa3604b.jpg,1,0.4134615547955036,0.06411508414021228,0.6899038776755333,0.12762920671957545,0.01146697998046875
00014_00013_00000_png.rf.230606f2f715a2bde5a237acafa3604b.jpg,10,0.7859074771404266,0.8473557829856873,0.42818504571914673,0.3052884340286255,0.01024627685546875
00014_00013_00000_png.rf.230606f2f715a2bde5a237acafa3604b.jpg,11,0.08849158883094788,0.6538461893796921,0.17698317766189575,0.4735577404499054,0.0023059844970703125
00014_00013_00000_png.rf.230606f2f715a2bde5a237acafa3604b.jpg,1,0.22956731915473938,0.2762920627283165,0.45913463830947876,0.551983163895784,0.0022792816162109375
00014_00013_00000_png.rf.230606f2f715a2bde5a237acafa3604b.jpg,1,0.2925180313177407,0.09855769574642181,0.5736177926883101,0.19711539149284363,0.001995086669921875
00014_00013_00000_png.rf.230606f2f715a2bde5a237acafa3604b.jpg,11,0.8431490659713745,0.8467548191547394,0.3125,0.30649036169052124,0.0018968582153320312
00014_00013_00001_png.rf.e01f34bee93788d71a9ca127de49b201.jpg,14,0.5036057904362679,0.5228365659713745,0.5612981170415878,0.5540865659713745,0.94482421875
00014_00013_00003_png.rf.774d46f2b5700aec9e78f1959fd3030f.jpg,14,0.5102163627743721,0.5396634787321091,0.6165865510702133,0.6093750298023224,0.9501953125
00014_00013_00003_png.rf.774d46f2b5700aec9e78f1959fd3030f.jpg,1,0.7354266941547394,0.0182542083075532,0.34645432233810425,0.03643329642000026,0.001972198486328125
00014_00022_00002_png.rf.067f3be88afec79842f718b26732c307.jpg,14,0.5264423415064812,0.5039062649011612,0.6346154361963272,0.6604567468166351,0.94580078125
00014_00023_00018_png.rf.7f4df748842e9a2b90d343c5612ff812.jpg,14,0.5174279175698757,0.5168269276618958,0.7932692840695381,0.7836538553237915,0.95703125
00014_00023_00018_png.rf.7f4df748842e9a2b90d343c5612ff812.jpg,5,0.5228365510702133,0.05716646835207939,0.7812500298023224,0.11433293670415878,0.1466064453125
00014_00024_00018_png.rf.1b7a484113cbc1f29d56a8f50156948a.jpg,14,0.5234375223517418,0.5333533957600594,0.75600965321064,0.7409856170415878,0.95751953125
00014_00024_00018_png.rf.1b7a484113cbc1f29d56a8f50156948a.jpg,9,0.868990421295166,0.6742788553237915,0.028846144676208496,0.03125,0.0017271041870117188
000163_jpg.rf.55c9537881a01c071eb6c3b46008b884.jpg,9,0.1878004865720868,0.14227764308452606,0.33353366516530514,0.2845552861690521,0.94775390625
000166_jpg.rf.f37d1c743a28243f0e0f2482f2a67290.jpg,9,0.5024038553237915,0.47866586595773697,0.3774038553237915,0.6364182680845261,0.94384765625
000174_jpg.rf.4f68fb9dc24d6b51af78e847b1e30c10.jpg,9,0.6057692468166351,0.3955078274011612,0.28846150636672974,0.42412862181663513,0.93701171875
000174_jpg.rf.4f68fb9dc24d6b51af78e847b1e30c10.jpg,9,0.0546875,0.3257211595773697,0.020883411169052124,0.029447108507156372,0.0012350082397460938
000175_jpg.rf.3690880bd7e62c2260306322a3762cc7.jpg,9,0.6048678159713745,0.40151744335889816,0.2854567766189575,0.4277343899011612,0.93701171875
000178_jpg.rf.0b4d8766b1bfcd897098e2f8b9bbe5d1.jpg,9,0.4759615510702133,0.50593451410532,0.7764423191547394,0.5674579590559006,0.93408203125
000191_jpg.rf.055356915ad47ae7e1c0ded839d6c748.jpg,9,0.6875000298023224,0.41579028218984604,0.36658650636672974,0.5133714228868484,0.939453125
000193_jpg.rf.334b364417849eb38db4d2275dc85838.jpg,9,0.5000000149011612,0.3455529101192951,0.6682692468166351,0.4657452329993248,0.94580078125
000193_jpg.rf.334b364417849eb38db4d2275dc85838.jpg,1,0.6394230723381042,0.9777644574642181,0.015625,0.016826927661895752,0.002452850341796875
000198_jpg.rf.9f156753fda46dd6fe9848a1440afd1b.jpg,9,0.41045674681663513,0.4603365361690521,0.25360578298568726,0.37620192766189575,0.93505859375
000198_jpg.rf.9f156753fda46dd6fe9848a1440afd1b.jpg,0,0.9278846383094788,0.5814303159713745,0.03966343402862549,0.01622593402862549,0.0092315673828125
000198_jpg.rf.9f156753fda46dd6fe9848a1440afd1b.jpg,10,0.6729267239570618,0.6995192766189575,0.33203125,0.3978365659713745,0.006641387939453125
000198_jpg.rf.9f156753fda46dd6fe9848a1440afd1b.jpg,0,0.8004807829856873,0.6742788851261139,0.04206728935241699,0.012019217014312744,0.004680633544921875
000198_jpg.rf.9f156753fda46dd6fe9848a1440afd1b.jpg,6,0.6598557978868484,0.7265625298023224,0.33173081278800964,0.40745192766189575,0.00323486328125
000198_jpg.rf.9f156753fda46dd6fe9848a1440afd1b.jpg,10,0.5970553159713745,0.6612079590559006,0.423677921295166,0.4468149244785309,0.0018243789672851562
000198_jpg.rf.9f156753fda46dd6fe9848a1440afd1b.jpg,0,0.9903846681118011,0.21844953298568726,0.016826927661895752,0.0234375,0.00154876708984375
000202_jpg.rf.7b9c03e897bab9b7a170deae87d31266.jpg,8,0.4525240361690521,0.23813102394342422,0.34254807233810425,0.20763222873210907,0.93359375
000202_jpg.rf.7b9c03e897bab9b7a170deae87d31266.jpg,0,0.32602164149284363,0.628756046295166,0.1977163553237915,0.1295071840286255,0.0010242462158203125
000204_jpg.rf.0ea9da72e384254681f268a305a35eb6.jpg,8,0.4530498832464218,0.4975961595773697,0.4713040888309479,0.5673076808452606,0.94775390625
000204_jpg.rf.0ea9da72e384254681f268a305a35eb6.jpg,0,0.4116586744785309,0.43629808723926544,0.05168271064758301,0.17427882552146912,0.00147247314453125
000216_jpg.rf.ba4ecb747ec69d54c3a1690dcf5f5b3a.jpg,8,0.4680739492177963,0.27614182978868484,0.4027945101261139,0.23798076808452606,0.9443359375
000216_jpg.rf.ba4ecb747ec69d54c3a1690dcf5f5b3a.jpg,1,0.44110579788684845,0.5603966563940048,0.18149039149284363,0.18329325318336487,0.004329681396484375
000216_jpg.rf.ba4ecb747ec69d54c3a1690dcf5f5b3a.jpg,1,0.481370210647583,0.5606971234083176,0.1069711446762085,0.18028846383094788,0.0012645721435546875
000220_jpg.rf.07bc310baa1bbe3fe3ba7117b874ff64.jpg,8,0.5168269574642181,0.3671123906970024,0.39663463830947876,0.25856371223926544,0.9541015625
000223_jpg.rf.dbc866e5b7c69cf418e6bcca0e66e50b.jpg,8,0.6464844197034836,0.44350962340831757,0.5844351351261139,0.7608173191547394,0.9521484375
000231_jpg.rf.71b28020e16b2c6b5aa86d24726609c8.jpg,8,0.5024038851261139,0.7830528914928436,0.20913463830947876,0.14182692766189575,0.9228515625
000238_jpg.rf.dd14162743767963400cffffaea73ac9.jpg,8,0.6467848867177963,0.4882812730502337,0.6054687798023224,0.9693510071374476,0.95849609375
000239_jpg.rf.9c2470be6d2e5443f4db1ababb992587.jpg,8,0.5174278989434242,0.3470553010702133,0.5709134787321091,0.4302884638309479,0.95849609375
000257_jpg.rf.6f63b8fd63b0d875247ba0e3d776bd4f.jpg,8,0.26682692766189575,0.2172476090490818,0.43088942766189575,0.28185098618268967,0.9521484375
000257_jpg.rf.6f63b8fd63b0d875247ba0e3d776bd4f.jpg,0,0.45733174681663513,0.3051382303237915,0.027644217014312744,0.020733177661895752,0.007904052734375
000261_jpg.rf.7c97ab6d968e742c9cc124edd2630e3c.jpg,8,0.5006760954856873,0.2564603388309479,0.4457632303237915,0.30078125,0.9638671875
000267_jpg.rf.45d318ba9ef48ae9327bb408eb24438e.jpg,8,0.6700721383094788,0.49879811704158783,0.2824519872665405,0.17728367447853088,0.9091796875
000282_jpg.rf.26ad0708d13674c6d8cfce6f6bd40cdb.jpg,8,0.49879808351397514,0.48369892686605453,0.8689903989434242,0.5662560015916824,0.9697265625
000282_jpg.rf.26ad0708d13674c6d8cfce6f6bd40cdb.jpg,1,0.6322115361690521,0.6394231021404266,0.016826927661895752,0.019230782985687256,0.007122039794921875
000286_jpg.rf.48a1be45c5db5656f2bacf687164c529.jpg,11,0.3798077031970024,0.4801682773977518,0.4819711595773697,0.8593750111758709,0.8447265625
000286_jpg.rf.48a1be45c5db5656f2bacf687164c529.jpg,10,0.3780048191547394,0.4759615696966648,0.47475963830947876,0.8605769798159599,0.167236328125
000287_jpg.rf.a4143ed52df9779f0f27104daf6a8762.jpg,14,0.33864184468984604,0.47145433723926544,0.43870194256305695,0.5354567468166351,0.94384765625
000287_jpg.rf.a4143ed52df9779f0f27104daf6a8762.jpg,8,0.7608173489570618,0.35366586595773697,0.276442289352417,0.34495191276073456,0.94091796875
000288_jpg.rf.2764018cfc726e02916e1739c8f35b5e.jpg,8,0.4844501316547394,0.6628606021404266,0.45177286863327026,0.28966349363327026,0.95751953125
000289_jpg.rf.5bcff3507297a43a567fd64d593fd533.jpg,8,0.4930889680981636,0.2744891941547394,0.5018029063940048,0.3188101053237915,0.951171875
000289_jpg.rf.5bcff3507297a43a567fd64d593fd533.jpg,5,0.811298131942749,0.5366586744785309,0.0625,0.054687559604644775,0.007904052734375
000289_jpg.rf.5bcff3507297a43a567fd64d593fd533.jpg,6,0.2173978445935063,0.875,0.43299280444625765,0.25,0.004467010498046875
000295_jpg.rf.3940d624bf6e15926480dad000dd8fa4.jpg,8,0.5330529063940048,0.7149940133094788,0.5132211744785309,0.3608773946762085,0.94091796875
000300_jpg.rf.5013849426466f43fb71333c9d7e208b.jpg,10,0.29176683723926544,0.673076942563057,0.24278846383094788,0.38461539149284363,0.92431640625
000300_jpg.rf.5013849426466f43fb71333c9d7e208b.jpg,3,0.9951923191547394,0.8088942766189575,0.00961536169052124,0.03846156597137451,0.0311431884765625
000300_jpg.rf.5013849426466f43fb71333c9d7e208b.jpg,0,0.9308894574642181,0.46694712340831757,0.03245192766189575,0.01862981915473938,0.00861358642578125
000300_jpg.rf.5013849426466f43fb71333c9d7e208b.jpg,1,0.0751953162252903,0.9747596383094788,0.01968149095773697,0.05048072338104248,0.00572967529296875
000300_jpg.rf.5013849426466f43fb71333c9d7e208b.jpg,1,0.8593750298023224,0.7566106021404266,0.02884620428085327,0.014423072338104248,0.00524139404296875
000300_jpg.rf.5013849426466f43fb71333c9d7e208b.jpg,9,0.9945913553237915,0.8100961744785309,0.010817289352416992,0.04086536169052124,0.004756927490234375
000300_jpg.rf.5013849426466f43fb71333c9d7e208b.jpg,9,0.5606971383094788,0.4233774095773697,0.02283656597137451,0.03305289149284363,0.004680633544921875
000300_jpg.rf.5013849426466f43fb71333c9d7e208b.jpg,0,0.02824519295245409,0.5931490659713745,0.01186898909509182,0.033653855323791504,0.0018672943115234375
000336_jpg.rf.be0bfe39579236b8f1710a54065f106c.jpg,11,0.8425481021404266,0.2732872739434242,0.19471150636672974,0.2959735840559006,0.3408203125
000336_jpg.rf.be0bfe39579236b8f1710a54065f106c.jpg,3,0.8431490659713745,0.27178487181663513,0.1959134340286255,0.297776460647583,0.259033203125
000336_jpg.rf.be0bfe39579236b8f1710a54065f106c.jpg,10,0.8437500298023224,0.2725360691547394,0.19471150636672974,0.2992788553237915,0.1749267578125
000336_jpg.rf.be0bfe39579236b8f1710a54065f106c.jpg,0,0.7572115659713745,0.020507813431322575,0.03846156597137451,0.02133413590490818,0.044189453125
000336_jpg.rf.be0bfe39579236b8f1710a54065f106c.jpg,0,0.17157452553510666,0.29567308723926544,0.012620195746421814,0.021935075521469116,0.035675048828125
000336_jpg.rf.be0bfe39579236b8f1710a54065f106c.jpg,1,0.7572115659713745,0.019761305768042803,0.03846156597137451,0.022151066921651363,0.0017004013061523438
000338_jpg.rf.69f491edc3091d390af673d2da54e080.jpg,10,0.23768029361963272,0.15981821343302727,0.07271634042263031,0.1352914646267891,0.9609375
000338_jpg.rf.69f491edc3091d390af673d2da54e080.jpg,1,0.7379808127880096,0.14152644574642181,0.02163463830947876,0.013671875,0.004505157470703125
000338_jpg.rf.69f491edc3091d390af673d2da54e080.jpg,1,0.1679687574505806,0.6766827404499054,0.017427876591682434,0.050480782985687256,0.0014896392822265625
000338_jpg.rf.69f491edc3091d390af673d2da54e080.jpg,1,0.9927884936332703,0.012779823504388332,0.014423012733459473,0.024094803258776665,0.0014438629150390625
000344_jpg.rf.86a946abb84be97bc833636b8b47b779.jpg,10,0.22028997540473938,0.44163164496421814,0.24872297048568726,0.35952526330947876,0.921875
000359_jpg.rf.767bed64e2ff0d34ec7b1db1d0e6c398.jpg,10,0.6612079739570618,0.41676683723926544,0.3314303159713745,0.5018028914928436,0.9375
000361_jpg.rf.373518288e417cc551b309d3533c6d0f.jpg,10,0.6658653914928436,0.4429086744785309,0.36057692766189575,0.5084134936332703,0.94970703125
000361_jpg.rf.373518288e417cc551b309d3533c6d0f.jpg,0,0.7247596383094788,0.9657452404499054,0.03605771064758301,0.03725963830947876,0.0010442733764648438
000380_jpg.rf.7216ac7b95b9137ab398250ae08e026c.jpg,10,0.5522836744785309,0.44651444256305695,0.17307692766189575,0.27524039149284363,0.96630859375
000380_jpg.rf.7216ac7b95b9137ab398250ae08e026c.jpg,1,0.8281250298023224,0.008929912861276534,0.04567307233810425,0.01778470552744693,0.0087432861328125
000380_jpg.rf.7216ac7b95b9137ab398250ae08e026c.jpg,1,0.00946514452516567,0.6959134936332703,0.0184795678651426,0.13701927661895752,0.002002716064453125
000380_jpg.rf.7216ac7b95b9137ab398250ae08e026c.jpg,1,0.47716347873210907,0.008779672905802727,0.016826897859573364,0.017559345811605453,0.0011653900146484375
000383_jpg.rf.070efbd57b6f1e61ece84acca33ec797.jpg,10,0.5979567468166351,0.43359375,0.16225963830947876,0.229567289352417,0.86328125
000383_jpg.rf.070efbd57b6f1e61ece84acca33ec797.jpg,0,0.7415865659713745,0.5859375298023224,0.010817289352416992,0.027644217014312744,0.00731658935546875
000383_jpg.rf.070efbd57b6f1e61ece84acca33ec797.jpg,1,0.4828726053237915,0.3335336744785309,0.015625,0.013221144676208496,0.0031604766845703125
000384_jpg.rf.0bd20cbc913cf806be9769b408f6e5d6.jpg,10,0.3750000149011612,0.3485576957464218,0.10096153616905212,0.12560096383094788,0.94677734375
000384_jpg.rf.0bd20cbc913cf806be9769b408f6e5d6.jpg,1,0.4414062649011612,0.25465746223926544,0.024038463830947876,0.017427891492843628,0.007965087890625
000384_jpg.rf.0bd20cbc913cf806be9769b408f6e5d6.jpg,1,0.2528545781970024,0.01585036129472428,0.029146626591682434,0.031550482199236285,0.0059814453125
000412_jpg.rf.4201db338b39b5c120994db37fbf058f.jpg,7,0.6364182978868484,0.4188702218234539,0.5168269574642181,0.6598558202385902,0.95458984375
000412_jpg.rf.4201db338b39b5c120994db37fbf058f.jpg,1,0.6066706776618958,0.25901443511247635,0.010216355323791504,0.020432695746421814,0.00609588623046875
000443_jpg.rf.a212d740b71445278e52aec90cdd3e47.jpg,7,0.6129807978868484,0.3118990398943424,0.26682695746421814,0.38942306488752365,0.92529296875
000443_jpg.rf.a212d740b71445278e52aec90cdd3e47.jpg,0,0.8257212042808533,0.9495192766189575,0.026442289352416992,0.07211542129516602,0.005279541015625
000446_jpg.rf.6c9f95ad6ab51802829691fd907953e2.jpg,7,0.6424279063940048,0.48647838830947876,0.4507211744785309,0.642427921295166,0.947265625
000446_jpg.rf.6c9f95ad6ab51802829691fd907953e2.jpg,1,0.34885819256305695,0.010948768904199824,0.04206731915473938,0.020996095438022166,0.004848480224609375
000446_jpg.rf.6c9f95ad6ab51802829691fd907953e2.jpg,1,0.403245210647583,0.006375826429575682,0.046875,0.012751652859151363,0.00130462646484375
000446_jpg.rf.6c9f95ad6ab51802829691fd907953e2.jpg,1,0.23828125,0.04139122739434242,0.060096144676208496,0.026817910373210907,0.0010728836059570312
000464_jpg.rf.e5b8f6d9c318c1ad7e34ee049bd64988.jpg,11,0.31610577553510666,0.2836538627743721,0.2968750149011612,0.5354567617177963,0.9365234375
000464_jpg.rf.e5b8f6d9c318c1ad7e34ee049bd64988.jpg,0,0.03237680460733827,0.3437500223517418,0.06400240727816708,0.58413465321064,0.0010728836059570312
000466_jpg.rf.f609fd155d77826a456bb83ec2fba973.jpg,11,0.5039062649011612,0.4453125,0.34795674681663513,0.21875,0.9267578125
000466_jpg.rf.f609fd155d77826a456bb83ec2fba973.jpg,0,0.9843750298023224,0.15099159628152847,0.031249940395355225,0.034254804253578186,0.00661468505859375
000466_jpg.rf.f609fd155d77826a456bb83ec2fba973.jpg,0,0.993990421295166,0.8305288553237915,0.009615421295166016,0.015625,0.004467010498046875
000466_jpg.rf.f609fd155d77826a456bb83ec2fba973.jpg,2,0.8082933127880096,0.536959171295166,0.06850963830947876,0.0546875,0.0020275115966796875
000475_jpg.rf.b44fe1a1d53315f7ff81d3bea0277189.jpg,11,0.5880408734083176,0.21213943138718605,0.29266825318336487,0.34975963085889816,0.93212890625
000475_jpg.rf.b44fe1a1d53315f7ff81d3bea0277189.jpg,1,0.3275991678237915,0.7530048489570618,0.557542085647583,0.3257211446762085,0.0017681121826171875
000478_jpg.rf.ea1348c002d93944315cd4db7cccc0ed.jpg,11,0.6784856021404266,0.35268931090831757,0.20072120428085327,0.3018329441547394,0.93701171875
000485_jpg.rf.af7e94cba40a41c54db6ce2495de5789.jpg,11,0.5195312649011612,0.6419771611690521,0.1640624701976776,0.21844953298568726,0.9306640625
000488_jpg.rf.39fb3e780926eca95137e27b755f19af.jpg,11,0.686448335647583,0.6442307829856873,0.3626803159713745,0.2427884340286255,0.91845703125
000495_jpg.rf.62cc333852734fdf12c38fb00d5a8273.jpg,11,0.22622446343302727,0.513897255063057,0.2867337837815285,0.44456133246421814,0.9365234375
000500_jpg.rf.b742528d52c611a0eb6f2d0453a3c81a.jpg,11,0.822115421295166,0.4408052861690521,0.0961538553237915,0.13161057233810425,0.90869140625
000507_jpg.rf.cef3041f8b255c4cea0070fe8e2c04e4.jpg,11,0.6712740510702133,0.34194713085889816,0.3545673191547394,0.28485579788684845,0.94287109375
000507_jpg.rf.cef3041f8b255c4cea0070fe8e2c04e4.jpg,0,0.45372597873210907,0.9903846383094788,0.025240391492843628,0.01923072338104248,0.0022525787353515625
000507_jpg.rf.cef3041f8b255c4cea0070fe8e2c04e4.jpg,0,0.1039663515985012,0.9435096383094788,0.009014420211315155,0.03125,0.0016355514526367188
000507_jpg.rf.cef3041f8b255c4cea0070fe8e2c04e4.jpg,11,0.24729567766189575,0.9843750298023224,0.4164663553237915,0.031249940395355225,0.0014104843139648438
000512_jpg.rf.e2e180ced9b44c98c59556fef04838bd.jpg,11,0.3765024282038212,0.4672476202249527,0.5835336968302727,0.7145433127880096,0.95068359375
000512_jpg.rf.e2e180ced9b44c98c59556fef04838bd.jpg,11,0.8329327404499054,0.19606370851397514,0.20673078298568726,0.2533052936196327,0.93603515625
000514_jpg.rf.b0d6f6a9a9a1c36ac223b9185a3cfed6.jpg,11,0.7139423191547394,0.2623197212815285,0.07932692766189575,0.11057691276073456,0.90283203125
000514_jpg.rf.b0d6f6a9a9a1c36ac223b9185a3cfed6.jpg,1,0.015869141774601303,0.32632212340831757,0.030987081612693146,0.013221174478530884,0.281494140625
000514_jpg.rf.b0d6f6a9a9a1c36ac223b9185a3cfed6.jpg,1,0.03733473736792803,0.3218149095773697,0.031174881383776665,0.016225963830947876,0.0057525634765625
000534_jpg.rf.fc7a9c184c96044637a59a8abbc842d2.jpg,11,0.8088942468166351,0.4633413702249527,0.13942307233810425,0.18149039149284363,0.935546875
000534_jpg.rf.fc7a9c184c96044637a59a8abbc842d2.jpg,0,0.3828125149011612,0.9495192468166351,0.028846174478530884,0.04807692766189575,0.0025806427001953125
000558_jpg.rf.40c69cee11121c32100bc0ec9dc29849.jpg,12,0.7932692468166351,0.3563702031970024,0.32932692766189575,0.3930288702249527,0.94091796875
000558_jpg.rf.40c69cee11121c32100bc0ec9dc29849.jpg,1,0.39272838830947876,0.3906250149011612,0.03245192766189575,0.018028825521469116,0.0014104843139648438
000558_jpg.rf.40c69cee11121c32100bc0ec9dc29849.jpg,0,0.9747596383094788,0.014019306465343107,0.05048072338104248,0.027738132150261663,0.0010528564453125
000566_jpg.rf.85d938d7ad9b91799d8732111b98cc79.jpg,12,0.39723558723926544,0.22521034255623817,0.18149039149284363,0.2875600978732109,0.939453125
000566_jpg.rf.85d938d7ad9b91799d8732111b98cc79.jpg,0,0.5793269574642181,0.661057710647583,0.027644217014312744,0.07211542129516602,0.05126953125
000592_jpg.rf.7264e25a590f878fcb39467d550219de.jpg,12,0.71499402821064,0.38461539149284363,0.5003004968166351,0.7692307829856873,0.95703125
000592_jpg.rf.7264e25a590f878fcb39467d550219de.jpg,0,0.006840632762759924,0.22761418670415878,0.013681265525519848,0.027644231915473938,0.0023059844970703125
000595_jpg.rf.5b549a5e1f209899e21445383698e00d.jpg,12,0.7019231021404266,0.6881009787321091,0.40264421701431274,0.6045673191547394,0.93994140625
000596_jpg.rf.eb635457db0d42d1d585000296f83145.jpg,12,0.7814002633094788,0.3912259638309479,0.401141881942749,0.7199519276618958,0.94384765625
000596_jpg.rf.eb635457db0d42d1d585000296f83145.jpg,0,0.033973107834754046,0.3112980815349147,0.06772085507691372,0.6165865475777537,0.01132965087890625
000596_jpg.rf.eb635457db0d42d1d585000296f83145.jpg,14,0.3353365361690521,0.9843750298023224,0.6706730723381042,0.031249940395355225,0.0035247802734375
000596_jpg.rf.eb635457db0d42d1d585000296f83145.jpg,1,0.03275240585207939,0.3768029077909887,0.06550481170415878,0.7391827376559377,0.002590179443359375
000599_jpg.rf.87f4886233a457df94743a34ee410218.jpg,12,0.8076923489570618,0.24308894714340568,0.3125,0.47175481636077166,0.939453125
000626_jpg.rf.844a2fbefbe88499e977a640a50441c8.jpg,12,0.5084134936332703,0.2503004875034094,0.2055288553237915,0.38040866330266,0.9384765625
000626_jpg.rf.844a2fbefbe88499e977a640a50441c8.jpg,12,0.6006610691547394,0.25555890426039696,0.39242786169052124,0.3891226127743721,0.0017681121826171875
000629_jpg.rf.7fc79b6ca0f85116dc5588dd6869900c.jpg,12,0.44831732660532,0.34262320399284363,0.4507211893796921,0.31475359201431274,0.93896484375
000629_jpg.rf.7fc79b6ca0f85116dc5588dd6869900c.jpg,0,0.8870192468166351,0.13048377633094788,0.02163463830947876,0.015174269676208496,0.0050811767578125
000629_jpg.rf.7fc79b6ca0f85116dc5588dd6869900c.jpg,1,0.8527644574642181,0.07889498397707939,0.013221204280853271,0.037823013961315155,0.0029582977294921875
000629_jpg.rf.7fc79b6ca0f85116dc5588dd6869900c.jpg,1,0.8786058127880096,0.006854717943497235,0.02163463830947876,0.013559195496782195,0.0028896331787109375
000629_jpg.rf.7fc79b6ca0f85116dc5588dd6869900c.jpg,1,0.8780048489570618,0.1347656324505806,0.02283656597137451,0.019230768084526062,0.0017137527465820312
000629_jpg.rf.7fc79b6ca0f85116dc5588dd6869900c.jpg,0,0.8882211744785309,0.13536658883094788,0.02163463830947876,0.018028855323791504,0.0017004013061523438
000629_jpg.rf.7fc79b6ca0f85116dc5588dd6869900c.jpg,1,0.8581731021404266,0.06708233617246151,0.02163463830947876,0.01337139680981636,0.0010776519775390625
000635_jpg.rf.add3c9544fc93e8ad88fcb67fbb714cb.jpg,12,0.49399039149284363,0.16421274468302727,0.11358171701431274,0.14543268829584122,0.92138671875
000635_jpg.rf.add3c9544fc93e8ad88fcb67fbb714cb.jpg,1,0.7343750298023224,0.9663461744785309,0.11057692766189575,0.06730765104293823,0.0018749237060546875
000644_jpg.rf.e150fedf356c73b528bb6943f267e094.jpg,12,0.37379810214042664,0.2104867920279503,0.33653849363327026,0.2172476202249527,0.9453125
000644_jpg.rf.e150fedf356c73b528bb6943f267e094.jpg,1,0.30836839973926544,0.5534855723381042,0.02629205584526062,0.018028855323791504,0.0011339187622070312
000649_jpg.rf.f86b7d2974091d1956dedec6e79cbf61.jpg,12,0.2773437574505806,0.16736779734492302,0.11658655107021332,0.16346154361963272,0.921875
000652_jpg.rf.2d13be3464e928dde8d4e3a7ed638236.jpg,12,0.6368690133094788,0.5309495329856873,0.07722353935241699,0.12199521064758301,0.9326171875
000654_jpg.rf.d267c50f2def671a3af6c7816a990548.jpg,12,0.4537259638309479,0.3719200864434242,0.18870192766189575,0.2862079590559006,0.9287109375
000654_jpg.rf.d267c50f2def671a3af6c7816a990548.jpg,12,0.2856069872068474,0.5072115641087294,0.5706130128528457,0.9338942803442478,0.0034427642822265625
000654_jpg.rf.d267c50f2def671a3af6c7816a990548.jpg,10,0.3852163553237915,0.555588960647583,0.018028855323791504,0.01983177661895752,0.0020198822021484375
000656_jpg.rf.2bfcb3a401a6cd59986f442316903cca.jpg,12,0.8491586744785309,0.34487682580947876,0.22836536169052124,0.233323335647583,0.9541015625
000658_jpg.rf.305458475fd66b31a8b2796cceb9f511.jpg,12,0.5643029063940048,0.4522235691547394,0.13341346383094788,0.18569713830947876,0.94287109375
000664_jpg.rf.882fdd90b90c7f1af1fc37a7467443cf.jpg,9,0.23764274269342422,0.33413463085889816,0.24106071889400482,0.3100961595773697,0.95263671875
000664_jpg.rf.882fdd90b90c7f1af1fc37a7467443cf.jpg,12,0.23031852394342422,0.7258113324642181,0.24008415639400482,0.30799275636672974,0.93359375
000664_jpg.rf.882fdd90b90c7f1af1fc37a7467443cf.jpg,0,0.17457933723926544,0.9747596383094788,0.031850963830947876,0.05048072338104248,0.0015544891357421875
000670_jpg.rf.9b82f265d8e858e1ac239f550bb09315.jpg,12,0.7890625298023224,0.25375601649284363,0.26081734895706177,0.37229567766189575,0.92822265625
000670_jpg.rf.9b82f265d8e858e1ac239f550bb09315.jpg,1,0.08563702180981636,0.21814904361963272,0.015324525535106659,0.009615376591682434,0.0034160614013671875
000670_jpg.rf.9b82f265d8e858e1ac239f550bb09315.jpg,1,0.005605844402452931,0.17938702553510666,0.01031024643452838,0.012620195746421814,0.0010366439819335938
000680_jpg.rf.10f9a8b0c68fd4c3a3f991673e8be240.jpg,12,0.7884615659713745,0.3188101202249527,0.3245192766189575,0.40745195746421814,0.93603515625
000684_jpg.rf.da8d58e5754b48f640c2521ce190912e.jpg,12,0.3719951994717121,0.45132214576005936,0.5913461670279503,0.7379808276891708,0.951171875
000684_jpg.rf.da8d58e5754b48f640c2521ce190912e.jpg,12,0.8317308127880096,0.19020433723926544,0.20913463830947876,0.2554086744785309,0.94384765625
000689_jpg.rf.e7eb671b04e54cabccbc491dc3087e13.jpg,12,0.4984976202249527,0.4912860840559006,0.33233174681663513,0.5859375298023224,0.939453125
000695_jpg.rf.5433ef9bdff69bb898a98f69af622064.jpg,12,0.2222055420279503,0.3227163553237915,0.20582933723926544,0.296875,0.93994140625
000695_jpg.rf.5433ef9bdff69bb898a98f69af622064.jpg,9,0.07061298363623791,0.6826923489570618,0.14107572688226355,0.317307710647583,0.00428009033203125
000695_jpg.rf.5433ef9bdff69bb898a98f69af622064.jpg,11,0.06670673191547394,0.6837440133094788,0.13341346383094788,0.3176082372665405,0.0021572113037109375
000700_jpg.rf.4abc8faa3c8f0970d53095fa9218cf8a.jpg,13,0.9110577404499054,0.5504807978868484,0.08173078298568726,0.12379810214042664,0.8984375
000700_jpg.rf.4abc8faa3c8f0970d53095fa9218cf8a.jpg,3,0.5123197287321091,0.7211538553237915,0.05769231915473938,0.03605771064758301,0.001956939697265625
000700_jpg.rf.4abc8faa3c8f0970d53095fa9218cf8a.jpg,14,0.5120192468166351,0.7211538851261139,0.06129807233810425,0.04086536169052124,0.0011339187622070312
000703_jpg.rf.2999e1a86a880c30b97644b227648d36.jpg,13,0.4984976202249527,0.37379810214042664,0.5270433127880096,0.5889423489570618,0.97021484375
000711_jpg.rf.0a584e00809f5da1be911472ba1f8e7b.jpg,13,0.918870210647583,0.5967548489570618,0.06730771064758301,0.1117788553237915,0.90185546875
000711_jpg.rf.0a584e00809f5da1be911472ba1f8e7b.jpg,1,0.24744591861963272,0.13176082074642181,0.05979566276073456,0.03395432233810425,0.544921875
000711_jpg.rf.0a584e00809f5da1be911472ba1f8e7b.jpg,13,0.07842548377811909,0.5528846383094788,0.04116586968302727,0.0679086446762085,0.416748046875
000711_jpg.rf.0a584e00809f5da1be911472ba1f8e7b.jpg,7,0.07835036516189575,0.5531851351261139,0.041917070746421814,0.06850963830947876,0.1187744140625
000711_jpg.rf.0a584e00809f5da1be911472ba1f8e7b.jpg,12,0.07827524468302727,0.5528846383094788,0.04206731170415878,0.06911063194274902,0.0894775390625
000711_jpg.rf.0a584e00809f5da1be911472ba1f8e7b.jpg,1,0.37920674681663513,0.312424898147583,0.03725963830947876,0.059044480323791504,0.081787109375
000711_jpg.rf.0a584e00809f5da1be911472ba1f8e7b.jpg,0,0.5949519574642181,0.05453726090490818,0.008413493633270264,0.010516826063394547,0.046722412109375
000711_jpg.rf.0a584e00809f5da1be911472ba1f8e7b.jpg,4,0.3780048340559006,0.3115985691547394,0.031850963830947876,0.057091355323791504,0.0078125
000711_jpg.rf.0a584e00809f5da1be911472ba1f8e7b.jpg,12,0.3783053010702133,0.31219953298568726,0.032451897859573364,0.057091355323791504,0.004329681396484375
000711_jpg.rf.0a584e00809f5da1be911472ba1f8e7b.jpg,0,0.9939903914928436,0.5474759936332703,0.012019217014312744,0.2524038553237915,0.0038089752197265625
000711_jpg.rf.0a584e00809f5da1be911472ba1f8e7b.jpg,1,0.24834737181663513,0.14438101276755333,0.05979567766189575,0.05949518829584122,0.003635406494140625
000711_jpg.rf.0a584e00809f5da1be911472ba1f8e7b.jpg,1,0.6394231021404266,0.18765024840831757,0.04086536169052124,0.021634608507156372,0.0010166168212890625
000713_jpg.rf.ea540b12ec46dd3f2dad786ab321c3a3.jpg,7,0.5261418372392654,0.45673079788684845,0.3275240361690521,0.24639424681663513,0.939453125
000722_jpg.rf.9bee48a5dc22112fb5a705192fd54d45.jpg,8,0.5012019574642181,0.6263521909713745,0.16225963830947876,0.2016226053237915,0.91650390625
000722_jpg.rf.9bee48a5dc22112fb5a705192fd54d45.jpg,0,0.3665865510702133,0.5889423489570618,0.013221174478530884,0.03605771064758301,0.0279083251953125
000722_jpg.rf.9bee48a5dc22112fb5a705192fd54d45.jpg,0,0.3311298340559006,0.983173131942749,0.024038463830947876,0.03125,0.003376007080078125
000722_jpg.rf.9bee48a5dc22112fb5a705192fd54d45.jpg,1,0.3647836595773697,0.7806490659713745,0.009615391492843628,0.04206728935241699,0.001926422119140625
000722_jpg.rf.9bee48a5dc22112fb5a705192fd54d45.jpg,8,0.5072115510702133,0.32542068511247635,0.16947117447853088,0.2367788404226303,0.0012302398681640625
000722_jpg.rf.9bee48a5dc22112fb5a705192fd54d45.jpg,1,0.5060096383094788,0.3266226053237915,0.168870210647583,0.23798078298568726,0.0011882781982421875
000722_jpg.rf.9bee48a5dc22112fb5a705192fd54d45.jpg,8,0.4230769444257021,0.7513521909713745,0.7379808090627193,0.4780648946762085,0.0011606216430664062
000729_jpg.rf.7b1a28094ac79f94f38e0ca9d4037037.jpg,12,0.8605769574642181,0.23978366516530514,0.26923078298568726,0.4218750186264515,0.94287109375
000729_jpg.rf.7b1a28094ac79f94f38e0ca9d4037037.jpg,6,0.10682091861963272,0.20132212340831757,0.21364183723926544,0.40264424681663513,0.01554107666015625
000735_jpg.rf.8927d1a7914f3b404d59d7afb8238ce4.jpg,13,0.5411658734083176,0.28635818138718605,0.21454325318336487,0.3695913478732109,0.94384765625
000735_jpg.rf.8927d1a7914f3b404d59d7afb8238ce4.jpg,11,0.8365384638309479,0.5892428159713745,0.32692307233810425,0.5258413553237915,0.070556640625
000735_jpg.rf.8927d1a7914f3b404d59d7afb8238ce4.jpg,14,0.4519231067970395,0.2300180334423203,0.8930289056152105,0.4588341437629424,0.0087127685546875
000735_jpg.rf.8927d1a7914f3b404d59d7afb8238ce4.jpg,13,0.36358174262568355,0.23227164149284363,0.7067307913675904,0.46454328298568726,0.0074615478515625
000735_jpg.rf.8927d1a7914f3b404d59d7afb8238ce4.jpg,9,0.4501202064566314,0.2309194803237915,0.8798077190294862,0.461838960647583,0.0030269622802734375
000735_jpg.rf.8927d1a7914f3b404d59d7afb8238ce4.jpg,11,0.27614184096455574,0.8227163851261139,0.37379809468984604,0.34975963830947876,0.00142669677734375
000736_jpg.rf.228d17ea85d8e4b2f1fd5a1fec7582d9.jpg,13,0.44561299681663513,0.25225360691547394,0.25600963830947876,0.16616585850715637,0.9580078125
000736_jpg.rf.228d17ea85d8e4b2f1fd5a1fec7582d9.jpg,11,0.45132213830947876,0.4194711595773697,0.2524038553237915,0.16105768084526062,0.75634765625
000736_jpg.rf.228d17ea85d8e4b2f1fd5a1fec7582d9.jpg,8,0.6887019574642181,0.27944712340831757,0.039663493633270264,0.02644231915473938,0.0020503997802734375
000736_jpg.rf.228d17ea85d8e4b2f1fd5a1fec7582d9.jpg,13,0.3965595029294491,0.22941707074642181,0.5710637047886848,0.45883414149284363,0.0011692047119140625
000736_jpg.rf.228d17ea85d8e4b2f1fd5a1fec7582d9.jpg,13,0.3858173168846406,0.28515625,0.7692307875258848,0.5703125,0.0011034011840820312
000741_jpg.rf.48077831b42aa2a01691cd30be5da048.jpg,13,0.6742788851261139,0.3359375,0.41706734895706177,0.671875,0.96044921875
000741_jpg.rf.48077831b42aa2a01691cd30be5da048.jpg,0,0.09532752633094788,0.934495210647583,0.10802283883094788,0.13100957870483398,0.0011882781982421875
000753_jpg.rf.23d05489386c3399c5d26ac779015d26.jpg,13,0.6478365659713745,0.7379808127880096,0.1069711446762085,0.15745192766189575,0.92236328125
000753_jpg.rf.23d05489386c3399c5d26ac779015d26.jpg,4,0.5564903914928436,0.48858174681663513,0.011418282985687256,0.019831717014312744,0.0037364959716796875
000762_jpg.rf.ea6102293c9b38d9f90158f1a4cc33f7.jpg,13,0.6796875,0.4085787385702133,0.21875,0.26577523350715637,0.9580078125
000762_jpg.rf.ea6102293c9b38d9f90158f1a4cc33f7.jpg,0,0.39723560214042664,0.9483173489570618,0.014423072338104248,0.009615421295166016,0.017181396484375
000762_jpg.rf.ea6102293c9b38d9f90158f1a4cc33f7.jpg,0,0.8629807829856873,0.4795673340559006,0.013221144676208496,0.022836536169052124,0.0017614364624023438
000763_jpg.rf.6018d10dd3889ec0579a386c052fb6ff.jpg,13,0.46153847873210907,0.3212139531970024,0.08954325318336487,0.1562500149011612,0.91796875
000763_jpg.rf.6018d10dd3889ec0579a386c052fb6ff.jpg,11,0.27118390798568726,0.4131610840559006,0.03816103935241699,0.06430289149284363,0.0023975372314453125
000769_jpg.rf.1df4a76b3e7055f19fd63f71a3d4ab3f.jpg,13,0.7872596383094788,0.4963942617177963,0.276442289352417,0.21634617447853088,0.9580078125
000783_jpg.rf.0f12070feb6f7bc91c48aa93a65d2e93.jpg,13,0.6484375298023224,0.26607572846114635,0.25721150636672974,0.4594351090490818,0.9326171875
000786_jpg.rf.60798d12643d9be450731115c76bd86c.jpg,13,0.7884615659713745,0.1013371404260397,0.14423072338104248,0.13837139680981636,0.9365234375
000790_jpg.rf.ddb1d679830f7cafbcbec2013a6ff2fc.jpg,13,0.7662259936332703,0.09472656482830644,0.2271634340286255,0.17232572566717863,0.95703125
000790_jpg.rf.ddb1d679830f7cafbcbec2013a6ff2fc.jpg,3,0.007427509408444166,0.2530048117041588,0.014122596941888332,0.024038448929786682,0.024139404296875
000790_jpg.rf.ddb1d679830f7cafbcbec2013a6ff2fc.jpg,1,0.7848558127880096,0.9819711744785309,0.07091349363327026,0.03605765104293823,0.004627227783203125
000792_jpg.rf.3899b0ef3229b4f18a7954698cc40c92.jpg,0,0.36838944256305695,0.23497596383094788,0.017427891492843628,0.0679086446762085,0.67236328125
000792_jpg.rf.3899b0ef3229b4f18a7954698cc40c92.jpg,1,0.21259015053510666,0.5342548191547394,0.02584134042263031,0.07932692766189575,0.533203125
000792_jpg.rf.3899b0ef3229b4f18a7954698cc40c92.jpg,1,0.012441782746464014,0.5276442468166351,0.0193997910246253,0.07451921701431274,0.394287109375
000792_jpg.rf.3899b0ef3229b4f18a7954698cc40c92.jpg,1,0.3416466563940048,0.23557692766189575,0.017427891492843628,0.06670671701431274,0.315673828125
000792_jpg.rf.3899b0ef3229b4f18a7954698cc40c92.jpg,0,0.6006610691547394,0.25811298936605453,0.01382213830947876,0.057692304253578186,0.20556640625
000792_jpg.rf.3899b0ef3229b4f18a7954698cc40c92.jpg,1,0.31850963830947876,0.5054086744785309,0.015625,0.055288493633270264,0.1510009765625
000792_jpg.rf.3899b0ef3229b4f18a7954698cc40c92.jpg,0,0.5895432829856873,0.2588641941547394,0.013221144676208496,0.05739182233810425,0.07720947265625
000792_jpg.rf.3899b0ef3229b4f18a7954698cc40c92.jpg,0,0.5931490659713745,0.25901444256305695,0.015625,0.05769231915473938,0.0299835205078125
000792_jpg.rf.3899b0ef3229b4f18a7954698cc40c92.jpg,1,0.6502403914928436,0.4663461595773697,0.012019217014312744,0.024038463830947876,0.007694244384765625
000792_jpg.rf.3899b0ef3229b4f18a7954698cc40c92.jpg,1,0.6556490659713745,0.46544472873210907,0.015625,0.021033674478530884,0.0029354095458984375
000792_jpg.rf.3899b0ef3229b4f18a7954698cc40c92.jpg,1,0.017878605984151363,0.5300481021404266,0.024526743218302727,0.07331734895706177,0.0016613006591796875
000792_jpg.rf.3899b0ef3229b4f18a7954698cc40c92.jpg,1,0.31820914149284363,0.5174279063940048,0.019230782985687256,0.08413460850715637,0.00128936767578125
000797_jpg.rf.3d78d9d11140e03357ddde30e7e7e98e.jpg,7,0.5228365659713745,0.4574068710207939,0.337740421295166,0.5996093899011612,0.94384765625
000797_jpg.rf.3d78d9d11140e03357ddde30e7e7e98e.jpg,0,0.9903846383094788,0.07784330099821091,0.01923072338104248,0.047738879919052124,0.0010318756103515625
000808_jpg.rf.8007590175a593bc5b4408a31ade3f3a.jpg,0,0.5450721383094788,0.2363281324505806,0.01923072338104248,0.06460337340831757,0.8115234375
000808_jpg.rf.8007590175a593bc5b4408a31ade3f3a.jpg,0,0.3626803010702133,0.24879808723926544,0.017427891492843628,0.06550481915473938,0.338134765625
000808_jpg.rf.8007590175a593bc5b4408a31ade3f3a.jpg,1,0.15219351649284363,0.013315054166014306,0.01953125,0.026179387146839872,0.06256103515625
000808_jpg.rf.8007590175a593bc5b4408a31ade3f3a.jpg,1,0.15805289149284363,0.013014573461987311,0.018930286169052124,0.025878906533762347,0.052032470703125
000808_jpg.rf.8007590175a593bc5b4408a31ade3f3a.jpg,0,0.6712740659713745,0.0634765662252903,0.01201927661895752,0.027794472873210907,0.0185394287109375
000808_jpg.rf.8007590175a593bc5b4408a31ade3f3a.jpg,1,0.3647836595773697,0.2504507303237915,0.02043268084526062,0.06370192766189575,0.0043487548828125
000808_jpg.rf.8007590175a593bc5b4408a31ade3f3a.jpg,1,0.9915865957736969,0.050368089810945094,0.014423072338104248,0.09938401612453163,0.0033245086669921875
000808_jpg.rf.8007590175a593bc5b4408a31ade3f3a.jpg,0,0.46274039149284363,0.4717548191547394,0.016826927661895752,0.012019217014312744,0.001941680908203125
000808_jpg.rf.8007590175a593bc5b4408a31ade3f3a.jpg,8,0.5618990361690521,0.2343750074505806,0.03245192766189575,0.05048076808452606,0.001239776611328125
000808_jpg.rf.8007590175a593bc5b4408a31ade3f3a.jpg,1,0.9927884936332703,0.03509991100872867,0.014423012733459473,0.06869741814443842,0.0010166168212890625
000809_jpg.rf.dcd99922c592f3b634ddb443bf40dce1.jpg,1,0.5510817468166351,0.12717849016189575,0.02163463830947876,0.08728966116905212,0.7880859375
000809_jpg.rf.dcd99922c592f3b634ddb443bf40dce1.jpg,1,0.3377404063940048,0.15249399840831757,0.024038463830947876,0.0961538553237915,0.72314453125
000809_jpg.rf.dcd99922c592f3b634ddb443bf40dce1.jpg,8,0.5775240659713745,0.13506610691547394,0.028846144676208496,0.05739182233810425,0.5908203125
000809_jpg.rf.dcd99922c592f3b634ddb443bf40dce1.jpg,7,0.578125,0.13544171303510666,0.03125,0.058743998408317566,0.462890625
000809_jpg.rf.dcd99922c592f3b634ddb443bf40dce1.jpg,7,0.626802921295166,0.29897838830947876,0.028846144676208496,0.046875,0.05499267578125
000809_jpg.rf.dcd99922c592f3b634ddb443bf40dce1.jpg,9,0.6262019574642181,0.2994290888309479,0.030048072338104248,0.045372605323791504,0.0136871337890625
000809_jpg.rf.dcd99922c592f3b634ddb443bf40dce1.jpg,1,0.8341346383094788,0.2797476053237915,0.018028855323791504,0.0546875,0.01337432861328125
000809_jpg.rf.dcd99922c592f3b634ddb443bf40dce1.jpg,5,0.6272536218166351,0.2992788553237915,0.02914661169052124,0.046875,0.01229095458984375
000809_jpg.rf.dcd99922c592f3b634ddb443bf40dce1.jpg,1,0.8209134936332703,0.03937237139325589,0.028846144676208496,0.0741999710444361,0.0062408447265625
000809_jpg.rf.dcd99922c592f3b634ddb443bf40dce1.jpg,1,0.9338942468166351,0.011305589228868484,0.027644217014312744,0.02261117845773697,0.005161285400390625
000809_jpg.rf.dcd99922c592f3b634ddb443bf40dce1.jpg,1,0.8762019574642181,0.011718750430190994,0.02163463830947876,0.02339994076282892,0.00443267822265625
000809_jpg.rf.dcd99922c592f3b634ddb443bf40dce1.jpg,0,0.9555288851261139,0.993990421295166,0.013221204280853271,0.009615421295166016,0.0026416778564453125
000809_jpg.rf.dcd99922c592f3b634ddb443bf40dce1.jpg,1,0.8966346681118011,0.012028620865748962,0.014423072338104248,0.02386944124737056,0.0022525787353515625
000809_jpg.rf.dcd99922c592f3b634ddb443bf40dce1.jpg,1,0.950120210647583,0.011671800526528386,0.020432710647583008,0.023230920756759588,0.0016870498657226562
000809_jpg.rf.dcd99922c592f3b634ddb443bf40dce1.jpg,8,0.5931490361690521,0.13626803830266,0.03245192766189575,0.04266827553510666,0.001438140869140625
000809_jpg.rf.dcd99922c592f3b634ddb443bf40dce1.jpg,1,0.9182692468166351,0.011831431005703053,0.012019217014312744,0.02347506152727874,0.0011882781982421875
000809_jpg.rf.dcd99922c592f3b634ddb443bf40dce1.jpg,0,0.9927884936332703,0.8750000298023224,0.014423012733459473,0.014423072338104248,0.0011606216430664062
000811_jpg.rf.142d78a345147dc179446aa8ec1191ce.jpg,1,0.30498799681663513,0.28695914149284363,0.014423072338104248,0.05168271064758301,0.76904296875
000811_jpg.rf.142d78a345147dc179446aa8ec1191ce.jpg,1,0.5012019574642181,0.2827524095773697,0.016826927661895752,0.054086536169052124,0.5869140625
000811_jpg.rf.142d78a345147dc179446aa8ec1191ce.jpg,1,0.4975961744785309,0.2827524095773697,0.014423072338104248,0.05048075318336487,0.1461181640625
000811_jpg.rf.142d78a345147dc179446aa8ec1191ce.jpg,7,0.477463960647583,0.28485576808452606,0.016826927661895752,0.039663463830947876,0.09368896484375
000811_jpg.rf.142d78a345147dc179446aa8ec1191ce.jpg,0,0.0053429236795636825,0.9531250298023224,0.010554387015872635,0.09134620428085327,0.0104522705078125
000811_jpg.rf.142d78a345147dc179446aa8ec1191ce.jpg,0,0.5492788851261139,0.1440805345773697,0.02163463830947876,0.057091355323791504,0.00885009765625
000811_jpg.rf.142d78a345147dc179446aa8ec1191ce.jpg,0,0.31610578298568726,0.16045673191547394,0.014423072338104248,0.009014427661895752,0.00399017333984375
000811_jpg.rf.142d78a345147dc179446aa8ec1191ce.jpg,8,0.5306490361690521,0.27463942766189575,0.012019217014312744,0.04807692766189575,0.0029125213623046875
000811_jpg.rf.142d78a345147dc179446aa8ec1191ce.jpg,7,0.28575722873210907,0.2890625149011612,0.021634608507156372,0.038461536169052124,0.0016107559204101562
000811_jpg.rf.142d78a345147dc179446aa8ec1191ce.jpg,1,0.20823317766189575,0.005286583676934242,0.025240391492843628,0.010573167353868484,0.00130462646484375
000815_jpg.rf.29afabe5f464c19bf77856ba5a90bd1e.jpg,8,0.6436298489570618,0.575420692563057,0.2163461446762085,0.31430289149284363,0.94970703125
000815_jpg.rf.29afabe5f464c19bf77856ba5a90bd1e.jpg,0,0.8118990659713745,0.9729567468166351,0.01201927661895752,0.019230782985687256,0.0070953369140625
000815_jpg.rf.29afabe5f464c19bf77856ba5a90bd1e.jpg,1,0.26442308723926544,0.32932694256305695,0.019230753183364868,0.02644231915473938,0.0030517578125
000815_jpg.rf.29afabe5f464c19bf77856ba5a90bd1e.jpg,0,0.8479567766189575,0.9411058127880096,0.015625,0.024038493633270264,0.0018243789672851562
000815_jpg.rf.29afabe5f464c19bf77856ba5a90bd1e.jpg,0,0.18374399840831757,0.06539212912321091,0.013521641492843628,0.012469947338104248,0.0015850067138671875
000815_jpg.rf.29afabe5f464c19bf77856ba5a90bd1e.jpg,0,0.8076923191547394,0.9747596383094788,0.019230782985687256,0.020432710647583008,0.00154876708984375
000815_jpg.rf.29afabe5f464c19bf77856ba5a90bd1e.jpg,0,0.6959134936332703,0.8804087042808533,0.018028855323791504,0.03125,0.0014209747314453125
000822_jpg.rf.63b8e6ec737487b4e7e9e2ed48754226.jpg,13,0.6476863324642181,0.7367788553237915,0.10606974363327026,0.1586538553237915,0.93896484375
000822_jpg.rf.63b8e6ec737487b4e7e9e2ed48754226.jpg,12,0.004986103158444166,0.03126878081820905,0.009972206316888332,0.05540114315226674,0.001956939697265625
000822_jpg.rf.63b8e6ec737487b4e7e9e2ed48754226.jpg,0,0.5558894574642181,0.48888222873210907,0.016826927661895752,0.021634608507156372,0.00127410888671875
000825_jpg.rf.dd850d3ac847bd61179c2191ebc02b37.jpg,1,0.3106220066547394,0.26397237181663513,0.013371407985687256,0.045372605323791504,0.640625
000825_jpg.rf.dd850d3ac847bd61179c2191ebc02b37.jpg,1,0.2845553010702133,0.26442308723926544,0.012019246816635132,0.04206731915473938,0.6298828125
000825_jpg.rf.dd850d3ac847bd61179c2191ebc02b37.jpg,1,0.6189903914928436,0.2539062574505806,0.012019217014312744,0.037259623408317566,0.2186279296875
000825_jpg.rf.dd850d3ac847bd61179c2191ebc02b37.jpg,1,0.2983774244785309,0.26532453298568726,0.009314894676208496,0.041466355323791504,0.11517333984375
000825_jpg.rf.dd850d3ac847bd61179c2191ebc02b37.jpg,1,0.6189903914928436,0.24489183723926544,0.012019217014312744,0.017427891492843628,0.08331298828125
000825_jpg.rf.dd850d3ac847bd61179c2191ebc02b37.jpg,1,0.989182710647583,0.0469501213519834,0.020432710647583008,0.09089543495792896,0.053802490234375
000825_jpg.rf.dd850d3ac847bd61179c2191ebc02b37.jpg,1,0.6436298191547394,0.24233775585889816,0.014423072338104248,0.015625014901161194,0.05242919921875
000825_jpg.rf.dd850d3ac847bd61179c2191ebc02b37.jpg,1,0.911057710647583,0.05464994277281221,0.03125,0.10854868360911496,0.040252685546875
000825_jpg.rf.dd850d3ac847bd61179c2191ebc02b37.jpg,1,0.6418269276618958,0.24909856915473938,0.015625,0.03125,0.034759521484375
000825_jpg.rf.dd850d3ac847bd61179c2191ebc02b37.jpg,0,0.9909856021404266,0.04510967864189297,0.01802879571914673,0.08691406878642738,0.018402099609375
000825_jpg.rf.dd850d3ac847bd61179c2191ebc02b37.jpg,1,0.4522235691547394,0.473557710647583,0.013221144676208496,0.03846156597137451,0.0162200927734375
000825_jpg.rf.dd850d3ac847bd61179c2191ebc02b37.jpg,1,0.9909856021404266,0.0634014462120831,0.01802879571914673,0.09780649747699499,0.00690460205078125
000825_jpg.rf.dd850d3ac847bd61179c2191ebc02b37.jpg,1,0.49188704788684845,0.39423078298568726,0.022836536169052124,0.015625,0.002414703369140625
000825_jpg.rf.dd850d3ac847bd61179c2191ebc02b37.jpg,5,0.6346153914928436,0.4477163553237915,0.00961536169052124,0.015625,0.002216339111328125
000825_jpg.rf.dd850d3ac847bd61179c2191ebc02b37.jpg,1,0.6322115361690521,0.4477163702249527,0.014423072338104248,0.02043268084526062,0.0018968582153320312
000825_jpg.rf.dd850d3ac847bd61179c2191ebc02b37.jpg,1,0.16075722128152847,0.3822115510702133,0.012620195746421814,0.05048075318336487,0.0018033981323242188
000825_jpg.rf.dd850d3ac847bd61179c2191ebc02b37.jpg,1,0.947115421295166,0.0539363007992506,0.03605771064758301,0.09405048564076424,0.0017681121826171875
000825_jpg.rf.dd850d3ac847bd61179c2191ebc02b37.jpg,1,0.2842548191547394,0.2743389457464218,0.015024065971374512,0.061899036169052124,0.0015010833740234375
000825_jpg.rf.dd850d3ac847bd61179c2191ebc02b37.jpg,1,0.6538461744785309,0.24188703298568726,0.02884620428085327,0.016826927661895752,0.001255035400390625
000825_jpg.rf.dd850d3ac847bd61179c2191ebc02b37.jpg,1,0.5354567468166351,0.4705529063940048,0.013221204280853271,0.03725960850715637,0.0012254714965820312
000831_jpg.rf.09392428bf69f0de8c937caec3590319.jpg,7,0.5060096383094788,0.38649339973926544,0.08894228935241699,0.17292669415473938,0.92236328125
000831_jpg.rf.09392428bf69f0de8c937caec3590319.jpg,9,0.5039062798023224,0.16316106542944908,0.09194713830947876,0.17067307978868484,0.38671875
000831_jpg.rf.09392428bf69f0de8c937caec3590319.jpg,8,0.6520433127880096,0.012901893816888332,0.07692307233810425,0.025803787633776665,0.063720703125
000831_jpg.rf.09392428bf69f0de8c937caec3590319.jpg,0,0.6526442468166351,0.0120849609375,0.07692307233810425,0.024169921875,0.05560302734375
000831_jpg.rf.09392428bf69f0de8c937caec3590319.jpg,11,0.651292085647583,0.013362004851842357,0.07722353935241699,0.026686449606131646,0.044189453125
000831_jpg.rf.09392428bf69f0de8c937caec3590319.jpg,7,0.5048077255487442,0.16346154734492302,0.09254810214042664,0.17127404361963272,0.0170440673828125
000831_jpg.rf.09392428bf69f0de8c937caec3590319.jpg,1,0.19020432978868484,0.006159855878649978,0.10186298191547394,0.01220703146100277,0.00945281982421875
000833_jpg.rf.a774fb7c4620c050e43d66a0062137af.jpg,11,0.7379807829856873,0.44501204788684845,0.08293271064758301,0.16286060214042664,0.9404296875
000833_jpg.rf.a774fb7c4620c050e43d66a0062137af.jpg,13,0.8040865659713745,0.09344952180981636,0.014423131942749023,0.02524038404226303,0.0136871337890625
000833_jpg.rf.a774fb7c4620c050e43d66a0062137af.jpg,0,0.40978066623210907,0.9008413851261139,0.4160156548023224,0.19711536169052124,0.0034027099609375
000833_jpg.rf.a774fb7c4620c050e43d66a0062137af.jpg,11,0.5372596457600594,0.8972356021404266,0.9230769723653793,0.20432692766189575,0.0032978057861328125
000833_jpg.rf.a774fb7c4620c050e43d66a0062137af.jpg,13,0.8082932829856873,0.09284856170415878,0.018028855323791504,0.030048072338104248,0.0016870498657226562
000836_jpg.rf.c262dc2f875c2d27c5358091bec7f23c.jpg,13,0.8798077404499054,0.13356370315887034,0.14423078298568726,0.2614182713441551,0.94970703125
000836_jpg.rf.c262dc2f875c2d27c5358091bec7f23c.jpg,4,0.21664664149284363,0.2172476053237915,0.0234375,0.042668282985687256,0.131591796875
000836_jpg.rf.c262dc2f875c2d27c5358091bec7f23c.jpg,1,0.4399038702249527,0.07282902859151363,0.015024036169052124,0.07369290664792061,0.05792236328125
000836_jpg.rf.c262dc2f875c2d27c5358091bec7f23c.jpg,9,0.42157453298568726,0.7734375298023224,0.036658644676208496,0.06490379571914673,0.03582763671875
000836_jpg.rf.c262dc2f875c2d27c5358091bec7f23c.jpg,8,0.1304086595773697,0.08954327180981636,0.027944713830947876,0.057391829788684845,0.0231475830078125
000836_jpg.rf.c262dc2f875c2d27c5358091bec7f23c.jpg,7,0.42217549681663513,0.7734375298023224,0.035456717014312744,0.06490379571914673,0.0171051025390625
000836_jpg.rf.c262dc2f875c2d27c5358091bec7f23c.jpg,1,0.2436899170279503,0.07227501831948757,0.012019231915473938,0.07239708676934242,0.01495361328125
000836_jpg.rf.c262dc2f875c2d27c5358091bec7f23c.jpg,5,0.18419472128152847,0.2241586670279503,0.027043268084526062,0.054687514901161194,0.01306915283203125
000836_jpg.rf.c262dc2f875c2d27c5358091bec7f23c.jpg,1,0.3656851053237915,0.17983774840831757,0.010817289352416992,0.017427891492843628,0.011871337890625
000836_jpg.rf.c262dc2f875c2d27c5358091bec7f23c.jpg,1,0.13018329814076424,0.08826622925698757,0.026442311704158783,0.05438702180981636,0.0095977783203125
000836_jpg.rf.c262dc2f875c2d27c5358091bec7f23c.jpg,4,0.32692308723926544,0.22145432978868484,0.033653825521469116,0.051682695746421814,0.00536346435546875
000836_jpg.rf.c262dc2f875c2d27c5358091bec7f23c.jpg,4,0.18389423936605453,0.22385818511247635,0.027043268084526062,0.05438701808452606,0.004467010498046875
000836_jpg.rf.c262dc2f875c2d27c5358091bec7f23c.jpg,4,0.3677884638309479,0.17788462340831757,0.014423072338104248,0.013822108507156372,0.004150390625
000836_jpg.rf.c262dc2f875c2d27c5358091bec7f23c.jpg,4,0.21183894574642181,0.22175481170415878,0.022235572338104248,0.049879804253578186,0.0038394927978515625
000836_jpg.rf.c262dc2f875c2d27c5358091bec7f23c.jpg,4,0.36298078298568726,0.1805889531970024,0.014423072338104248,0.019831731915473938,0.003429412841796875
000836_jpg.rf.c262dc2f875c2d27c5358091bec7f23c.jpg,9,0.13025842234492302,0.0902944765985012,0.027343757450580597,0.055438704788684845,0.0029811859130859375
000836_jpg.rf.c262dc2f875c2d27c5358091bec7f23c.jpg,10,0.552884615957737,0.6188401728868484,0.8942307680845261,0.7551082074642181,0.0021152496337890625
000836_jpg.rf.c262dc2f875c2d27c5358091bec7f23c.jpg,1,0.26397237181663513,0.08871695026755333,0.010216355323791504,0.05213341861963272,0.0020503997802734375
000836_jpg.rf.c262dc2f875c2d27c5358091bec7f23c.jpg,12,0.42217549681663513,0.7710337042808533,0.03786057233810425,0.06730771064758301,0.0015974044799804688
000836_jpg.rf.c262dc2f875c2d27c5358091bec7f23c.jpg,7,0.13070914149284363,0.0888671912252903,0.031850963830947876,0.059344954788684845,0.0015850067138671875
000841_jpg.rf.82ac37a263cc3771094f878f75519d3c.jpg,7,0.7121394574642181,0.6126803010702133,0.29326921701431274,0.43569710850715637,0.9267578125
000841_jpg.rf.82ac37a263cc3771094f878f75519d3c.jpg,1,0.5919471383094788,0.008859488181769848,0.08173072338104248,0.017718976363539696,0.0026721954345703125
000841_jpg.rf.82ac37a263cc3771094f878f75519d3c.jpg,1,0.5258413851261139,0.7079327404499054,0.035456717014312744,0.08173078298568726,0.0022525787353515625
000841_jpg.rf.82ac37a263cc3771094f878f75519d3c.jpg,1,0.5219351202249527,0.6935096383094788,0.05949518084526062,0.11298072338104248,0.0015010833740234375
000854_JPG_jpg.rf.c2dbb2abedf6e49d74effc7a8945ed99.jpg,0,0.8359375298023224,0.3052884638309479,0.08413463830947876,0.041466355323791504,0.8447265625
000854_JPG_jpg.rf.c2dbb2abedf6e49d74effc7a8945ed99.jpg,0,0.037916917353868484,0.41676685214042664,0.07583383470773697,0.03786057233810425,0.81884765625
000854_JPG_jpg.rf.c2dbb2abedf6e49d74effc7a8945ed99.jpg,0,0.22295673936605453,0.6237981021404266,0.029146626591682434,0.019230782985687256,0.0252685546875
000854_JPG_jpg.rf.c2dbb2abedf6e49d74effc7a8945ed99.jpg,0,0.2133413553237915,0.6225961744785309,0.03425481915473938,0.020432651042938232,0.018768310546875
000854_JPG_jpg.rf.c2dbb2abedf6e49d74effc7a8945ed99.jpg,0,0.9885817468166351,0.2656250149011612,0.022836506366729736,0.11478367447853088,0.007518768310546875
000854_JPG_jpg.rf.c2dbb2abedf6e49d74effc7a8945ed99.jpg,0,0.5492788553237915,0.5655048191547394,0.009615421295166016,0.016826927661895752,0.0069580078125
000854_JPG_jpg.rf.c2dbb2abedf6e49d74effc7a8945ed99.jpg,0,0.22010216861963272,0.6340144574642181,0.02493990957736969,0.027644217014312744,0.003337860107421875
000854_JPG_jpg.rf.c2dbb2abedf6e49d74effc7a8945ed99.jpg,0,0.6021634936332703,0.25961539149284363,0.02283656597137451,0.03425478935241699,0.003223419189453125
000854_JPG_jpg.rf.c2dbb2abedf6e49d74effc7a8945ed99.jpg,1,0.18085186928510666,0.008357121969311265,0.06918568909168243,0.016601563642325345,0.0029697418212890625
000854_JPG_jpg.rf.c2dbb2abedf6e49d74effc7a8945ed99.jpg,0,0.9903846383094788,0.7181490659713745,0.01923072338104248,0.015625,0.0029010772705078125
000854_JPG_jpg.rf.c2dbb2abedf6e49d74effc7a8945ed99.jpg,0,0.9939903914928436,0.41826924681663513,0.012019217014312744,0.046875,0.002521514892578125
000860_jpg.rf.96ab0958df78e7af07071f6d1dd7b6e6.jpg,1,0.2928185313940048,0.22130409628152847,0.013521641492843628,0.05799280107021332,0.81982421875
000860_jpg.rf.96ab0958df78e7af07071f6d1dd7b6e6.jpg,1,0.7199519574642181,0.21063702553510666,0.014423072338104248,0.056490376591682434,0.56396484375
000860_jpg.rf.96ab0958df78e7af07071f6d1dd7b6e6.jpg,1,0.6887019574642181,0.20718149840831757,0.014423072338104248,0.045372605323791504,0.033721923828125
000860_jpg.rf.96ab0958df78e7af07071f6d1dd7b6e6.jpg,1,0.25841347873210907,0.21063702553510666,0.009615391492843628,0.028245195746421814,0.0301055908203125
000860_jpg.rf.96ab0958df78e7af07071f6d1dd7b6e6.jpg,0,0.8882211744785309,0.16045673936605453,0.012019217014312744,0.030348554253578186,0.0161590576171875
000860_jpg.rf.96ab0958df78e7af07071f6d1dd7b6e6.jpg,0,0.14776142686605453,0.2050781324505806,0.008864179253578186,0.03155048191547394,0.00787353515625
000860_jpg.rf.96ab0958df78e7af07071f6d1dd7b6e6.jpg,7,0.28695914149284363,0.2211538553237915,0.02163463830947876,0.052283644676208496,0.0043487548828125
000860_jpg.rf.96ab0958df78e7af07071f6d1dd7b6e6.jpg,0,0.8786058127880096,0.1616586595773697,0.00961536169052124,0.027043282985687256,0.001972198486328125
000860_jpg.rf.96ab0958df78e7af07071f6d1dd7b6e6.jpg,8,0.3164062649011612,0.22205529361963272,0.02644231915473938,0.03545673191547394,0.00154876708984375
000860_jpg.rf.96ab0958df78e7af07071f6d1dd7b6e6.jpg,1,0.6995192468166351,0.21198918670415878,0.016826927661895752,0.04717548191547394,0.00154876708984375
000860_jpg.rf.96ab0958df78e7af07071f6d1dd7b6e6.jpg,1,0.10704627633094788,0.3545673191547394,0.011117786169052124,0.03125,0.0012693405151367188
000860_jpg.rf.96ab0958df78e7af07071f6d1dd7b6e6.jpg,7,0.7433894574642181,0.20628005266189575,0.014423072338104248,0.020132213830947876,0.0012063980102539062
000866_JPG_jpg.rf.585d575b53d2e6e316c8abb2d07e4c17.jpg,0,0.3704928159713745,0.28786058723926544,0.11057692766189575,0.05168268084526062,0.83740234375
000866_JPG_jpg.rf.585d575b53d2e6e316c8abb2d07e4c17.jpg,0,0.5189303010702133,0.008253831776528386,0.04266825318336487,0.016394983256759588,0.049224853515625
000866_JPG_jpg.rf.585d575b53d2e6e316c8abb2d07e4c17.jpg,8,0.5649038553237915,0.009577824734151363,0.0625,0.018911508843302727,0.00284576416015625
000866_JPG_jpg.rf.585d575b53d2e6e316c8abb2d07e4c17.jpg,0,0.5204326957464218,0.015221229754388332,0.04507210850715637,0.030442459508776665,0.0017681121826171875
000867_JPG_jpg.rf.0961b153fd2cdd7f71455ca70b9226fc.jpg,0,0.3728966563940048,0.11673678457736969,0.14122596383094788,0.061899036169052124,0.8662109375
000872_JPG_jpg.rf.618811525dae8c1799c5093046e551c5.jpg,0,0.5207332074642181,0.21304087340831757,0.09194713830947876,0.04387018084526062,0.83740234375
000872_JPG_jpg.rf.618811525dae8c1799c5093046e551c5.jpg,0,0.4146634638309479,0.38161058723926544,0.04026442766189575,0.019230753183364868,0.61669921875
000872_JPG_jpg.rf.618811525dae8c1799c5093046e551c5.jpg,0,0.20522837340831757,0.4056490510702133,0.033653855323791504,0.019230753183364868,0.61328125
000872_JPG_jpg.rf.618811525dae8c1799c5093046e551c5.jpg,0,0.12094351276755333,0.41526444256305695,0.03725961595773697,0.021634608507156372,0.06280517578125
000872_JPG_jpg.rf.618811525dae8c1799c5093046e551c5.jpg,0,0.20342548936605453,0.42217549681663513,0.02884615957736969,0.051081717014312744,0.0246124267578125
000872_JPG_jpg.rf.618811525dae8c1799c5093046e551c5.jpg,0,0.21514423936605453,0.4212740510702133,0.020432695746421814,0.049278825521469116,0.0200958251953125
000872_JPG_jpg.rf.618811525dae8c1799c5093046e551c5.jpg,0,0.43629808723926544,0.37950722873210907,0.05108174681663513,0.017427891492843628,0.01016998291015625
000872_JPG_jpg.rf.618811525dae8c1799c5093046e551c5.jpg,0,0.1992187574505806,0.4038461595773697,0.04627405107021332,0.024038463830947876,0.00661468505859375
000872_JPG_jpg.rf.618811525dae8c1799c5093046e551c5.jpg,0,0.17067307978868484,0.4101562649011612,0.029447123408317566,0.021033674478530884,0.004039764404296875
000872_JPG_jpg.rf.618811525dae8c1799c5093046e551c5.jpg,0,0.2182992845773697,0.40655049681663513,0.053185105323791504,0.021033644676208496,0.001361846923828125
000872_JPG_jpg.rf.618811525dae8c1799c5093046e551c5.jpg,0,0.17461689561605453,0.4086538553237915,0.10869891941547394,0.027644217014312744,0.0010480880737304688
000883_JPG_jpg.rf.bcfbe7999ec1b4e660a155e0e145e234.jpg,0,0.303635835647583,0.2222055420279503,0.0844351053237915,0.047776445746421814,0.84912109375
000883_JPG_jpg.rf.bcfbe7999ec1b4e660a155e0e145e234.jpg,1,0.9939903914928436,0.3476562649011612,0.012019217014312744,0.09435096383094788,0.0011968612670898438
000887_jpg.rf.307baae87436b41df5a8a47635940201.jpg,1,0.5117187798023224,0.22055289149284363,0.01382213830947876,0.054086536169052124,0.7958984375
000887_jpg.rf.307baae87436b41df5a8a47635940201.jpg,1,0.3305288553237915,0.24489183723926544,0.014423072338104248,0.054086536169052124,0.79443359375
000887_jpg.rf.307baae87436b41df5a8a47635940201.jpg,12,0.7067307829856873,0.6832933127880096,0.026442289352416992,0.06610578298568726,0.06304931640625
000887_jpg.rf.307baae87436b41df5a8a47635940201.jpg,1,0.46995194256305695,0.45192310214042664,0.009014397859573364,0.028846144676208496,0.049224853515625
000887_jpg.rf.307baae87436b41df5a8a47635940201.jpg,5,0.7061298489570618,0.6838942766189575,0.026442289352416992,0.06730771064758301,0.022979736328125
000887_jpg.rf.307baae87436b41df5a8a47635940201.jpg,1,0.7884615659713745,0.2968750149011612,0.007211565971374512,0.021634608507156372,0.01678466796875
000887_jpg.rf.307baae87436b41df5a8a47635940201.jpg,9,0.7067307829856873,0.6826923489570618,0.028846144676208496,0.06730771064758301,0.0144500732421875
000887_jpg.rf.307baae87436b41df5a8a47635940201.jpg,0,0.2343750074505806,0.47926685214042664,0.018629804253578186,0.028846144676208496,0.011199951171875
000887_jpg.rf.307baae87436b41df5a8a47635940201.jpg,0,0.22626202553510666,0.47626203298568726,0.029447123408317566,0.030048072338104248,0.00577545166015625
000887_jpg.rf.307baae87436b41df5a8a47635940201.jpg,8,0.5267427861690521,0.21935097128152847,0.019831717014312744,0.05048076808452606,0.004573822021484375
000887_jpg.rf.307baae87436b41df5a8a47635940201.jpg,1,0.993990421295166,0.010162353893974796,0.010817289352416992,0.01911339460639283,0.003376007080078125
000887_jpg.rf.307baae87436b41df5a8a47635940201.jpg,0,0.005408653953054454,0.822115421295166,0.010535607187193818,0.1586538553237915,0.00307464599609375
000887_jpg.rf.307baae87436b41df5a8a47635940201.jpg,1,0.1625601053237915,0.015211839228868484,0.013822108507156372,0.03042367845773697,0.0029582977294921875
000887_jpg.rf.307baae87436b41df5a8a47635940201.jpg,1,0.4702524244785309,0.457932710647583,0.012019217014312744,0.041466355323791504,0.0017824172973632812
000887_jpg.rf.307baae87436b41df5a8a47635940201.jpg,0,0.9206731021404266,0.0053851790726184845,0.030048072338104248,0.010770358145236969,0.0014667510986328125
000887_jpg.rf.307baae87436b41df5a8a47635940201.jpg,1,0.1445312574505806,0.011756310239434242,0.017427876591682434,0.023512620478868484,0.0013990402221679688
000887_jpg.rf.307baae87436b41df5a8a47635940201.jpg,7,0.5228365361690521,0.22085337340831757,0.019230782985687256,0.0546875,0.0011968612670898438
000887_jpg.rf.307baae87436b41df5a8a47635940201.jpg,1,0.7860577404499054,0.297776460647583,0.014423072338104248,0.0234375,0.001129150390625
000897_JPG_jpg.rf.d8616645e7ae5a674caf3f2e17dab345.jpg,0,0.5006009787321091,0.15591195970773697,0.15144231915473938,0.07880108058452606,0.86083984375
000897_JPG_jpg.rf.d8616645e7ae5a674caf3f2e17dab345.jpg,1,0.9411058127880096,0.42788463830947876,0.05649036169052124,0.03125,0.00595855712890625
000897_JPG_jpg.rf.d8616645e7ae5a674caf3f2e17dab345.jpg,0,0.9939903914928436,0.43810097873210907,0.012019217014312744,0.06370189785957336,0.00400543212890625
000897_JPG_jpg.rf.d8616645e7ae5a674caf3f2e17dab345.jpg,0,0.9936899244785309,0.4531250298023224,0.012620151042938232,0.07932692766189575,0.00208282470703125
000897_JPG_jpg.rf.d8616645e7ae5a674caf3f2e17dab345.jpg,0,0.3960336744785309,0.25811298936605453,0.050480782985687256,0.20432694256305695,0.0018529891967773438
000897_JPG_jpg.rf.d8616645e7ae5a674caf3f2e17dab345.jpg,0,0.9939903914928436,0.411057710647583,0.012019217014312744,0.2109375,0.0012998580932617188
000897_JPG_jpg.rf.d8616645e7ae5a674caf3f2e17dab345.jpg,0,0.9945913553237915,0.25210336595773697,0.010817289352416992,0.1508413404226303,0.0012350082397460938
000898_JPG_jpg.rf.89de33253d01e0308735dc746aa4977f.jpg,0,0.4807692617177963,0.27599160373210907,0.07331731915473938,0.031850963830947876,0.84716796875
000898_JPG_jpg.rf.89de33253d01e0308735dc746aa4977f.jpg,0,0.22085337340831757,0.030104419216513634,0.014423072338104248,0.012432392686605453,0.0036640167236328125
000898_JPG_jpg.rf.89de33253d01e0308735dc746aa4977f.jpg,0,0.15009015053510666,0.4633413702249527,0.018629804253578186,0.027644246816635132,0.00130462646484375
000898_JPG_jpg.rf.89de33253d01e0308735dc746aa4977f.jpg,0,0.15362079441547394,0.4585336595773697,0.025991588830947876,0.024038463830947876,0.0011692047119140625
000898_JPG_jpg.rf.89de33253d01e0308735dc746aa4977f.jpg,0,0.1875000074505806,0.44951924681663513,0.012019231915473938,0.022235572338104248,0.0011339187622070312
000898_JPG_jpg.rf.89de33253d01e0308735dc746aa4977f.jpg,9,0.9795673191547394,0.2163461595773697,0.030048072338104248,0.03245192766189575,0.0011157989501953125
000898_JPG_jpg.rf.89de33253d01e0308735dc746aa4977f.jpg,1,0.34682993590831757,0.10817308351397514,0.14047476649284363,0.05333534628152847,0.0010814666748046875
000899_JPG_jpg.rf.44b9967b6405c6ad4f9ad7dfa2ad610d.jpg,0,0.6484375298023224,0.31430289149284363,0.10576921701431274,0.044471144676208496,0.841796875
000899_JPG_jpg.rf.44b9967b6405c6ad4f9ad7dfa2ad610d.jpg,0,0.22295673936605453,0.5480769574642181,0.01802884042263031,0.016826927661895752,0.0020503997802734375
000899_JPG_jpg.rf.44b9967b6405c6ad4f9ad7dfa2ad610d.jpg,1,0.19606371223926544,0.02809495385736227,0.021634608507156372,0.01171875186264515,0.0018968582153320312
000902_jpg.rf.f1be11af53a854bf0f07539ef71bfab7.jpg,1,0.528245210647583,0.21739784628152847,0.010216355323791504,0.048978373408317566,0.60595703125
000902_jpg.rf.f1be11af53a854bf0f07539ef71bfab7.jpg,1,0.5402644276618958,0.2163461670279503,0.015625,0.04717548191547394,0.55810546875
000902_jpg.rf.f1be11af53a854bf0f07539ef71bfab7.jpg,1,0.5228365361690521,0.21844952553510666,0.012019217014312744,0.04447115957736969,0.0953369140625
000902_jpg.rf.f1be11af53a854bf0f07539ef71bfab7.jpg,1,0.5168269276618958,0.21694712340831757,0.015625,0.046875,0.0225372314453125
000902_jpg.rf.f1be11af53a854bf0f07539ef71bfab7.jpg,14,0.5679086744785309,0.49879810214042664,0.8233173489570618,0.8725962042808533,0.015899658203125
000902_jpg.rf.f1be11af53a854bf0f07539ef71bfab7.jpg,11,0.5718149095773697,0.4993990585207939,0.8299278914928436,0.8798077255487442,0.006313323974609375
000902_jpg.rf.f1be11af53a854bf0f07539ef71bfab7.jpg,0,0.4429086744785309,0.12582632526755333,0.04567307233810425,0.026292063295841217,0.00482940673828125
000902_jpg.rf.f1be11af53a854bf0f07539ef71bfab7.jpg,8,0.13604267686605453,0.5606971383094788,0.009465143084526062,0.015625,0.003185272216796875
000902_jpg.rf.f1be11af53a854bf0f07539ef71bfab7.jpg,1,0.03245192479698744,0.7043269574642181,0.06482872939886875,0.28966349363327026,0.002704620361328125
000902_jpg.rf.f1be11af53a854bf0f07539ef71bfab7.jpg,1,0.442307710647583,0.12492487952113152,0.046875,0.024939902126789093,0.0024242401123046875
000902_jpg.rf.f1be11af53a854bf0f07539ef71bfab7.jpg,1,0.028677133843302727,0.7445913851261139,0.057354267686605453,0.08533650636672974,0.002323150634765625
000902_jpg.rf.f1be11af53a854bf0f07539ef71bfab7.jpg,10,0.5618990659713745,0.4819711595773697,0.8088942766189575,0.8846153914928436,0.0018749237060546875
000902_jpg.rf.f1be11af53a854bf0f07539ef71bfab7.jpg,1,0.01601938158273697,0.697265625,0.03203876316547394,0.2328726053237915,0.0018243789672851562
000902_jpg.rf.f1be11af53a854bf0f07539ef71bfab7.jpg,1,0.04987980969963246,0.7427884936332703,0.09960937900905265,0.09375,0.0015249252319335938
000902_jpg.rf.f1be11af53a854bf0f07539ef71bfab7.jpg,9,0.5631009936332703,0.5432692542672157,0.8137019872665405,0.7764423340559006,0.0014162063598632812
000902_jpg.rf.f1be11af53a854bf0f07539ef71bfab7.jpg,0,0.28109976649284363,0.21980169415473938,0.013221144676208496,0.012920677661895752,0.0013456344604492188
000908_JPG_jpg.rf.d4876c6a6657b36ba6b1c1626df8123d.jpg,0,0.20057091861963272,0.16169621795415878,0.10126201808452606,0.06182391941547394,0.87060546875
000908_JPG_jpg.rf.d4876c6a6657b36ba6b1c1626df8123d.jpg,0,0.9819711744785309,0.07880108698736876,0.03605765104293823,0.15249400050379336,0.033721923828125
000908_JPG_jpg.rf.d4876c6a6657b36ba6b1c1626df8123d.jpg,1,0.007563664490589872,0.44801683723926544,0.013793945487122983,0.03725960850715637,0.0169219970703125
000908_JPG_jpg.rf.d4876c6a6657b36ba6b1c1626df8123d.jpg,1,0.9831731021404266,0.07985276391264051,0.03365379571914673,0.1521935083437711,0.0070953369140625
000908_JPG_jpg.rf.d4876c6a6657b36ba6b1c1626df8123d.jpg,0,0.5949519276618958,0.4453125149011612,0.010216355323791504,0.01262018084526062,0.0055999755859375
000908_JPG_jpg.rf.d4876c6a6657b36ba6b1c1626df8123d.jpg,1,0.25946515053510666,0.2758413627743721,0.056490376591682434,0.13461540639400482,0.002323150634765625
000908_JPG_jpg.rf.d4876c6a6657b36ba6b1c1626df8123d.jpg,0,0.8335336744785309,0.5621995329856873,0.027644217014312744,0.018028855323791504,0.0018310546875
000922_JPG_jpg.rf.143f5b1a97d934ec4a71114055fa5a0b.jpg,0,0.5333533883094788,0.1542968787252903,0.2578125,0.08263220638036728,0.9013671875
000922_JPG_jpg.rf.143f5b1a97d934ec4a71114055fa5a0b.jpg,0,0.579026460647583,0.6838942468166351,0.060096144676208496,0.02163463830947876,0.1656494140625
000922_JPG_jpg.rf.143f5b1a97d934ec4a71114055fa5a0b.jpg,0,0.6340144574642181,0.7355769574642181,0.027644217014312744,0.019230782985687256,0.076416015625
000922_JPG_jpg.rf.143f5b1a97d934ec4a71114055fa5a0b.jpg,0,0.5805288851261139,0.6875000298023224,0.04507213830947876,0.02884620428085327,0.03021240234375
000922_JPG_jpg.rf.143f5b1a97d934ec4a71114055fa5a0b.jpg,1,0.5739182829856873,0.6838942468166351,0.05528843402862549,0.022836506366729736,0.0191192626953125
000922_JPG_jpg.rf.143f5b1a97d934ec4a71114055fa5a0b.jpg,0,0.6087740659713745,0.7385817468166351,0.02403843402862549,0.02163463830947876,0.0180511474609375
000922_JPG_jpg.rf.143f5b1a97d934ec4a71114055fa5a0b.jpg,0,0.6075721383094788,0.6887019276618958,0.025240421295166016,0.03125,0.01554107666015625
000922_JPG_jpg.rf.143f5b1a97d934ec4a71114055fa5a0b.jpg,0,0.6081731021404266,0.7307692766189575,0.024038493633270264,0.028846144676208496,0.00130462646484375
000922_JPG_jpg.rf.143f5b1a97d934ec4a71114055fa5a0b.jpg,0,0.6286057829856873,0.7475961744785309,0.02403843402862549,0.043269217014312744,0.0012645721435546875
000922_JPG_jpg.rf.143f5b1a97d934ec4a71114055fa5a0b.jpg,0,0.5655048489570618,0.6832932829856873,0.03605771064758301,0.02283656597137451,0.0012159347534179688
000922_JPG_jpg.rf.143f5b1a97d934ec4a71114055fa5a0b.jpg,0,0.6406250298023224,0.7487981021404266,0.020432651042938232,0.043269217014312744,0.0011606216430664062
000923_JPG_jpg.rf.f4e893778e08329a2b43abaef002f29e.jpg,0,0.3106220066547394,0.2509014531970024,0.07587140798568726,0.04326923191547394,0.85400390625
000923_JPG_jpg.rf.f4e893778e08329a2b43abaef002f29e.jpg,0,0.6514423191547394,0.3584735691547394,0.016826927661895752,0.043269217014312744,0.0017681121826171875
000923_JPG_jpg.rf.f4e893778e08329a2b43abaef002f29e.jpg,1,0.1343149095773697,0.23377405107021332,0.03305289149284363,0.016826927661895752,0.0010776519775390625
000934_JPG_jpg.rf.81031f117e2b4ac8b19c0cbe3bdd1d99.jpg,0,0.39182694256305695,0.16030649840831757,0.12139424681663513,0.06039664149284363,0.85986328125
000934_JPG_jpg.rf.81031f117e2b4ac8b19c0cbe3bdd1d99.jpg,0,0.6237981021404266,0.4843750149011612,0.04086536169052124,0.022836536169052124,0.82763671875
000934_JPG_jpg.rf.81031f117e2b4ac8b19c0cbe3bdd1d99.jpg,0,0.6195913553237915,0.48467549681663513,0.05408656597137451,0.028846144676208496,0.005428314208984375
000934_JPG_jpg.rf.81031f117e2b4ac8b19c0cbe3bdd1d99.jpg,0,0.005544809377170168,0.5958533883094788,0.010826698067830876,0.03185093402862549,0.0038089752197265625
000934_JPG_jpg.rf.81031f117e2b4ac8b19c0cbe3bdd1d99.jpg,0,0.986177921295166,0.5525841414928436,0.01201927661895752,0.012019217014312744,0.002590179443359375
000935_jpg.rf.a73778e8e15369b4706431ac25671fb4.jpg,0,0.5309495329856873,0.3140024095773697,0.013822078704833984,0.031850963830947876,0.470703125
000935_jpg.rf.a73778e8e15369b4706431ac25671fb4.jpg,0,0.504807710647583,0.31618089973926544,0.009615421295166016,0.029897838830947876,0.451416015625
000935_jpg.rf.a73778e8e15369b4706431ac25671fb4.jpg,0,0.5306490361690521,0.3226412385702133,0.014423072338104248,0.04101565480232239,0.1510009765625
000935_jpg.rf.a73778e8e15369b4706431ac25671fb4.jpg,0,0.504807710647583,0.3233173191547394,0.010817289352416992,0.03786057233810425,0.06683349609375
000935_jpg.rf.a73778e8e15369b4706431ac25671fb4.jpg,0,0.4483173191547394,0.24729568511247635,0.016826927661895752,0.06430290639400482,0.007289886474609375
000935_jpg.rf.a73778e8e15369b4706431ac25671fb4.jpg,0,0.5219351351261139,0.3164062649011612,0.009014427661895752,0.046274036169052124,0.00600433349609375
000935_jpg.rf.a73778e8e15369b4706431ac25671fb4.jpg,0,0.5276442468166351,0.3003305345773697,0.013221204280853271,0.06219950318336487,0.0038394927978515625
000935_jpg.rf.a73778e8e15369b4706431ac25671fb4.jpg,1,0.5510817766189575,0.07234074547886848,0.018028855323791504,0.03891225904226303,0.0029697418212890625
000935_jpg.rf.a73778e8e15369b4706431ac25671fb4.jpg,0,0.5033053010702133,0.2823016867041588,0.01442304253578186,0.09284855425357819,0.0029125213623046875
000935_jpg.rf.a73778e8e15369b4706431ac25671fb4.jpg,7,0.5522836744785309,0.0705378632992506,0.01802879571914673,0.03455528989434242,0.0016355514526367188
000935_jpg.rf.a73778e8e15369b4706431ac25671fb4.jpg,0,0.49879808723926544,0.3179086744785309,0.02043268084526062,0.028846144676208496,0.0014781951904296875
000936_jpg.rf.66c50dea6603f9ecc83f8b79c88a2f54.jpg,1,0.6334134936332703,0.9555288851261139,0.018028855323791504,0.07091349363327026,0.69775390625
000936_jpg.rf.66c50dea6603f9ecc83f8b79c88a2f54.jpg,1,0.5937500298023224,0.9585336744785309,0.020432651042938232,0.07451921701431274,0.60595703125
000936_jpg.rf.66c50dea6603f9ecc83f8b79c88a2f54.jpg,8,0.6586538553237915,0.947115421295166,0.026442289352416992,0.04567313194274902,0.0823974609375
000936_jpg.rf.66c50dea6603f9ecc83f8b79c88a2f54.jpg,1,0.6592548489570618,0.9543269872665405,0.028846144676208496,0.0625,0.00971221923828125
000938_JPG_jpg.rf.bf51e9c0b4a1d133c3e73bf56c2d2062.jpg,0,0.36207935214042664,0.19155649840831757,0.1195913553237915,0.06520432233810425,0.89404296875
000938_JPG_jpg.rf.bf51e9c0b4a1d133c3e73bf56c2d2062.jpg,1,0.3900240510702133,0.41917069256305695,0.009014397859573364,0.011418253183364868,0.0010986328125
000941_JPG_jpg.rf.9afc696caf8c7db27bf2134dd5660a27.jpg,0,0.3662860691547394,0.17683293670415878,0.10757213830947876,0.056790873408317566,0.85400390625
000941_JPG_jpg.rf.9afc696caf8c7db27bf2134dd5660a27.jpg,0,0.1942608281970024,0.31557995080947876,0.07241587340831757,0.03831130266189575,0.81298828125
000941_JPG_jpg.rf.9afc696caf8c7db27bf2134dd5660a27.jpg,1,0.22641226649284363,0.0791015662252903,0.013221144676208496,0.032451920211315155,0.00183868408203125
000944_JPG_jpg.rf.a0b81118199b4d11ccb859c15d0cb1f6.jpg,0,0.2925180420279503,0.10148738324642181,0.15895433723926544,0.07106369733810425,0.873046875
000944_JPG_jpg.rf.a0b81118199b4d11ccb859c15d0cb1f6.jpg,0,0.4477163553237915,0.3822115510702133,0.078125,0.03605768084526062,0.84716796875
000944_JPG_jpg.rf.a0b81118199b4d11ccb859c15d0cb1f6.jpg,0,0.6406250298023224,0.5240384936332703,0.04567307233810425,0.020432710647583008,0.77587890625
000944_JPG_jpg.rf.a0b81118199b4d11ccb859c15d0cb1f6.jpg,0,0.48016828298568726,0.4447115510702133,0.08293271064758301,0.02644231915473938,0.153076171875
000944_JPG_jpg.rf.a0b81118199b4d11ccb859c15d0cb1f6.jpg,1,0.11583533883094788,0.8461538851261139,0.06911057233810425,0.038461506366729736,0.01029205322265625
000944_JPG_jpg.rf.a0b81118199b4d11ccb859c15d0cb1f6.jpg,1,0.3954326957464218,0.6778846383094788,0.054086536169052124,0.026442289352416992,0.0035648345947265625
000944_JPG_jpg.rf.a0b81118199b4d11ccb859c15d0cb1f6.jpg,8,0.9338942468166351,0.7294171154499054,0.13221150636672974,0.32241588830947876,0.002590179443359375
000944_JPG_jpg.rf.a0b81118199b4d11ccb859c15d0cb1f6.jpg,0,0.5153245627880096,0.5570913851261139,0.014423072338104248,0.05288463830947876,0.0019121170043945312
000945_JPG_jpg.rf.ad79e318355923e68a10f1678fe9b6bf.jpg,0,0.22325721755623817,0.13491586595773697,0.3094952031970024,0.11748798191547394,0.92236328125
000945_JPG_jpg.rf.ad79e318355923e68a10f1678fe9b6bf.jpg,0,0.5279447436332703,0.6066706776618958,0.15024042129516602,0.057091355323791504,0.85302734375
000945_JPG_jpg.rf.ad79e318355923e68a10f1678fe9b6bf.jpg,0,0.8966346681118011,0.8509615659713745,0.11298078298568726,0.033653855323791504,0.69287109375
000945_JPG_jpg.rf.ad79e318355923e68a10f1678fe9b6bf.jpg,0,0.6006610989570618,0.7145433127880096,0.1772836446762085,0.04807692766189575,0.326904296875
000945_JPG_jpg.rf.ad79e318355923e68a10f1678fe9b6bf.jpg,0,0.9224759936332703,0.8497596383094788,0.0625,0.033653855323791504,0.007289886474609375
000945_JPG_jpg.rf.ad79e318355923e68a10f1678fe9b6bf.jpg,0,0.4639423191547394,0.8629807829856873,0.0679086446762085,0.060096144676208496,0.004848480224609375
000945_JPG_jpg.rf.ad79e318355923e68a10f1678fe9b6bf.jpg,1,0.46454329788684845,0.8629807829856873,0.06971153616905212,0.0625,0.0041656494140625
000945_JPG_jpg.rf.ad79e318355923e68a10f1678fe9b6bf.jpg,8,0.46454328298568726,0.8629808127880096,0.06850963830947876,0.06370192766189575,0.0028667449951171875
000945_JPG_jpg.rf.ad79e318355923e68a10f1678fe9b6bf.jpg,1,0.6003606021404266,0.7151442468166351,0.17788463830947876,0.04807692766189575,0.0016231536865234375
000946_JPG_jpg.rf.d747fd05b21ff8ac85c05629986ae344.jpg,0,0.40054087340831757,0.22235578298568726,0.10997596383094788,0.0546875,0.83447265625
000946_JPG_jpg.rf.d747fd05b21ff8ac85c05629986ae344.jpg,9,0.06213379092514515,0.18239182978868484,0.06638747081160545,0.07121394574642181,0.74609375
000946_JPG_jpg.rf.d747fd05b21ff8ac85c05629986ae344.jpg,7,0.062462443485856056,0.18284255266189575,0.06527945026755333,0.07301682233810425,0.2186279296875
000946_JPG_jpg.rf.d747fd05b21ff8ac85c05629986ae344.jpg,0,0.8743990659713745,0.5300481021404266,0.018028855323791504,0.04807692766189575,0.003780364990234375
000946_JPG_jpg.rf.d747fd05b21ff8ac85c05629986ae344.jpg,0,0.4092548191547394,0.5102163553237915,0.026442289352416992,0.013221144676208496,0.0019121170043945312
000946_JPG_jpg.rf.d747fd05b21ff8ac85c05629986ae344.jpg,0,0.09147761762142181,0.44260819256305695,0.03789813816547394,0.02824518084526062,0.0010242462158203125
000946_jpg.rf.18bf1b977f56cc49545942b86ac7c739.jpg,0,0.0739558320492506,0.8786057829856873,0.025165263563394547,0.0961538553237915,0.85302734375
000946_jpg.rf.18bf1b977f56cc49545942b86ac7c739.jpg,0,0.5234375298023224,0.845552921295166,0.030048072338104248,0.10456728935241699,0.72314453125
000946_jpg.rf.18bf1b977f56cc49545942b86ac7c739.jpg,0,0.5030048340559006,0.989182710647583,0.013221174478530884,0.021634578704833984,0.167724609375
000946_jpg.rf.18bf1b977f56cc49545942b86ac7c739.jpg,7,0.5766226351261139,0.8473558127880096,0.03245192766189575,0.06971150636672974,0.063720703125
000946_jpg.rf.18bf1b977f56cc49545942b86ac7c739.jpg,8,0.575120210647583,0.8449519574642181,0.033653855323791504,0.07211536169052124,0.037322998046875
000946_jpg.rf.18bf1b977f56cc49545942b86ac7c739.jpg,10,0.575120210647583,0.8449519574642181,0.033653855323791504,0.07451921701431274,0.0296478271484375
000946_jpg.rf.18bf1b977f56cc49545942b86ac7c739.jpg,9,0.5748197436332703,0.845552921295166,0.033052921295166016,0.07331728935241699,0.0210418701171875
000946_jpg.rf.18bf1b977f56cc49545942b86ac7c739.jpg,0,0.4990985691547394,0.9879808127880096,0.019230782985687256,0.022836506366729736,0.01142120361328125
000946_jpg.rf.18bf1b977f56cc49545942b86ac7c739.jpg,0,0.528245210647583,0.9915865659713745,0.026442289352416992,0.016826868057250977,0.0034961700439453125
000946_jpg.rf.18bf1b977f56cc49545942b86ac7c739.jpg,0,0.5459735691547394,0.8467548191547394,0.027644217014312744,0.09735578298568726,0.00279998779296875
000946_jpg.rf.18bf1b977f56cc49545942b86ac7c739.jpg,0,0.04383263364434242,0.8810096383094788,0.027043268084526062,0.08894228935241699,0.0014553070068359375
000946_jpg.rf.18bf1b977f56cc49545942b86ac7c739.jpg,8,0.042959362268447876,0.8798077404499054,0.028864935040473938,0.08653849363327026,0.0011510848999023438
000946_jpg.rf.18bf1b977f56cc49545942b86ac7c739.jpg,0,0.34795674681663513,0.6225962042808533,0.015625,0.015625,0.0010480880737304688
000949_JPG_jpg.rf.dffe53a303ce089bd4001a13de0cc7bd.jpg,0,0.28004809096455574,0.13273738510906696,0.34254809468984604,0.1488882265985012,0.93115234375
000949_JPG_jpg.rf.dffe53a303ce089bd4001a13de0cc7bd.jpg,1,0.7331731021404266,0.8149038851261139,0.04807692766189575,0.04206734895706177,0.0011510848999023438
000954_JPG_jpg.rf.2633035aaeb19e6f2005bf2f8f5d3ebd.jpg,0,0.47385820746421814,0.24969952553510666,0.12319713830947876,0.061598554253578186,0.83642578125
000954_JPG_jpg.rf.2633035aaeb19e6f2005bf2f8f5d3ebd.jpg,0,0.39963942766189575,0.5871394276618958,0.030048072338104248,0.021033644676208496,0.1666259765625
000954_JPG_jpg.rf.2633035aaeb19e6f2005bf2f8f5d3ebd.jpg,0,0.4038461744785309,0.5916466414928436,0.03125,0.02944713830947876,0.0200958251953125
000954_JPG_jpg.rf.2633035aaeb19e6f2005bf2f8f5d3ebd.jpg,0,0.7367788851261139,0.5922476053237915,0.06370192766189575,0.044471144676208496,0.003650665283203125
000954_JPG_jpg.rf.2633035aaeb19e6f2005bf2f8f5d3ebd.jpg,1,0.993990421295166,0.18284256011247635,0.009615421295166016,0.04837740957736969,0.0021820068359375
000954_JPG_jpg.rf.2633035aaeb19e6f2005bf2f8f5d3ebd.jpg,1,0.38100963830947876,0.5859375,0.03245192766189575,0.021033644676208496,0.0018529891967773438
000954_JPG_jpg.rf.2633035aaeb19e6f2005bf2f8f5d3ebd.jpg,1,0.15129207074642181,0.16706731170415878,0.014423072338104248,0.012620195746421814,0.0014209747314453125
000959_jpg.rf.5bf1b1614cead2ae3ed908c0373143c1.jpg,0,0.5186298191547394,0.2884615361690521,0.012019217014312744,0.046875,0.7578125
000959_jpg.rf.5bf1b1614cead2ae3ed908c0373143c1.jpg,0,0.38701924681663513,0.2959735542535782,0.014423072338104248,0.047475963830947876,0.740234375
000959_jpg.rf.5bf1b1614cead2ae3ed908c0373143c1.jpg,12,0.5940504968166351,0.45282453298568726,0.018629848957061768,0.041466355323791504,0.00582122802734375
000959_jpg.rf.5bf1b1614cead2ae3ed908c0373143c1.jpg,0,0.5207332074642181,0.29326924681663513,0.016826927661895752,0.051081717014312744,0.004520416259765625
000959_jpg.rf.5bf1b1614cead2ae3ed908c0373143c1.jpg,1,0.4233774244785309,0.005366398952901363,0.03605771064758301,0.010732797905802727,0.0030517578125
000959_jpg.rf.5bf1b1614cead2ae3ed908c0373143c1.jpg,0,0.27704328298568726,0.3359375149011612,0.014423072338104248,0.013221174478530884,0.002452850341796875
000959_jpg.rf.5bf1b1614cead2ae3ed908c0373143c1.jpg,8,0.49819713830947876,0.2850060313940048,0.025841355323791504,0.03695914149284363,0.001926422119140625
000959_jpg.rf.5bf1b1614cead2ae3ed908c0373143c1.jpg,1,0.348557710647583,0.007990910671651363,0.041466355323791504,0.015981821343302727,0.0018100738525390625
000959_jpg.rf.5bf1b1614cead2ae3ed908c0373143c1.jpg,1,0.5943509936332703,0.45673078298568726,0.018028855323791504,0.050480782985687256,0.0013456344604492188
000959_jpg.rf.5bf1b1614cead2ae3ed908c0373143c1.jpg,0,0.5177283585071564,0.2862079441547394,0.016826927661895752,0.056189894676208496,0.0010814666748046875
000961_jpg.rf.805df5d6f453caa3c1fa8a87893ec991.jpg,0,0.5288461446762085,0.26231972873210907,0.015625,0.05108174681663513,0.830078125
000961_jpg.rf.805df5d6f453caa3c1fa8a87893ec991.jpg,0,0.43629808723926544,0.26592549681663513,0.016225963830947876,0.053185105323791504,0.8154296875
000961_jpg.rf.805df5d6f453caa3c1fa8a87893ec991.jpg,0,0.44411060214042664,0.2674278989434242,0.018028855323791504,0.04747597873210907,0.010528564453125
000961_jpg.rf.805df5d6f453caa3c1fa8a87893ec991.jpg,1,0.6304086744785309,0.012901893675007159,0.014423072338104248,0.025653546959802043,0.007518768310546875
000961_jpg.rf.805df5d6f453caa3c1fa8a87893ec991.jpg,8,0.4194711595773697,0.2651742920279503,0.025240391492843628,0.04056490957736969,0.002414703369140625
000961_jpg.rf.805df5d6f453caa3c1fa8a87893ec991.jpg,1,0.9915865659713745,0.031193661445286125,0.016826868057250977,0.06133564014453441,0.0021991729736328125
000961_jpg.rf.805df5d6f453caa3c1fa8a87893ec991.jpg,1,0.6123798191547394,0.009728065560921095,0.016826927661895752,0.01881760943797417,0.0017004013061523438
000961_jpg.rf.805df5d6f453caa3c1fa8a87893ec991.jpg,1,0.645432710647583,0.012995793484151363,0.021634578704833984,0.025991586968302727,0.00131988525390625
000966_JPG_jpg.rf.87fa55fbebc4989000b890b88765c712.jpg,0,0.2656250074505806,0.12252103537321091,0.09855769574642181,0.05634014308452606,0.87646484375
000966_JPG_jpg.rf.87fa55fbebc4989000b890b88765c712.jpg,0,0.9326923489570618,0.005042443051934242,0.052884578704833984,0.010084886103868484,0.0066680908203125
000966_JPG_jpg.rf.87fa55fbebc4989000b890b88765c712.jpg,0,0.9945913553237915,0.3936298340559006,0.010817289352416992,0.07091346383094788,0.004962921142578125
000966_JPG_jpg.rf.87fa55fbebc4989000b890b88765c712.jpg,1,0.014526367617690994,0.11072716489434242,0.02901517513782892,0.05919470638036728,0.0035381317138671875
000966_JPG_jpg.rf.87fa55fbebc4989000b890b88765c712.jpg,0,0.013324444182217121,0.10674579814076424,0.026648888364434242,0.06280048936605453,0.0031719207763671875
000966_JPG_jpg.rf.87fa55fbebc4989000b890b88765c712.jpg,0,0.9891827404499054,0.22385817766189575,0.019230782985687256,0.1538461446762085,0.0029239654541015625
000966_JPG_jpg.rf.87fa55fbebc4989000b890b88765c712.jpg,1,0.9903846383094788,0.052509017288684845,0.018028855323791504,0.09525240957736969,0.0021076202392578125
000966_JPG_jpg.rf.87fa55fbebc4989000b890b88765c712.jpg,1,0.008488582447171211,0.10464243218302727,0.016977164894342422,0.05814302712678909,0.0014896392822265625
000966_JPG_jpg.rf.87fa55fbebc4989000b890b88765c712.jpg,1,0.9903846383094788,0.01240422177943401,0.01923072338104248,0.02304311894113198,0.0010318756103515625
000967_jpg.rf.c03a4af67b2c09d534327ef7de40de4c.jpg,1,0.6418269574642181,0.09812575578689575,0.027644217014312744,0.10032302141189575,0.81640625
000967_jpg.rf.c03a4af67b2c09d534327ef7de40de4c.jpg,1,0.8088942468166351,0.09097055532038212,0.024038493633270264,0.10051081702113152,0.7373046875
000967_jpg.rf.c03a4af67b2c09d534327ef7de40de4c.jpg,1,0.17848558723926544,0.008676382713019848,0.03786057233810425,0.017352765426039696,0.02655029296875
000967_jpg.rf.c03a4af67b2c09d534327ef7de40de4c.jpg,5,0.26096755266189575,0.6754807829856873,0.03395432233810425,0.06730771064758301,0.0245208740234375
000967_jpg.rf.c03a4af67b2c09d534327ef7de40de4c.jpg,9,0.2606670707464218,0.6772836744785309,0.035757213830947876,0.06370192766189575,0.0230712890625
000967_jpg.rf.c03a4af67b2c09d534327ef7de40de4c.jpg,5,0.26532453298568726,0.7920673489570618,0.04567307233810425,0.078125,0.01348114013671875
000967_jpg.rf.c03a4af67b2c09d534327ef7de40de4c.jpg,1,0.9951923191547394,0.28140024840831757,0.00961536169052124,0.06941106915473938,0.01267242431640625
000967_jpg.rf.c03a4af67b2c09d534327ef7de40de4c.jpg,5,0.5084134787321091,0.6515925824642181,0.05288460850715637,0.09344953298568726,0.01085662841796875
000967_jpg.rf.c03a4af67b2c09d534327ef7de40de4c.jpg,3,0.2656250074505806,0.793870210647583,0.042968735098838806,0.0805288553237915,0.00426483154296875
000967_jpg.rf.c03a4af67b2c09d534327ef7de40de4c.jpg,1,0.1766827031970024,0.015531100332736969,0.03665865957736969,0.031062200665473938,0.00345611572265625
000967_jpg.rf.c03a4af67b2c09d534327ef7de40de4c.jpg,1,0.8792067766189575,0.4038461744785309,0.010817289352416992,0.027644217014312744,0.002590179443359375
000967_jpg.rf.c03a4af67b2c09d534327ef7de40de4c.jpg,9,0.09194711968302727,0.28575722873210907,0.03290265053510666,0.039663463830947876,0.0014209747314453125
000967_jpg.rf.c03a4af67b2c09d534327ef7de40de4c.jpg,0,0.48888224363327026,0.9927884936332703,0.041466355323791504,0.014423012733459473,0.0013885498046875
000967_jpg.rf.c03a4af67b2c09d534327ef7de40de4c.jpg,1,0.9933894574642181,0.0289212753996253,0.012019217014312744,0.03906250186264515,0.0010242462158203125
000983_JPG_jpg.rf.435a52389bec50fc37b8d83dc287f3ed.jpg,0,0.5880408883094788,0.06122295744717121,0.2914663553237915,0.08879206702113152,0.9013671875
000983_JPG_jpg.rf.435a52389bec50fc37b8d83dc287f3ed.jpg,0,0.24834736436605453,0.4248798191547394,0.0976562649011612,0.034855782985687256,0.84375
000983_JPG_jpg.rf.435a52389bec50fc37b8d83dc287f3ed.jpg,1,0.19275842607021332,0.009404109361639712,0.05979567766189575,0.018601638192194514,0.0010862350463867188
000985_JPG_jpg.rf.858faffcae4167e233b829d2f744f34f.jpg,0,0.3197866678237915,0.11350661516189575,0.130859375,0.05543869733810425,0.85302734375
000985_JPG_jpg.rf.858faffcae4167e233b829d2f744f34f.jpg,0,0.9927884936332703,0.3266226053237915,0.014423012733459473,0.034855782985687256,0.003223419189453125
000985_JPG_jpg.rf.858faffcae4167e233b829d2f744f34f.jpg,1,0.4555288553237915,0.4789663702249527,0.03125,0.02043268084526062,0.003040313720703125
000985_JPG_jpg.rf.858faffcae4167e233b829d2f744f34f.jpg,12,0.45432694256305695,0.4795673340559006,0.028846174478530884,0.022836536169052124,0.0010318756103515625
000989_JPG_jpg.rf.190d2ec887677882e3d1c869a542aa26.jpg,0,0.41856972873210907,0.1567007303237915,0.1953125298023224,0.09104567766189575,0.8984375
000989_JPG_jpg.rf.190d2ec887677882e3d1c869a542aa26.jpg,0,0.27223558723926544,0.582932710647583,0.03545674681663513,0.018028855323791504,0.716796875
000989_JPG_jpg.rf.190d2ec887677882e3d1c869a542aa26.jpg,1,0.7199519574642181,0.3743990510702133,0.026442348957061768,0.018028825521469116,0.1883544921875
000989_JPG_jpg.rf.190d2ec887677882e3d1c869a542aa26.jpg,1,0.7289663851261139,0.37379808723926544,0.034855782985687256,0.019230753183364868,0.09503173828125
000989_JPG_jpg.rf.190d2ec887677882e3d1c869a542aa26.jpg,1,0.712740421295166,0.37379808723926544,0.033653855323791504,0.019230753183364868,0.01337432861328125
000989_JPG_jpg.rf.190d2ec887677882e3d1c869a542aa26.jpg,0,0.814302921295166,0.5456730723381042,0.03846156597137451,0.015625,0.006565093994140625
000989_JPG_jpg.rf.190d2ec887677882e3d1c869a542aa26.jpg,0,0.2710336595773697,0.5781250298023224,0.036658674478530884,0.024038493633270264,0.0058441162109375
000989_JPG_jpg.rf.190d2ec887677882e3d1c869a542aa26.jpg,1,0.7175481021404266,0.3804086744785309,0.019230782985687256,0.030048072338104248,0.0050201416015625
000989_JPG_jpg.rf.190d2ec887677882e3d1c869a542aa26.jpg,1,0.8010817468166351,0.4014423340559006,0.012019217014312744,0.025240391492843628,0.0018825531005859375
000989_JPG_jpg.rf.190d2ec887677882e3d1c869a542aa26.jpg,0,0.2764423191547394,0.5354567766189575,0.02524036169052124,0.03125,0.0015544891357421875
000989_JPG_jpg.rf.190d2ec887677882e3d1c869a542aa26.jpg,1,0.7223557829856873,0.36838942766189575,0.03125,0.03245192766189575,0.0010986328125
000994_jpg.rf.a4d87f8cd54a7a19e0081461e279a335.jpg,0,0.457932710647583,0.861177921295166,0.034855782985687256,0.1334134340286255,0.87158203125
000994_jpg.rf.a4d87f8cd54a7a19e0081461e279a335.jpg,0,0.008394681848585606,0.8762019574642181,0.01678936369717121,0.12980765104293823,0.69775390625
000994_jpg.rf.a4d87f8cd54a7a19e0081461e279a335.jpg,0,0.49819712340831757,0.9525240957736969,0.016826897859573364,0.012019217014312744,0.190673828125
000994_jpg.rf.a4d87f8cd54a7a19e0081461e279a335.jpg,0,0.5009014755487442,0.9531250298023224,0.017427891492843628,0.00961536169052124,0.08599853515625
000994_jpg.rf.a4d87f8cd54a7a19e0081461e279a335.jpg,0,0.23647837340831757,0.9951923191547394,0.016826927661895752,0.00961536169052124,0.00586700439453125
000994_jpg.rf.a4d87f8cd54a7a19e0081461e279a335.jpg,0,0.5688101053237915,0.9933894574642181,0.028245210647583008,0.012019217014312744,0.00327301025390625
000994_jpg.rf.a4d87f8cd54a7a19e0081461e279a335.jpg,1,0.27704328298568726,0.9927884936332703,0.014423072338104248,0.009615421295166016,0.0020427703857421875
000994_jpg.rf.a4d87f8cd54a7a19e0081461e279a335.jpg,7,0.027306190691888332,0.8786058127880096,0.03275240398943424,0.07932692766189575,0.0013151168823242188
000994_jpg.rf.a4d87f8cd54a7a19e0081461e279a335.jpg,0,0.22746394574642181,0.9945913553237915,0.016225963830947876,0.010817289352416992,0.0012111663818359375
001000_jpg.rf.55d2c5392c587e099e386a6406bff14f.jpg,3,0.20676833763718605,0.2847055457532406,0.21987681835889816,0.3837139680981636,0.9345703125
001000_jpg.rf.55d2c5392c587e099e386a6406bff14f.jpg,1,0.08295147307217121,0.013155424396245508,0.041428785771131516,0.02619816849619383,0.001789093017578125
001004_jpg.rf.b5403b891cecfc5231ff9ef14b3534ae.jpg,3,0.500901460647583,0.39535757899284363,0.278245210647583,0.21168869733810425,0.9521484375
001004_jpg.rf.b5403b891cecfc5231ff9ef14b3534ae.jpg,3,0.4861778896301985,0.3125,0.923076931387186,0.625,0.0020580291748046875
001014_jpg.rf.b5f73c9eb6dc1a27fd9ec0323fb5d210.jpg,3,0.29281851649284363,0.22205529361963272,0.2124398946762085,0.3407451957464218,0.96142578125
001019_jpg.rf.c53eaf43c583c2bdb0f57c91179329f9.jpg,0,0.5588942468166351,0.11020132899284363,0.030649006366729736,0.11703726649284363,0.84375
001019_jpg.rf.c53eaf43c583c2bdb0f57c91179329f9.jpg,0,0.16511418670415878,0.13777044042944908,0.028245195746421814,0.1171875074505806,0.83203125
001019_jpg.rf.c53eaf43c583c2bdb0f57c91179329f9.jpg,1,0.505108192563057,0.014347957447171211,0.012019246816635132,0.028695914894342422,0.0054473876953125
001019_jpg.rf.c53eaf43c583c2bdb0f57c91179329f9.jpg,1,0.4963942617177963,0.011305589589028386,0.013221174478530884,0.022498498881759588,0.005138397216796875
001019_jpg.rf.c53eaf43c583c2bdb0f57c91179329f9.jpg,1,0.8419471383094788,0.022536058839250472,0.015625,0.04499699748339481,0.0031108856201171875
001019_jpg.rf.c53eaf43c583c2bdb0f57c91179329f9.jpg,0,0.9945913553237915,0.49879810214042664,0.010817289352416992,0.04807692766189575,0.0024051666259765625
001019_jpg.rf.c53eaf43c583c2bdb0f57c91179329f9.jpg,1,0.8245192766189575,0.021521935239434242,0.02283656597137451,0.043043870478868484,0.00106048583984375
001023_jpg.rf.f7de58bb03c2e2a346432baa358b4c3e.jpg,3,0.29326923936605453,0.2782452031970024,0.2085336595773697,0.25420673191547394,0.9541015625
001023_jpg.rf.f7de58bb03c2e2a346432baa358b4c3e.jpg,1,0.829927921295166,0.9531250298023224,0.03485572338104248,0.07211536169052124,0.0036792755126953125
001028_jpg.rf.7a77036407cf037c2415b436fde7826b.jpg,3,0.7403846383094788,0.21394231915473938,0.1225961446762085,0.1640625,0.94921875
001028_jpg.rf.7a77036407cf037c2415b436fde7826b.jpg,1,0.5210336893796921,0.40444712340831757,0.05769231915473938,0.02824518084526062,0.0036640167236328125
001028_jpg.rf.7a77036407cf037c2415b436fde7826b.jpg,1,0.5300481021404266,0.4056490510702133,0.04807692766189575,0.022836536169052124,0.0029010772705078125
001028_jpg.rf.7a77036407cf037c2415b436fde7826b.jpg,0,0.5324519276618958,0.4047476053237915,0.04627406597137451,0.024639427661895752,0.0014162063598632812
001031_jpg.rf.2b5fd42d6b8a7d445183a468803e57b9.jpg,3,0.5402644276618958,0.34885819256305695,0.182692289352417,0.2788461744785309,0.94287109375
001035_jpg.rf.8bb44e874531b88eb7bdff9082c78a43.jpg,3,0.6117788702249527,0.4447115659713745,0.39423081278800964,0.545673131942749,0.93603515625
001035_jpg.rf.8bb44e874531b88eb7bdff9082c78a43.jpg,0,0.4819711893796921,0.013014573603868484,0.15384617447853088,0.02602914720773697,0.0092315673828125
001049_jpg.rf.e527b2a1edfb88b1fbfb9542d33a9a27.jpg,0,0.33323317766189575,0.18765024095773697,0.021033644676208496,0.07842548191547394,0.79052734375
001049_jpg.rf.e527b2a1edfb88b1fbfb9542d33a9a27.jpg,0,0.5552884936332703,0.1689077615737915,0.02403843402862549,0.0810546875,0.7490234375
001049_jpg.rf.e527b2a1edfb88b1fbfb9542d33a9a27.jpg,8,0.020094651728868484,0.3647836595773697,0.04018930345773697,0.05288460850715637,0.1761474609375
001049_jpg.rf.e527b2a1edfb88b1fbfb9542d33a9a27.jpg,0,0.9747596681118011,0.27133414149284363,0.019230782985687256,0.052283644676208496,0.138427734375
001049_jpg.rf.e527b2a1edfb88b1fbfb9542d33a9a27.jpg,13,0.9362981021404266,0.4062500149011612,0.012019217014312744,0.023437529802322388,0.002452850341796875
001049_jpg.rf.e527b2a1edfb88b1fbfb9542d33a9a27.jpg,1,0.012169471800007159,0.6412259638309479,0.024188703209802043,0.11298078298568726,0.0020999908447265625
001049_jpg.rf.e527b2a1edfb88b1fbfb9542d33a9a27.jpg,0,0.9843750298023224,0.2749399095773697,0.019230782985687256,0.05258414149284363,0.001956939697265625
001049_jpg.rf.e527b2a1edfb88b1fbfb9542d33a9a27.jpg,3,0.019681491818118957,0.3617788553237915,0.039287863441131776,0.058894217014312744,0.0018100738525390625
001049_jpg.rf.e527b2a1edfb88b1fbfb9542d33a9a27.jpg,11,0.02484600432217121,0.45913463830947876,0.04969200864434242,0.14242792129516602,0.0015611648559570312
001049_jpg.rf.e527b2a1edfb88b1fbfb9542d33a9a27.jpg,8,0.9519231021404266,0.27013222873210907,0.04086536169052124,0.04206731915473938,0.0015192031860351562
001049_jpg.rf.e527b2a1edfb88b1fbfb9542d33a9a27.jpg,14,0.013577975332736969,0.6464844048023224,0.027155950665473938,0.10366588830947876,0.0012941360473632812
001049_jpg.rf.e527b2a1edfb88b1fbfb9542d33a9a27.jpg,3,0.5324519574642181,0.32782453298568726,0.09735578298568726,0.05408656597137451,0.0012645721435546875
001049_jpg.rf.e527b2a1edfb88b1fbfb9542d33a9a27.jpg,13,0.9350962042808533,0.4008413702249527,0.013221144676208496,0.024038463830947876,0.0010900497436523438
001049_jpg.rf.e527b2a1edfb88b1fbfb9542d33a9a27.jpg,0,0.7067307829856873,0.14685998111963272,0.02403843402862549,0.021784856915473938,0.0010042190551757812
001051_jpg.rf.bb8152d7d7c35ed73bfc9239185f9087.jpg,12,0.6911058127880096,0.26292069256305695,0.06370192766189575,0.09675481915473938,0.9521484375
001051_jpg.rf.bb8152d7d7c35ed73bfc9239185f9087.jpg,3,0.2504507303237915,0.27223558723926544,0.0679086446762085,0.10216346383094788,0.88232421875
001051_jpg.rf.bb8152d7d7c35ed73bfc9239185f9087.jpg,3,0.47145435214042664,0.26682693511247635,0.06850963830947876,0.09975962340831757,0.8447265625
001051_jpg.rf.bb8152d7d7c35ed73bfc9239185f9087.jpg,5,0.34735578298568726,0.2671274095773697,0.06911057233810425,0.09435096383094788,0.0034694671630859375
001051_jpg.rf.bb8152d7d7c35ed73bfc9239185f9087.jpg,12,0.3467548191547394,0.26727765053510666,0.06971156597137451,0.09284855425357819,0.0015850067138671875
001057_jpg.rf.0d8f858b7a9c12830691348e2ae306af.jpg,3,0.4047475978732109,0.2866211012005806,0.5006009489297867,0.29214243590831757,0.939453125
001059_jpg.rf.2b325fd15e28d0c622610dea63c2c12f.jpg,3,0.25901443511247635,0.5847355872392654,0.19110576808452606,0.29086539149284363,0.939453125
001059_jpg.rf.2b325fd15e28d0c622610dea63c2c12f.jpg,6,0.2319711641757749,0.49579327926039696,0.46093752060551196,0.8281250074505806,0.0011692047119140625
001066_jpg.rf.c55d7313f5d62858191ae315c7fada73.jpg,7,0.567307710647583,0.13762019574642181,0.02403843402862549,0.051382213830947876,0.81396484375
001066_jpg.rf.c55d7313f5d62858191ae315c7fada73.jpg,1,0.543870210647583,0.13168570399284363,0.016826868057250977,0.07286658883094788,0.79052734375
001066_jpg.rf.c55d7313f5d62858191ae315c7fada73.jpg,1,0.3509615510702133,0.1547851599752903,0.021634608507156372,0.08345853537321091,0.7607421875
001066_jpg.rf.c55d7313f5d62858191ae315c7fada73.jpg,1,0.02439528238028288,0.3281250149011612,0.013709435239434242,0.04206731915473938,0.0753173828125
001066_jpg.rf.c55d7313f5d62858191ae315c7fada73.jpg,1,0.7896634638309479,0.2671274170279503,0.014423072338104248,0.055889442563056946,0.01322174072265625
001066_jpg.rf.c55d7313f5d62858191ae315c7fada73.jpg,1,0.8028846383094788,0.034254807978868484,0.033653855323791504,0.06850961595773697,0.011688232421875
001066_jpg.rf.c55d7313f5d62858191ae315c7fada73.jpg,0,0.9933894276618958,0.24248798191547394,0.013221144676208496,0.10096153616905212,0.00919342041015625
001066_jpg.rf.c55d7313f5d62858191ae315c7fada73.jpg,8,0.614182710647583,0.28485578298568726,0.02283656597137451,0.04206728935241699,0.004085540771484375
001066_jpg.rf.c55d7313f5d62858191ae315c7fada73.jpg,0,0.20973557978868484,0.9645432829856873,0.015925481915473938,0.013221144676208496,0.00208282470703125
001066_jpg.rf.c55d7313f5d62858191ae315c7fada73.jpg,1,0.8593750298023224,0.009211614014930092,0.02884620428085327,0.018160307343350723,0.0020351409912109375
001066_jpg.rf.c55d7313f5d62858191ae315c7fada73.jpg,1,0.7247596383094788,0.024808443798974622,0.01923072338104248,0.049316406817524694,0.001239776611328125
001066_jpg.rf.c55d7313f5d62858191ae315c7fada73.jpg,1,0.9026442468166351,0.008291391874081455,0.02163463830947876,0.01631986306165345,0.0010366439819335938
001068_jpg.rf.371ec28b0d2bbbd16c8a645be41f5a76.jpg,1,0.5540865659713745,0.09106445871293545,0.026442289352416992,0.09942157939076424,0.7607421875
001068_jpg.rf.371ec28b0d2bbbd16c8a645be41f5a76.jpg,1,0.2001202031970024,0.11010742373764515,0.027644231915473938,0.10911208018660545,0.67578125
001068_jpg.rf.371ec28b0d2bbbd16c8a645be41f5a76.jpg,0,0.9903846383094788,0.10560021735727787,0.01923072338104248,0.1079101674258709,0.0325927734375
001068_jpg.rf.371ec28b0d2bbbd16c8a645be41f5a76.jpg,0,0.759615421295166,0.005009578111639712,0.025240421295166016,0.009812575692194514,0.013427734375
001068_jpg.rf.371ec28b0d2bbbd16c8a645be41f5a76.jpg,1,0.5655048489570618,0.00901911873370409,0.033653855323791504,0.01779409684240818,0.0037078857421875
001068_jpg.rf.371ec28b0d2bbbd16c8a645be41f5a76.jpg,0,0.6706731021404266,0.5961538851261139,0.013221204280853271,0.00961536169052124,0.00142669677734375
001068_jpg.rf.371ec28b0d2bbbd16c8a645be41f5a76.jpg,0,0.7512019276618958,0.005187988572288305,0.03125,0.009944036020897329,0.0013885498046875
001082_jpg.rf.6b7fc1c9648c1a3494a137ffa3664be1.jpg,3,0.7403846383094788,0.2148813158273697,0.1225961446762085,0.16639122366905212,0.95166015625
001082_jpg.rf.6b7fc1c9648c1a3494a137ffa3664be1.jpg,1,0.5114182829856873,0.4095553010702133,0.026442289352416992,0.033653825521469116,0.0017681121826171875
001082_jpg.rf.6b7fc1c9648c1a3494a137ffa3664be1.jpg,1,0.3897235691547394,0.47926685214042664,0.03125,0.030048072338104248,0.0014438629150390625
001089_jpg.rf.004c591c5855cf05e2198a5e21c8ab56.jpg,3,0.5066105872392654,0.681490421295166,0.2343749701976776,0.4242788553237915,0.94140625
001097_jpg.rf.76b13f1ce839d7102e9a683f6959a3e6.jpg,3,0.40114185214042664,0.45733174495399,0.6280048489570618,0.8028846420347691,0.939453125
001214_jpg.rf.85dbeddc5609d79293b1f979131a9f35.jpg,4,0.4800931587815285,0.36448317766189575,0.5133713930845261,0.3491586446762085,0.95849609375
001223_jpg.rf.cd973e1db0f78ec16c70d7af43fc4511.jpg,4,0.33420975506305695,0.5330528914928436,0.3003305494785309,0.40264421701431274,0.93017578125
001223_jpg.rf.cd973e1db0f78ec16c70d7af43fc4511.jpg,1,0.6887019276618958,0.6364182829856873,0.013221144676208496,0.015625,0.0015125274658203125
001228_jpg.rf.f4f7bc0b74a46e26c75aed78c39b41e5.jpg,4,0.313401460647583,0.2830528989434242,0.23798078298568726,0.4170673340559006,0.96533203125
001229_jpg.rf.3174ec6dbfe9e8ee6ab16906d969ae8d.jpg,4,0.33413463085889816,0.5333533883094788,0.2968750149011612,0.3984375,0.9365234375
001229_jpg.rf.3174ec6dbfe9e8ee6ab16906d969ae8d.jpg,14,0.31280049681663513,0.9230769276618958,0.6256009936332703,0.1538461446762085,0.005344390869140625
001229_jpg.rf.3174ec6dbfe9e8ee6ab16906d969ae8d.jpg,1,0.6887019574642181,0.6346153914928436,0.014423072338104248,0.02163463830947876,0.0024929046630859375
001247_jpg.rf.986fd924de123c95a8e6bbcc765d4c10.jpg,4,0.2947716526687145,0.4726562546566129,0.523437537252903,0.9032452013343573,0.70068359375
001250_jpg.rf.157a04c81cbb47009538b4880d0004c9.jpg,4,0.4964693635702133,0.4585336670279503,0.4517728388309479,0.6237980872392654,0.9541015625
001256_jpg.rf.204fbb92b5dc59d697bf04b2682485e2.jpg,4,0.5679086744785309,0.37920675426721573,0.30048078298568726,0.3882211893796921,0.93798828125
001256_jpg.rf.204fbb92b5dc59d697bf04b2682485e2.jpg,14,0.10854868032038212,0.42307692766189575,0.13957331702113152,0.1802884340286255,0.0011243820190429688
001256_jpg.rf.204fbb92b5dc59d697bf04b2682485e2.jpg,0,0.8052884936332703,0.9903846383094788,0.03605771064758301,0.01923072338104248,0.0010166168212890625
001259_jpg.rf.b55c7e7dacc1e607f8e69b2a5cc36568.jpg,4,0.5351562649011612,0.5157001316547394,0.3431490361690521,0.5094651579856873,0.96630859375
001261_jpg.rf.7b5bf5841b26d8966d6081fbc704dbf7.jpg,4,0.47235578298568726,0.27554086595773697,0.135817289352417,0.09615384042263031,0.57177734375
001261_jpg.rf.7b5bf5841b26d8966d6081fbc704dbf7.jpg,8,0.4717548191547394,0.2749399095773697,0.13701921701431274,0.09555289149284363,0.3056640625
001277_jpg.rf.03beffa81aa901c8462dfe1681a202f4.jpg,4,0.43870194256305695,0.2231069803237915,0.09314903616905212,0.13251203298568726,0.95361328125
001281_jpg.rf.b8a22407e4c52a0704d45a8b32965f9b.jpg,4,0.500901460647583,0.4945913581177592,0.704927921295166,0.9290865603834391,0.87353515625
001281_jpg.rf.b8a22407e4c52a0704d45a8b32965f9b.jpg,3,0.5012019500136375,0.49519231729209423,0.7115385085344315,0.9254807867109776,0.290283203125
001289_jpg.rf.2b57939adb36b165f0eef0a3de68e1ec.jpg,4,0.5084134787321091,0.43381914496421814,0.4062500298023224,0.26817911863327026,0.95654296875
001290_jpg.rf.d3a396f3ea066c80a6e76a48dcf798a2.jpg,4,0.47926683723926544,0.19245794042944908,0.2806490361690521,0.1875000074505806,0.953125
001291_jpg.rf.c0ea8c600fa9219527f23947a8f0e7ec.jpg,4,0.3130258470773697,0.29807692766189575,0.23933294415473938,0.32932692766189575,0.9443359375
001291_jpg.rf.c0ea8c600fa9219527f23947a8f0e7ec.jpg,0,0.9062500596046448,0.12672776728868484,0.03125,0.016526445746421814,0.005260467529296875
001295_jpg.rf.449090465a44f9f98a47e1141f3a8f38.jpg,4,0.5354567468166351,0.516526460647583,0.34495192766189575,0.5102163553237915,0.96435546875
001407_jpg.rf.70ca057de423bef18930dd5f47b975d7.jpg,5,0.2226562537252903,0.20883414521813393,0.2289663478732109,0.3431490585207939,0.92236328125
001407_jpg.rf.70ca057de423bef18930dd5f47b975d7.jpg,10,0.6072716414928436,0.4867788702249527,0.011418282985687256,0.01081731915473938,0.0019121170043945312
001409_jpg.rf.03a314500608050ad90ed1c849fb18db.jpg,5,0.6370192468166351,0.4633413553237915,0.07692307233810425,0.12019228935241699,0.92529296875
001409_jpg.rf.03a314500608050ad90ed1c849fb18db.jpg,1,0.08856670930981636,0.012507512234151363,0.016075722873210907,0.025015024468302727,0.017578125
001409_jpg.rf.03a314500608050ad90ed1c849fb18db.jpg,0,0.8834134936332703,0.006953313015401363,0.1274038553237915,0.013662485405802727,0.00238800048828125
001409_jpg.rf.03a314500608050ad90ed1c849fb18db.jpg,1,0.0732046328485012,0.010131836726941401,0.02065805345773697,0.020113433063670527,0.0015974044799804688
001409_jpg.rf.03a314500608050ad90ed1c849fb18db.jpg,0,0.48106972873210907,0.006432166753256752,0.09435096383094788,0.012826773408960435,0.0015249252319335938
001409_jpg.rf.03a314500608050ad90ed1c849fb18db.jpg,0,0.6418269574642181,0.2603665962815285,0.019230782985687256,0.025540873408317566,0.001506805419921875
001427_jpg.rf.fe832db13f19311c2eda0b6e83878ec5.jpg,5,0.49939906410872936,0.49759618658572435,0.9495192803442478,0.9447116013616323,0.96630859375
001427_jpg.rf.fe832db13f19311c2eda0b6e83878ec5.jpg,1,0.4921875298023224,0.978365421295166,0.08413463830947876,0.03125,0.0012941360473632812
001432_jpg.rf.5d8fff00f092a9bcb15a018a3edb186b.jpg,5,0.7223558127880096,0.4687500149011612,0.13942307233810425,0.22355768084526062,0.96044921875
001432_jpg.rf.5d8fff00f092a9bcb15a018a3edb186b.jpg,0,0.43088944256305695,0.6478365659713745,0.006009608507156372,0.008413434028625488,0.0029697418212890625
001432_jpg.rf.5d8fff00f092a9bcb15a018a3edb186b.jpg,14,0.09870793670415878,0.010329027089028386,0.04417067766189575,0.020545373881759588,0.0022335052490234375
001432_jpg.rf.5d8fff00f092a9bcb15a018a3edb186b.jpg,6,0.5576923191547394,0.21890024727326818,0.8653846383094788,0.43659857142483816,0.0010652542114257812
001436_jpg.rf.cc8f571352da66682260166ac2086168.jpg,5,0.7008714079856873,0.4525240436196327,0.391526460647583,0.6105769127607346,0.93603515625
001449_jpg.rf.4b8f2718b90c8c6cf89ccf753d5b575a.jpg,5,0.8822115659713745,0.2367788478732109,0.23557686805725098,0.34014423191547394,0.94482421875
001449_jpg.rf.4b8f2718b90c8c6cf89ccf753d5b575a.jpg,11,0.3281250074505806,0.6989182978868484,0.3774038404226303,0.5697115361690521,0.8642578125
001462_jpg.rf.590c8b4c74096f768de4433951995545.jpg,5,0.7295673191547394,0.5,0.5408653616905212,1.0,0.96044921875
001462_jpg.rf.590c8b4c74096f768de4433951995545.jpg,5,0.5,0.7469951957464218,1.0,0.5060096085071564,0.00234222412109375
001465_jpg.rf.82e271056e453a4f123033b7db486d63.jpg,5,0.26983174681663513,0.7920673489570618,0.1742788553237915,0.275240421295166,0.95458984375
001465_jpg.rf.82e271056e453a4f123033b7db486d63.jpg,5,0.4726562723517418,0.3293269439600408,0.60757215321064,0.6442308099940419,0.94482421875
001465_jpg.rf.82e271056e453a4f123033b7db486d63.jpg,5,0.8834134936332703,0.6814903914928436,0.23076927661895752,0.30048078298568726,0.9248046875
001465_jpg.rf.82e271056e453a4f123033b7db486d63.jpg,5,0.5913461744785309,0.8888221383094788,0.09014421701431274,0.1478365659713745,0.90283203125
001465_jpg.rf.82e271056e453a4f123033b7db486d63.jpg,5,0.7914663851261139,0.8870192766189575,0.08173078298568726,0.1274038553237915,0.85498046875
001465_jpg.rf.82e271056e453a4f123033b7db486d63.jpg,5,0.3350360691547394,0.9122596383094788,0.06911057233810425,0.11778843402862549,0.71875
001465_jpg.rf.82e271056e453a4f123033b7db486d63.jpg,4,0.3314303010702133,0.9140625298023224,0.07151439785957336,0.11899036169052124,0.0011377334594726562
001472_jpg.rf.38654b39e5bc13159c16952df2ba2dc0.jpg,5,0.7137921154499054,0.4537259675562382,0.38491588830947876,0.7223557755351067,0.94482421875
001477_jpg.rf.170667884b322b9985bcd6a054a0d6be.jpg,5,0.5114182978868484,0.48557694628834724,0.5036058127880096,0.8810096606612206,0.9443359375
001477_jpg.rf.170667884b322b9985bcd6a054a0d6be.jpg,9,0.8389423489570618,0.915865421295166,0.03125,0.05048072338104248,0.0032482147216796875
001477_jpg.rf.170667884b322b9985bcd6a054a0d6be.jpg,0,0.9561298191547394,0.45432694142800756,0.08774036169052124,0.9074519597343169,0.001129150390625
001478_jpg.rf.b4a8c8adb59b1bfeb056f275a7e9c785.jpg,5,0.4296875298023224,0.3052884638309479,0.7319712042808533,0.45973557233810425,0.9501953125
001479_jpg.rf.61b4e3eab9b3daa20c770dafec663c97.jpg,5,0.5035306736826897,0.46364184841513634,0.5638522058725357,0.7818510010838509,0.9443359375
001479_jpg.rf.61b4e3eab9b3daa20c770dafec663c97.jpg,0,0.38311299681663513,0.951923131942749,0.028846144676208496,0.046875,0.0010080337524414062
001482_jpg.rf.c040f508e60b3a870f5f5fc8b9b017d2.jpg,5,0.5129207074642181,0.3449519481509924,0.33112984895706177,0.6177885122597218,0.9365234375
001482_jpg.rf.c040f508e60b3a870f5f5fc8b9b017d2.jpg,0,0.026930590089250472,0.1406250037252903,0.05378605998339481,0.03305288404226303,0.03515625
001482_jpg.rf.c040f508e60b3a870f5f5fc8b9b017d2.jpg,1,0.9777644276618958,0.7403846383094788,0.044471144676208496,0.16586542129516602,0.0202484130859375
001482_jpg.rf.c040f508e60b3a870f5f5fc8b9b017d2.jpg,1,0.05021785106509924,0.0072772689163684845,0.04033954627811909,0.014554537832736969,0.0137939453125
001482_jpg.rf.c040f508e60b3a870f5f5fc8b9b017d2.jpg,0,0.015202449634671211,0.20372597128152847,0.030404899269342422,0.05829326808452606,0.00128936767578125
001484_jpg.rf.6b44f8da037b210cdbe0663683d7274e.jpg,5,0.23828125558793545,0.4585336670279503,0.4110576994717121,0.782451942563057,0.93212890625
001494_jpg.rf.4db0ef3199baad5258c353573bffed4a.jpg,5,0.6138822287321091,0.21664664894342422,0.5138221085071564,0.3467548340559006,0.94091796875
001603_JPG_jpg.rf.d7ff42753708b2cd74195e8e463d3e2c.jpg,1,0.47866587340831757,0.1352163553237915,0.3756009638309479,0.1156851053237915,0.9443359375
001603_JPG_jpg.rf.d7ff42753708b2cd74195e8e463d3e2c.jpg,0,0.4804687649011612,0.13311298936605453,0.37680289149284363,0.11087740957736969,0.009857177734375
001606_JPG_jpg.rf.acbfc805c9e8ea9791185014645390c2.jpg,1,0.676682710647583,0.15489784255623817,0.17788457870483398,0.08834134787321091,0.9052734375
001606_JPG_jpg.rf.acbfc805c9e8ea9791185014645390c2.jpg,1,0.12079327180981636,0.5066106021404266,0.08383413404226303,0.04206734895706177,0.861328125
001606_JPG_jpg.rf.acbfc805c9e8ea9791185014645390c2.jpg,1,0.3388672024011612,0.9690504968166351,0.13115987181663513,0.061899006366729736,0.0723876953125
001606_JPG_jpg.rf.acbfc805c9e8ea9791185014645390c2.jpg,1,0.368088960647583,0.9699519276618958,0.07512021064758301,0.060096144676208496,0.002758026123046875
001607_JPG_jpg.rf.a6dcbc5ecd7c2ef807a4bce512a054a0.jpg,1,0.38161058723926544,0.1508413515985012,0.09735575318336487,0.05288461595773697,0.88232421875
001607_JPG_jpg.rf.a6dcbc5ecd7c2ef807a4bce512a054a0.jpg,0,0.9825721383094788,0.011333759321132675,0.03485572338104248,0.02157827577320859,0.0028667449951171875
001608_JPG_jpg.rf.7d48153578ad316231c6c992263ac497.jpg,1,0.4561298340559006,0.1371694765985012,0.1430288851261139,0.08022836595773697,0.8857421875
001608_JPG_jpg.rf.7d48153578ad316231c6c992263ac497.jpg,1,0.6394231021404266,0.5685096383094788,0.016826927661895752,0.01923072338104248,0.02056884765625
001608_JPG_jpg.rf.7d48153578ad316231c6c992263ac497.jpg,1,0.6394231021404266,0.5739183127880096,0.014423072338104248,0.030048072338104248,0.00926971435546875
001608_JPG_jpg.rf.7d48153578ad316231c6c992263ac497.jpg,0,0.7199519276618958,0.4414062649011612,0.028846144676208496,0.02043268084526062,0.00394439697265625
001608_JPG_jpg.rf.7d48153578ad316231c6c992263ac497.jpg,1,0.712740421295166,0.7403846383094788,0.03846156597137451,0.08173072338104248,0.0032978057861328125
001608_JPG_jpg.rf.7d48153578ad316231c6c992263ac497.jpg,8,0.06618089228868484,0.9897836744785309,0.0546875,0.012019217014312744,0.0010814666748046875
001619_JPG_jpg.rf.1640a48f199bbe32ee72dc83a24e1521.jpg,1,0.24338943511247635,0.11433293670415878,0.10757212340831757,0.05048076808452606,0.8291015625
001619_JPG_jpg.rf.1640a48f199bbe32ee72dc83a24e1521.jpg,0,0.24308894574642181,0.11418269574642181,0.10637018084526062,0.050180286169052124,0.5927734375
001619_JPG_jpg.rf.1640a48f199bbe32ee72dc83a24e1521.jpg,0,0.005812425239128061,0.2109375074505806,0.011211689416086301,0.1430288404226303,0.0035114288330078125
001619_JPG_jpg.rf.1640a48f199bbe32ee72dc83a24e1521.jpg,1,0.6466346383094788,0.029710037633776665,0.05769228935241699,0.05942007526755333,0.002269744873046875
001619_JPG_jpg.rf.1640a48f199bbe32ee72dc83a24e1521.jpg,0,0.006840632660896517,0.2533053010702133,0.013324444385943934,0.09435096383094788,0.0022335052490234375
001619_JPG_jpg.rf.1640a48f199bbe32ee72dc83a24e1521.jpg,0,0.7572115659713745,0.005220853688115312,0.08653843402862549,0.010404147278677556,0.001918792724609375
001619_JPG_jpg.rf.1640a48f199bbe32ee72dc83a24e1521.jpg,1,0.751802921295166,0.006887583062052727,0.09855771064758301,0.013775166124105453,0.0011205673217773438
001623_JPG_jpg.rf.8777c38ac6d8aebbc4c5524393a8ce83.jpg,1,0.29326923936605453,0.09359976649284363,0.11237980425357819,0.06625601649284363,0.9033203125
001623_JPG_jpg.rf.8777c38ac6d8aebbc4c5524393a8ce83.jpg,1,0.009573129442287609,0.3960336744785309,0.017887995636556298,0.07391828298568726,0.1268310546875
001623_JPG_jpg.rf.8777c38ac6d8aebbc4c5524393a8ce83.jpg,1,0.21739784628152847,0.02518404547481623,0.04056490957736969,0.05029297075452632,0.0038394927978515625
001623_JPG_jpg.rf.8777c38ac6d8aebbc4c5524393a8ce83.jpg,1,0.9939903914928436,0.016150841081980616,0.012019217014312744,0.03087439842056483,0.0023059844970703125
001623_JPG_jpg.rf.8777c38ac6d8aebbc4c5524393a8ce83.jpg,9,0.02078951452858746,0.5625,0.02651742985472083,0.052283644676208496,0.002269744873046875
001623_JPG_jpg.rf.8777c38ac6d8aebbc4c5524393a8ce83.jpg,1,0.009643555065849796,0.3774038553237915,0.01819786726264283,0.046875,0.0017681121826171875
001623_JPG_jpg.rf.8777c38ac6d8aebbc4c5524393a8ce83.jpg,0,0.2962740510702133,0.2163461595773697,0.013521641492843628,0.010216355323791504,0.0010986328125
001624_JPG_jpg.rf.a3a7ed1ca4bdc41789b882fe5d7e3e94.jpg,1,0.5378606021404266,0.14423077553510666,0.12139421701431274,0.06850962340831757,0.8916015625
001624_JPG_jpg.rf.a3a7ed1ca4bdc41789b882fe5d7e3e94.jpg,1,0.9939903914928436,0.4257812649011612,0.012019217014312744,0.06670674681663513,0.0015974044799804688
001631_JPG_jpg.rf.18c57a703b3f30d8e2b21868d3657b5d.jpg,1,0.43780049681663513,0.06948618125170469,0.17067307233810425,0.07887620665133,0.9091796875
001631_JPG_jpg.rf.18c57a703b3f30d8e2b21868d3657b5d.jpg,1,0.2469952031970024,0.0063007064163684845,0.048076942563056946,0.012601412832736969,0.0022525787353515625
001631_JPG_jpg.rf.18c57a703b3f30d8e2b21868d3657b5d.jpg,1,0.18719952180981636,0.04879056834397488,0.20763220638036728,0.09743089629773749,0.0012063980102539062
001631_JPG_jpg.rf.18c57a703b3f30d8e2b21868d3657b5d.jpg,0,0.03985126345651224,0.054725063542719,0.0780498826643452,0.10899940590024926,0.0010318756103515625
001642_JPG_jpg.rf.1501f63859c8183e7b273ed3f677bb80.jpg,1,0.421875,0.10591947473585606,0.203125,0.11989183351397514,0.9228515625
001642_JPG_jpg.rf.1501f63859c8183e7b273ed3f677bb80.jpg,0,0.7524038851261139,0.7842548489570618,0.10817307233810425,0.049278855323791504,0.002269744873046875
001642_JPG_jpg.rf.1501f63859c8183e7b273ed3f677bb80.jpg,5,0.1542968824505806,0.6832933127880096,0.05799280107021332,0.06129807233810425,0.0020275115966796875
001643_JPG_jpg.rf.bb0dd8813a6c24f91a4e04962aaa7f31.jpg,1,0.6275541037321091,0.18085187301039696,0.34104564785957336,0.17795974761247635,0.92724609375
001643_JPG_jpg.rf.bb0dd8813a6c24f91a4e04962aaa7f31.jpg,1,0.6431791037321091,0.5378605797886848,0.4107572138309479,0.9242788404226303,0.00547027587890625
001643_JPG_jpg.rf.bb0dd8813a6c24f91a4e04962aaa7f31.jpg,1,0.6275541037321091,0.24143631011247635,0.34104564785957336,0.3025841563940048,0.0029582977294921875
001643_JPG_jpg.rf.bb0dd8813a6c24f91a4e04962aaa7f31.jpg,1,0.601262055337429,0.5324519462883472,0.768629863858223,0.9278846606612206,0.0011692047119140625
001654_JPG_jpg.rf.e26100131533da63b018a72fab6586e3.jpg,1,0.3774038702249527,0.10043570399284363,0.14362981915473938,0.06234976649284363,0.87646484375
001654_JPG_jpg.rf.e26100131533da63b018a72fab6586e3.jpg,0,0.1762319728732109,0.37079328298568726,0.022536054253578186,0.01382213830947876,0.00511932373046875
001654_JPG_jpg.rf.e26100131533da63b018a72fab6586e3.jpg,0,0.391526460647583,0.3960336595773697,0.012620210647583008,0.022836536169052124,0.004329681396484375
001654_JPG_jpg.rf.e26100131533da63b018a72fab6586e3.jpg,1,0.0091552734375,0.03284630551934242,0.018310546875,0.06569261103868484,0.00424957275390625
001654_JPG_jpg.rf.e26100131533da63b018a72fab6586e3.jpg,1,0.28725962340831757,0.4414062649011612,0.01262018084526062,0.038461536169052124,0.0038547515869140625
001654_JPG_jpg.rf.e26100131533da63b018a72fab6586e3.jpg,8,0.16436298191547394,0.10779748111963272,0.11328125,0.03936298191547394,0.001926422119140625
001654_JPG_jpg.rf.e26100131533da63b018a72fab6586e3.jpg,0,0.3912259638309479,0.4002404063940048,0.015625,0.027644246816635132,0.0019044876098632812
001654_JPG_jpg.rf.e26100131533da63b018a72fab6586e3.jpg,0,0.19020432978868484,0.3326322138309479,0.03485576808452606,0.016826927661895752,0.0018672943115234375
001654_JPG_jpg.rf.e26100131533da63b018a72fab6586e3.jpg,0,0.009296124590036925,0.19756611436605453,0.01836688858747948,0.2695312649011612,0.0018463134765625
001654_JPG_jpg.rf.e26100131533da63b018a72fab6586e3.jpg,1,0.1972656324505806,0.332932710647583,0.025240376591682434,0.015625,0.0017137527465820312
001654_JPG_jpg.rf.e26100131533da63b018a72fab6586e3.jpg,1,0.19110577553510666,0.024038461826421553,0.03786058723926544,0.04792668326263083,0.0016870498657226562
001654_JPG_jpg.rf.e26100131533da63b018a72fab6586e3.jpg,1,0.031850963830947876,0.03329702466726303,0.06370192766189575,0.06659404933452606,0.0014104843139648438
001654_JPG_jpg.rf.e26100131533da63b018a72fab6586e3.jpg,1,0.6224459409713745,0.014995869249105453,0.029146671295166016,0.029991738498210907,0.0012063980102539062
001654_JPG_jpg.rf.e26100131533da63b018a72fab6586e3.jpg,8,0.1577524095773697,0.11012620478868484,0.03125,0.043870195746421814,0.001178741455078125
001654_JPG_jpg.rf.e26100131533da63b018a72fab6586e3.jpg,0,0.2569110691547394,0.38701924681663513,0.016826927661895752,0.015625,0.0011157989501953125
001656_JPG_jpg.rf.193bed9f1b03b8c4d46254c930216604.jpg,1,0.4951923340559006,0.17397836968302727,0.2860577404499054,0.13491586595773697,0.900390625
001656_JPG_jpg.rf.193bed9f1b03b8c4d46254c930216604.jpg,0,0.5003004819154739,0.17611930146813393,0.2938701808452606,0.13994892686605453,0.403564453125
001656_JPG_jpg.rf.193bed9f1b03b8c4d46254c930216604.jpg,1,0.37327224016189575,0.064453125,0.4409555196762085,0.12890625,0.00572967529296875
001656_JPG_jpg.rf.193bed9f1b03b8c4d46254c930216604.jpg,1,0.32842549681663513,0.051044173538684845,0.293870210647583,0.10208834707736969,0.002590179443359375
001656_JPG_jpg.rf.193bed9f1b03b8c4d46254c930216604.jpg,8,0.007385254124528728,0.8052884936332703,0.014507587562547997,0.125,0.001495361328125
001660_JPG_jpg.rf.41a9573c77f81a1dc9e669467db98386.jpg,1,0.3344351053237915,0.08456655964255333,0.14963942766189575,0.08026593178510666,0.87841796875
001660_JPG_jpg.rf.41a9573c77f81a1dc9e669467db98386.jpg,0,0.004910982894671179,0.379807710647583,0.009803185740565823,0.057091355323791504,0.005489349365234375
001660_JPG_jpg.rf.41a9573c77f81a1dc9e669467db98386.jpg,1,0.9170673489570618,0.03586989361792803,0.009615421295166016,0.015099158510565758,0.00395965576171875
001662_JPG_jpg.rf.97c2b266f1a788361d25be2305f03736.jpg,1,0.35426683723926544,0.1884014531970024,0.08834132552146912,0.052884623408317566,0.84716796875
001662_JPG_jpg.rf.97c2b266f1a788361d25be2305f03736.jpg,0,0.017146185040473938,0.31077225506305695,0.034292370080947876,0.08999398350715637,0.01450347900390625
001662_JPG_jpg.rf.97c2b266f1a788361d25be2305f03736.jpg,1,0.6995192468166351,0.007493239256291417,0.10336536169052124,0.01487379821628565,0.00714874267578125
001662_JPG_jpg.rf.97c2b266f1a788361d25be2305f03736.jpg,8,0.01447002725853963,0.3076923191547394,0.028902494419526192,0.09254807233810425,0.0015249252319335938
001662_JPG_jpg.rf.97c2b266f1a788361d25be2305f03736.jpg,8,0.7019231021404266,0.007441594265401363,0.10216349363327026,0.014883188530802727,0.00130462646484375
001662_JPG_jpg.rf.97c2b266f1a788361d25be2305f03736.jpg,0,0.010291466278431471,0.3037860691547394,0.020357571964268573,0.07632213830947876,0.0012941360473632812
001662_JPG_jpg.rf.97c2b266f1a788361d25be2305f03736.jpg,0,0.04574820026755333,0.31460337340831757,0.09149640053510666,0.09855768084526062,0.0011034011840820312
001662_JPG_jpg.rf.97c2b266f1a788361d25be2305f03736.jpg,0,0.3539663702249527,0.18810097128152847,0.08653846383094788,0.052884623408317566,0.001056671142578125
001693_JPG_jpg.rf.9c74f3077d05257d04e7a58a48642fe0.jpg,1,0.5330528914928436,0.31640625,0.21995192766189575,0.11838942766189575,0.90673828125
001700_JPG_jpg.rf.4f29277e7dfa7365978e572fe9f9eee3.jpg,1,0.5432692468166351,0.11207932978868484,0.19951921701431274,0.07001201808452606,0.90869140625
001700_JPG_jpg.rf.4f29277e7dfa7365978e572fe9f9eee3.jpg,1,0.4642428159713745,0.2905649095773697,0.07211542129516602,0.03605768084526062,0.138427734375
001700_JPG_jpg.rf.4f29277e7dfa7365978e572fe9f9eee3.jpg,1,0.5039062798023224,0.1823542769998312,0.29987984895706177,0.3011568672955036,0.0015850067138671875
001813_JPG_jpg.rf.2a732d7bc29b893c586a2bebea876f72.jpg,1,0.07677284290548414,0.9302884936332703,0.14993991632945836,0.125,0.422607421875
001813_JPG_jpg.rf.2a732d7bc29b893c586a2bebea876f72.jpg,1,0.058443511836230755,0.9230769574642181,0.055138224735856056,0.10336536169052124,0.375732421875
001813_JPG_jpg.rf.2a732d7bc29b893c586a2bebea876f72.jpg,1,0.050443210639059544,0.9266827404499054,0.0920222382992506,0.11298078298568726,0.0509033203125
001813_JPG_jpg.rf.2a732d7bc29b893c586a2bebea876f72.jpg,1,0.03637695498764515,0.9242788851261139,0.03602013364434242,0.10336536169052124,0.02056884765625
001813_JPG_jpg.rf.2a732d7bc29b893c586a2bebea876f72.jpg,0,0.017681416554296447,0.2860576994717121,0.035325273011039826,0.5444711670279503,0.0147857666015625
001813_JPG_jpg.rf.2a732d7bc29b893c586a2bebea876f72.jpg,12,0.009972206175007159,0.3422476053237915,0.019794171959802043,0.161057710647583,0.00989532470703125
001813_JPG_jpg.rf.2a732d7bc29b893c586a2bebea876f72.jpg,1,0.01904296875,0.3510366827249527,0.0380859375,0.36643633246421814,0.006717681884765625
001813_JPG_jpg.rf.2a732d7bc29b893c586a2bebea876f72.jpg,0,0.015211839228868484,0.35456732660532,0.03042367845773697,0.3569711893796921,0.00600433349609375
001813_JPG_jpg.rf.2a732d7bc29b893c586a2bebea876f72.jpg,0,0.012207032039441401,0.3792067617177963,0.024263823688670527,0.24759617447853088,0.004505157470703125
001813_JPG_jpg.rf.2a732d7bc29b893c586a2bebea876f72.jpg,1,0.11418269405839965,0.9308894276618958,0.22656250337604433,0.1382211446762085,0.0021572113037109375
001813_JPG_jpg.rf.2a732d7bc29b893c586a2bebea876f72.jpg,1,0.10914964601397514,0.9350961744785309,0.08143029361963272,0.12139421701431274,0.0018825531005859375
001813_JPG_jpg.rf.2a732d7bc29b893c586a2bebea876f72.jpg,0,0.024451622739434242,0.3822115361690521,0.048903245478868484,0.25120192766189575,0.0011968612670898438
001813_JPG_jpg.rf.2a732d7bc29b893c586a2bebea876f72.jpg,0,0.010535606972553069,0.34405049681663513,0.020920973554893862,0.1694711446762085,0.0011157989501953125
001826_JPG_jpg.rf.a805482f1c979ccfd35e378a2d5d78a6.jpg,8,0.13027720153331757,0.10997596895322204,0.12946966290473938,0.20192309189587831,0.9189453125
001826_JPG_jpg.rf.a805482f1c979ccfd35e378a2d5d78a6.jpg,0,0.5579928159713745,0.1953125074505806,0.22295677661895752,0.10216347873210907,0.884765625
001826_JPG_jpg.rf.a805482f1c979ccfd35e378a2d5d78a6.jpg,8,0.11598558351397514,0.9639423191547394,0.08653847128152847,0.07211536169052124,0.007038116455078125
001826_JPG_jpg.rf.a805482f1c979ccfd35e378a2d5d78a6.jpg,0,0.42067310214042664,0.4405048340559006,0.030048072338104248,0.08533653616905212,0.0010042190551757812
001830_JPG_jpg.rf.80271bce54a1933c1c80ae661932ee2f.jpg,1,0.4399038553237915,0.12184495478868484,0.09855771064758301,0.044771626591682434,0.83349609375
001830_JPG_jpg.rf.80271bce54a1933c1c80ae661932ee2f.jpg,1,0.15241887420415878,0.22881611436605453,0.035006001591682434,0.10306490957736969,0.219970703125
001830_JPG_jpg.rf.80271bce54a1933c1c80ae661932ee2f.jpg,0,0.7632211744785309,0.3329326957464218,0.00961536169052124,0.024038463830947876,0.01666259765625
001830_JPG_jpg.rf.80271bce54a1933c1c80ae661932ee2f.jpg,0,0.7403846383094788,0.332932710647583,0.01201927661895752,0.033653855323791504,0.007755279541015625
001830_JPG_jpg.rf.80271bce54a1933c1c80ae661932ee2f.jpg,8,0.2421875,0.009117713270825334,0.060096144676208496,0.017822265479480848,0.0021820068359375
001830_JPG_jpg.rf.80271bce54a1933c1c80ae661932ee2f.jpg,0,0.7415865659713745,0.33864183723926544,0.016826868057250977,0.03605768084526062,0.0014209747314453125
001830_JPG_jpg.rf.80271bce54a1933c1c80ae661932ee2f.jpg,1,0.6096754968166351,0.38882212340831757,0.018629848957061768,0.015024036169052124,0.0011653900146484375
001830_JPG_jpg.rf.80271bce54a1933c1c80ae661932ee2f.jpg,0,0.547776460647583,0.3804086744785309,0.01201927661895752,0.012019217014312744,0.0010986328125
001833_JPG_jpg.rf.b6092f0bd597484bb9c205017e5c389f.jpg,1,0.5420673340559006,0.24519231915473938,0.24038460850715637,0.09885817766189575,0.92431640625
001857_JPG_jpg.rf.d447fe7f6ff27a88a5e983e0b5f2a821.jpg,0,0.4405048191547394,0.2309194803237915,0.060096144676208496,0.029146641492843628,0.81298828125
001857_JPG_jpg.rf.d447fe7f6ff27a88a5e983e0b5f2a821.jpg,1,0.4897836744785309,0.45673078298568726,0.01742786169052124,0.015625,0.00997161865234375
001857_JPG_jpg.rf.d447fe7f6ff27a88a5e983e0b5f2a821.jpg,8,0.3897235691547394,0.24188703298568726,0.036658644676208496,0.0390625,0.0029811859130859375
001857_JPG_jpg.rf.d447fe7f6ff27a88a5e983e0b5f2a821.jpg,1,0.09232272207736969,0.5570913553237915,0.035757213830947876,0.02403843402862549,0.0017271041870117188
001857_JPG_jpg.rf.d447fe7f6ff27a88a5e983e0b5f2a821.jpg,1,0.4882812798023224,0.45973558723926544,0.016826927661895752,0.024038463830947876,0.0016107559204101562
001860_JPG_jpg.rf.6e8d22dbd246ecfaf521fbb30ff5e2fe.jpg,0,0.520432710647583,0.2641226053237915,0.1772836446762085,0.09254807233810425,0.85009765625
001860_JPG_jpg.rf.6e8d22dbd246ecfaf521fbb30ff5e2fe.jpg,0,0.8317308127880096,0.9675481021404266,0.02163463830947876,0.06490379571914673,0.401611328125
001860_JPG_jpg.rf.6e8d22dbd246ecfaf521fbb30ff5e2fe.jpg,0,0.915865421295166,0.9212740659713745,0.046875,0.02283656597137451,0.34326171875
001860_JPG_jpg.rf.6e8d22dbd246ecfaf521fbb30ff5e2fe.jpg,1,0.9122596681118011,0.9200721383094788,0.05288463830947876,0.026442289352416992,0.193115234375
001860_JPG_jpg.rf.6e8d22dbd246ecfaf521fbb30ff5e2fe.jpg,8,0.8545673489570618,0.9759615659713745,0.03125,0.040865421295166016,0.007404327392578125
001860_JPG_jpg.rf.6e8d22dbd246ecfaf521fbb30ff5e2fe.jpg,0,0.8293269574642181,0.9411058127880096,0.02524036169052124,0.11538463830947876,0.0033245086669921875
001860_JPG_jpg.rf.6e8d22dbd246ecfaf521fbb30ff5e2fe.jpg,1,0.9951923191547394,0.03583233244717121,0.00961536169052124,0.018780048936605453,0.003063201904296875
001860_JPG_jpg.rf.6e8d22dbd246ecfaf521fbb30ff5e2fe.jpg,0,0.7295673489570618,0.9254808127880096,0.028846144676208496,0.019230782985687256,0.0024623870849609375
001860_JPG_jpg.rf.6e8d22dbd246ecfaf521fbb30ff5e2fe.jpg,1,0.0051539494161261246,0.02062049275264144,0.009429931553313509,0.03478064853698015,0.0014553070068359375
001918_jpg.rf.cf4263574ace70aef2c9045b9cde5a85.jpg,6,0.5102163553237915,0.7457932829856873,0.2475961446762085,0.306490421295166,0.85205078125
001918_jpg.rf.cf4263574ace70aef2c9045b9cde5a85.jpg,4,0.012263371609151363,0.2294170781970024,0.024526743218302727,0.1601562649011612,0.01262664794921875
001918_jpg.rf.cf4263574ace70aef2c9045b9cde5a85.jpg,4,0.014761118007299956,0.20282453298568726,0.02929687542200554,0.11448317766189575,0.00579833984375
001918_jpg.rf.cf4263574ace70aef2c9045b9cde5a85.jpg,8,0.013822115957736969,0.23212140798568726,0.027644231915473938,0.17157453298568726,0.005535125732421875
001918_jpg.rf.cf4263574ace70aef2c9045b9cde5a85.jpg,4,0.022667519748210907,0.22671275585889816,0.045335039496421814,0.1757812649011612,0.0010318756103515625
001982_jpg.rf.6d24adf886f0c39c03910738d4ecc170.jpg,1,0.7728365659713745,0.2671274170279503,0.10456728935241699,0.2397836595773697,0.85791015625
001982_jpg.rf.6d24adf886f0c39c03910738d4ecc170.jpg,9,0.1811899095773697,0.45372597873210907,0.022836536169052124,0.027644246816635132,0.0179901123046875
001982_jpg.rf.6d24adf886f0c39c03910738d4ecc170.jpg,0,0.3843149095773697,0.9531250298023224,0.02824518084526062,0.043269217014312744,0.0021495819091796875
001982_jpg.rf.6d24adf886f0c39c03910738d4ecc170.jpg,0,0.17848557978868484,0.44891828298568726,0.020432695746421814,0.034855782985687256,0.0018825531005859375
001982_jpg.rf.6d24adf886f0c39c03910738d4ecc170.jpg,0,0.8149038553237915,0.24342699348926544,0.033653855323791504,0.18682393431663513,0.001255035400390625
001982_jpg.rf.6d24adf886f0c39c03910738d4ecc170.jpg,0,0.9945913553237915,0.4657452255487442,0.010817289352416992,0.12139424681663513,0.0012159347534179688
001996_jpg.rf.e04928f5210adad4b15f5a851c83b514.jpg,1,0.6099759638309479,0.3584735691547394,0.12379807233810425,0.16526442766189575,0.009124755859375
001996_jpg.rf.e04928f5210adad4b15f5a851c83b514.jpg,0,0.7584134936332703,0.6096754968166351,0.125,0.21694713830947876,0.0012645721435546875
002188_jpg.rf.0c0627398b64450d4f392c77290207fe.jpg,1,0.7175481021404266,0.3384164720773697,0.33173078298568726,0.15609976649284363,0.88623046875
002188_jpg.rf.0c0627398b64450d4f392c77290207fe.jpg,0,0.7161959409713745,0.3324068635702133,0.3392428159713745,0.16090747714042664,0.04620361328125
002188_jpg.rf.0c0627398b64450d4f392c77290207fe.jpg,5,0.043109601363539696,0.7415865659713745,0.037128154188394547,0.0625,0.01433563232421875
002188_jpg.rf.0c0627398b64450d4f392c77290207fe.jpg,5,0.007014348258962855,0.7896634936332703,0.013127254147548229,0.21875,0.0014781951904296875
002188_jpg.rf.0c0627398b64450d4f392c77290207fe.jpg,0,0.006469726926297881,0.7914663851261139,0.012582632916746661,0.40384620428085327,0.0010728836059570312
0023f366-a173-4ba7-952c-63f5698c022d_jpg.rf.9edd5a29eae0884e275e51ee445d1a10.jpg,1,0.5820312798023224,0.5162259787321091,0.7037259936332703,0.8593750298023224,0.94677734375
0230d0a6-0eac-4bf1-bc0c-560f18ad7415_jpg.rf.48f1963e9fbe5a6b0179b33762a2eb65.jpg,1,0.5844351202249527,0.5072115547955036,0.6268028914928436,0.8437500223517418,0.93701171875
0313fdea-c8b1-458b-adac-adcb4aac3622_jpg.rf.78780f33ec642080187f26937e8005be.jpg,1,0.5468750298023224,0.5330528989434242,0.6538462042808533,0.8209134787321091,0.91748046875
0313fdea-c8b1-458b-adac-adcb4aac3622_jpg.rf.78780f33ec642080187f26937e8005be.jpg,1,0.8076923191547394,0.05709134959397488,0.38461536169052124,0.11403245879773749,0.01971435546875
0313fdea-c8b1-458b-adac-adcb4aac3622_jpg.rf.78780f33ec642080187f26937e8005be.jpg,1,0.6356671005487442,0.054387021526054014,0.7262620627880096,0.10847356227168348,0.017181396484375
0313fdea-c8b1-458b-adac-adcb4aac3622_jpg.rf.78780f33ec642080187f26937e8005be.jpg,0,0.26712739933282137,0.030799279134953395,0.5078124906867743,0.06077223614556715,0.00327301025390625
0313fdea-c8b1-458b-adac-adcb4aac3622_jpg.rf.78780f33ec642080187f26937e8005be.jpg,1,0.45793270505964756,0.03801081789424643,0.8149038664996624,0.07496995304245502,0.00307464599609375
0313fdea-c8b1-458b-adac-adcb4aac3622_jpg.rf.78780f33ec642080187f26937e8005be.jpg,1,0.6682692319154739,0.4435096341185272,0.6634615361690521,0.8665865743532777,0.0026111602783203125
0313fdea-c8b1-458b-adac-adcb4aac3622_jpg.rf.78780f33ec642080187f26937e8005be.jpg,1,0.251652653561905,0.03017953797825612,0.49068511417135596,0.0595327538321726,0.0025806427001953125
0313fdea-c8b1-458b-adac-adcb4aac3622_jpg.rf.78780f33ec642080187f26937e8005be.jpg,0,0.15730169415473938,0.5372596308588982,0.31460338830947876,0.8437500149011612,0.0018892288208007812
0590a57d-491c-4322-b287-594d5511e79b_jpg.rf.654f0a4f98fad473e55cc437d1c9d902.jpg,0,0.4564303085207939,0.5850360915064812,0.5883413702249527,0.7337740808725357,0.9267578125
0590a57d-491c-4322-b287-594d5511e79b_jpg.rf.654f0a4f98fad473e55cc437d1c9d902.jpg,0,0.09427584306831704,0.4693509775970597,0.18825120535620954,0.9375000320724212,0.00919342041015625
0590a57d-491c-4322-b287-594d5511e79b_jpg.rf.654f0a4f98fad473e55cc437d1c9d902.jpg,0,0.6412259787321091,0.11681190477247583,0.7163461744785309,0.2333233287645271,0.0041656494140625
0590a57d-491c-4322-b287-594d5511e79b_jpg.rf.654f0a4f98fad473e55cc437d1c9d902.jpg,0,0.3716947275970597,0.4663461836753413,0.7421875320724212,0.9266827518586069,0.0010442733764648438
0629fae7-2357-4fa2-a599-750358cf7e2e_jpg.rf.363911291d5f6f7fe0e031331fd7e4e9.jpg,0,0.5159254968166351,0.5228365696966648,0.7325721383094788,0.7980769798159599,0.908203125
0629fae7-2357-4fa2-a599-750358cf7e2e_jpg.rf.363911291d5f6f7fe0e031331fd7e4e9.jpg,1,0.35757214203476906,0.12297176112770103,0.6237981244921684,0.24504207988502458,0.005279541015625
0629fae7-2357-4fa2-a599-750358cf7e2e_jpg.rf.363911291d5f6f7fe0e031331fd7e4e9.jpg,0,0.1352163553237915,0.4774639744136948,0.270432710647583,0.9537260257056914,0.003551483154296875
0629fae7-2357-4fa2-a599-750358cf7e2e_jpg.rf.363911291d5f6f7fe0e031331fd7e4e9.jpg,1,0.39272838458418846,0.39813704675179906,0.6712740734219551,0.7950721703818999,0.0017480850219726562
0629fae7-2357-4fa2-a599-750358cf7e2e_jpg.rf.363911291d5f6f7fe0e031331fd7e4e9.jpg,1,0.41436299681663513,0.06520432750403415,0.6724759936332703,0.12995793382287957,0.0014104843139648438
0629fae7-2357-4fa2-a599-750358cf7e2e_jpg.rf.363911291d5f6f7fe0e031331fd7e4e9.jpg,1,0.5354567430913448,0.049917367796297185,0.8786057904362679,0.09938401440740563,0.0011425018310546875
080e28db-6b07-4f03-a3c3-0803f43cc2ea_jpg.rf.8db090c85fe85dbff2c2f30a30efb0e1.jpg,1,0.6400240659713745,0.4993990622460842,0.6742788553237915,0.8353365734219551,0.90283203125
080e28db-6b07-4f03-a3c3-0803f43cc2ea_jpg.rf.8db090c85fe85dbff2c2f30a30efb0e1.jpg,0,0.08097957074642181,0.2558593861758709,0.16195914149284363,0.3572716489434242,0.01137542724609375
080e28db-6b07-4f03-a3c3-0803f43cc2ea_jpg.rf.8db090c85fe85dbff2c2f30a30efb0e1.jpg,0,0.9399038553237915,0.6526442468166351,0.12019228935241699,0.6935096383094788,0.0028896331787109375
080e28db-6b07-4f03-a3c3-0803f43cc2ea_jpg.rf.8db090c85fe85dbff2c2f30a30efb0e1.jpg,0,0.08278245478868484,0.5087139531970024,0.1655649095773697,0.8671875149011612,0.0027256011962890625
080e28db-6b07-4f03-a3c3-0803f43cc2ea_jpg.rf.8db090c85fe85dbff2c2f30a30efb0e1.jpg,0,0.9224759638309479,0.5450721234083176,0.15504807233810425,0.9014423191547394,0.0013828277587890625
0866866d-298d-4bff-afa0-6456ad7fd807_jpg.rf.3bcf97c79a92aac15ad03419bbadf199.jpg,1,0.4212740436196327,0.47626203671097755,0.6442307680845261,0.8768029138445854,0.892578125
0866866d-298d-4bff-afa0-6456ad7fd807_jpg.rf.3bcf97c79a92aac15ad03419bbadf199.jpg,1,0.9038461744785309,0.6753305643796921,0.19230765104293823,0.6156851351261139,0.002323150634765625
0866866d-298d-4bff-afa0-6456ad7fd807_jpg.rf.3bcf97c79a92aac15ad03419bbadf199.jpg,1,0.8858173191547394,0.5162259880453348,0.22836536169052124,0.9627404324710369,0.0011606216430664062
08724eba-901b-4e19-883d-1cc236532391_jpg.rf.58818e500202bb38a13268b4cd2c4f4a.jpg,0,0.6069711744785309,0.5408654063940048,0.46153849363327026,0.7656250298023224,0.89208984375
09282467-3e63-4506-9252-a0fd5b913deb_jpg.rf.7c3a79616a712d7b1f231bc9108d8db7.jpg,0,0.48858174309134483,0.4843750223517418,0.7536057904362679,0.83413465321064,0.90576171875
098904b8-c355-46e6-b644-52387480db96_jpg.rf.ed1b718605fa48e5c0cfbc438da6d050.jpg,0,0.5348557829856873,0.5123197175562382,0.629807710647583,0.8864182755351067,0.916015625
10a18f3d-79d7-447f-ab9e-6de78b09477f_jpg.rf.8ce6805731f28537f453028a8d5a4885.jpg,1,0.5381610915064812,0.4765625251457095,0.8479567915201187,0.9170673582702875,0.9375
10a18f3d-79d7-447f-ab9e-6de78b09477f_jpg.rf.8ce6805731f28537f453028a8d5a4885.jpg,1,0.5492788590490818,0.6646634936332703,0.8798077031970024,0.5336538553237915,0.0011157989501953125
1141c383-3413-40a0-a550-7253129d4a4a_jpg.rf.5d2d3eba0b2dbca166bc5c51fe7e607d.jpg,0,0.602463960647583,0.5138221234083176,0.642427921295166,0.8233173191547394,0.95068359375
1141c383-3413-40a0-a550-7253129d4a4a_jpg.rf.5d2d3eba0b2dbca166bc5c51fe7e607d.jpg,0,0.10847356170415878,0.4984976053237915,0.21694712340831757,0.981370210647583,0.2783203125
182a7c98-60cb-46a4-a89b-ad3500515c3a_jpg.rf.2a5a1477064c1cd7dbe34e2e9a982a9e.jpg,0,0.5174278914928436,0.540264442563057,0.7536057829856873,0.8425481021404266,0.9296875
2257b962-595c-43ae-8f0d-575f1b55beb8_jpg.rf.d8ba84a72e00584f12f54d3cf03c8dc0.jpg,0,0.5349309146404266,0.49188702180981636,0.5767728686332703,0.8311298117041588,0.90966796875
2257b962-595c-43ae-8f0d-575f1b55beb8_jpg.rf.d8ba84a72e00584f12f54d3cf03c8dc0.jpg,1,0.32504507899284363,0.1903545781970024,0.06865984201431274,0.16676683723926544,0.002002716064453125
2257b962-595c-43ae-8f0d-575f1b55beb8_jpg.rf.d8ba84a72e00584f12f54d3cf03c8dc0.jpg,0,0.17863582074642181,0.52133415825665,0.35727164149284363,0.9188702367246151,0.0012493133544921875
24085f02-5dde-4b59-ad8e-887935bd08e1_jpg.rf.d216c61af0d1adf927b98f242a4fe85f.jpg,0,0.5168269369751215,0.5024038627743721,0.949519257992506,0.9651442617177963,0.9482421875
27beeb65-e6ea-4c4a-9dea-597500f26e7f_jpg.rf.29ca4c588d77178889b70d59993eb0ff.jpg,0,0.5564903989434242,0.471153873950243,0.6778846234083176,0.867788515985012,0.9384765625
27beeb65-e6ea-4c4a-9dea-597500f26e7f_jpg.rf.29ca4c588d77178889b70d59993eb0ff.jpg,0,0.19456130266189575,0.23106972759705968,0.3891226053237915,0.46093753207242116,0.0010280609130859375
643854b9-b9d9-4b74-99fb-830fde4a0b74_jpg.rf.4d252deec56db095b1acab7c1c0f1bdc.jpg,1,0.5336538553237915,0.5006009787321091,0.6875,0.8281250298023224,0.93017578125
643854b9-b9d9-4b74-99fb-830fde4a0b74_jpg.rf.4d252deec56db095b1acab7c1c0f1bdc.jpg,0,0.05386117845773697,0.5012019500136375,0.10772235691547394,0.870192363858223,0.00394439697265625
FisheyeCamera_1_00000_png.rf.51e7c2d131818f5ac51613cb3d152380.jpg,14,0.6045673191547394,0.5432692766189575,0.022836506366729736,0.03125,0.77197265625
FisheyeCamera_1_00000_png.rf.51e7c2d131818f5ac51613cb3d152380.jpg,6,0.4350961595773697,0.5480769574642181,0.007211536169052124,0.00961536169052124,0.08416748046875
FisheyeCamera_1_00005_png.rf.2c3a5ef517c817ce7872439ac76a7c08.jpg,14,0.6442307829856873,0.5384615659713745,0.028846144676208496,0.04326927661895752,0.8173828125
FisheyeCamera_1_00005_png.rf.2c3a5ef517c817ce7872439ac76a7c08.jpg,6,0.43329329788684845,0.5456731021404266,0.008413463830947876,0.011418282985687256,0.182373046875
FisheyeCamera_1_00005_png.rf.2c3a5ef517c817ce7872439ac76a7c08.jpg,0,0.39423078298568726,0.5306490659713745,0.00961536169052124,0.007211565971374512,0.00399017333984375
FisheyeCamera_1_00005_png.rf.2c3a5ef517c817ce7872439ac76a7c08.jpg,6,0.4173678010702133,0.5471754968166351,0.009615391492843628,0.007211506366729736,0.0012445449829101562
FisheyeCamera_1_00012_png.rf.72d6e678caad674f4fe8c948471cf743.jpg,2,0.3305288553237915,0.5198317468166351,0.03125,0.04567307233810425,0.935546875
FisheyeCamera_1_00012_png.rf.72d6e678caad674f4fe8c948471cf743.jpg,2,0.6129808127880096,0.5348557829856873,0.016826927661895752,0.025240421295166016,0.2379150390625
FisheyeCamera_1_00012_png.rf.72d6e678caad674f4fe8c948471cf743.jpg,12,0.3296274095773697,0.5198317468166351,0.030649036169052124,0.04567307233810425,0.053009033203125
FisheyeCamera_1_00012_png.rf.72d6e678caad674f4fe8c948471cf743.jpg,2,0.3978365510702133,0.5381610691547394,0.016225963830947876,0.020432651042938232,0.0224609375
FisheyeCamera_1_00012_png.rf.72d6e678caad674f4fe8c948471cf743.jpg,6,0.555588960647583,0.5435697138309479,0.015024065971374512,0.016826927661895752,0.00511932373046875
FisheyeCamera_1_00012_png.rf.72d6e678caad674f4fe8c948471cf743.jpg,11,0.09284856170415878,0.5021033883094788,0.012620195746421814,0.015625,0.0029697418212890625
FisheyeCamera_1_00018_png.rf.765c48e66c9a0a7d70f6e4b0af00494c.jpg,2,0.6400240659713745,0.5228365659713745,0.02764427661895752,0.04206728935241699,0.97607421875
FisheyeCamera_1_00018_png.rf.765c48e66c9a0a7d70f6e4b0af00494c.jpg,6,0.5348558127880096,0.5384615659713745,0.016826927661895752,0.02283656597137451,0.763671875
FisheyeCamera_1_00018_png.rf.765c48e66c9a0a7d70f6e4b0af00494c.jpg,6,0.30303485691547394,0.5276442468166351,0.021334141492843628,0.030048072338104248,0.2509765625
FisheyeCamera_1_00018_png.rf.765c48e66c9a0a7d70f6e4b0af00494c.jpg,5,0.04102501552551985,0.4408053010702133,0.02972881682217121,0.10456731915473938,0.0460205078125
FisheyeCamera_1_00018_png.rf.765c48e66c9a0a7d70f6e4b0af00494c.jpg,2,0.3491586744785309,0.5375601351261139,0.013221144676208496,0.019230782985687256,0.042877197265625
FisheyeCamera_1_00018_png.rf.765c48e66c9a0a7d70f6e4b0af00494c.jpg,4,0.04127854760736227,0.4393029063940048,0.029447117820382118,0.10576924681663513,0.012237548828125
FisheyeCamera_1_00018_png.rf.765c48e66c9a0a7d70f6e4b0af00494c.jpg,12,0.6394231021404266,0.5234375,0.026442348957061768,0.04206728935241699,0.0119171142578125
FisheyeCamera_1_00018_png.rf.765c48e66c9a0a7d70f6e4b0af00494c.jpg,2,0.30498799681663513,0.528245210647583,0.024639427661895752,0.03125,0.00518035888671875
FisheyeCamera_1_00021_png.rf.703e3c27438f8fe990ef8ffbd48f2b51.jpg,6,0.35036060214042664,0.5306490361690521,0.016826927661895752,0.027644217014312744,0.95703125
FisheyeCamera_1_00021_png.rf.703e3c27438f8fe990ef8ffbd48f2b51.jpg,0,0.4564303159713745,0.5099158883094788,0.010216355323791504,0.004807710647583008,0.061431884765625
FisheyeCamera_1_00021_png.rf.703e3c27438f8fe990ef8ffbd48f2b51.jpg,6,0.5667067468166351,0.5450721085071564,0.009014427661895752,0.014423072338104248,0.00847625732421875
FisheyeCamera_1_00021_png.rf.703e3c27438f8fe990ef8ffbd48f2b51.jpg,1,0.4375000149011612,0.5096153914928436,0.01081731915473938,0.00600963830947876,0.00234222412109375
FisheyeCamera_1_00021_png.rf.703e3c27438f8fe990ef8ffbd48f2b51.jpg,1,0.4639423191547394,0.5102163553237915,0.014423072338104248,0.004807710647583008,0.0011119842529296875
FisheyeCamera_1_00022_png.rf.783465f75a2393c7aaa0ec3c3cd3ed4d.jpg,6,0.33864183723926544,0.5294471383094788,0.019831746816635132,0.03185093402862549,0.97900390625
FisheyeCamera_1_00022_png.rf.783465f75a2393c7aaa0ec3c3cd3ed4d.jpg,0,0.4561298340559006,0.5090144276618958,0.009615391492843628,0.004807710647583008,0.043365478515625
FisheyeCamera_1_00022_png.rf.783465f75a2393c7aaa0ec3c3cd3ed4d.jpg,0,0.3377404063940048,0.5303485691547394,0.024038463830947876,0.031850993633270264,0.011962890625
FisheyeCamera_1_00022_png.rf.783465f75a2393c7aaa0ec3c3cd3ed4d.jpg,6,0.5679086744785309,0.5444711744785309,0.008413493633270264,0.014423072338104248,0.00760650634765625
FisheyeCamera_1_00022_png.rf.783465f75a2393c7aaa0ec3c3cd3ed4d.jpg,1,0.4375000149011612,0.5084134638309479,0.01081731915473938,0.00600963830947876,0.003337860107421875
FisheyeCamera_1_00023_png.rf.cd1aa333b9e78ad2f7b2de3c154e7429.jpg,6,0.32451923191547394,0.5261418521404266,0.021634608507156372,0.034855782985687256,0.953125
FisheyeCamera_1_00023_png.rf.cd1aa333b9e78ad2f7b2de3c154e7429.jpg,9,0.32451923191547394,0.5267428159713745,0.021634608507156372,0.03605771064758301,0.09271240234375
FisheyeCamera_1_00023_png.rf.cd1aa333b9e78ad2f7b2de3c154e7429.jpg,0,0.45372597873210907,0.5084134936332703,0.008413463830947876,0.004807710647583008,0.014556884765625
FisheyeCamera_1_00023_png.rf.cd1aa333b9e78ad2f7b2de3c154e7429.jpg,6,0.564302921295166,0.5444711744785309,0.007211565971374512,0.014423072338104248,0.006511688232421875
FisheyeCamera_1_00023_png.rf.cd1aa333b9e78ad2f7b2de3c154e7429.jpg,0,0.3804086595773697,0.5456731021404266,0.01081731915473938,0.006610572338104248,0.00586700439453125
FisheyeCamera_1_00027_png.rf.dfb965799faeb1514f927e69c5ec0fd2.jpg,6,0.2352764531970024,0.5078125149011612,0.025240376591682434,0.05168268084526062,0.9560546875
FisheyeCamera_1_00027_png.rf.dfb965799faeb1514f927e69c5ec0fd2.jpg,0,0.4549279063940048,0.5066106021404266,0.008413463830947876,0.00600963830947876,0.18359375
FisheyeCamera_1_00027_png.rf.dfb965799faeb1514f927e69c5ec0fd2.jpg,6,0.3719951957464218,0.5444711744785309,0.007211536169052124,0.009014427661895752,0.0087127685546875
FisheyeCamera_1_00027_png.rf.dfb965799faeb1514f927e69c5ec0fd2.jpg,0,0.4350961595773697,0.5078125298023224,0.007211536169052124,0.00600963830947876,0.0015544891357421875
FisheyeCamera_1_00027_png.rf.dfb965799faeb1514f927e69c5ec0fd2.jpg,0,0.31370194256305695,0.5468750298023224,0.007211536169052124,0.003605782985687256,0.0014438629150390625
FisheyeCamera_1_00028_png.rf.f6f0a58dd52d1cf0fe75c8496a37b067.jpg,6,0.20102164149284363,0.49879810214042664,0.025841355323791504,0.05769234895706177,0.9697265625
FisheyeCamera_1_00028_png.rf.f6f0a58dd52d1cf0fe75c8496a37b067.jpg,0,0.45372597873210907,0.5060096383094788,0.009615391492843628,0.007211565971374512,0.299072265625
FisheyeCamera_1_00028_png.rf.f6f0a58dd52d1cf0fe75c8496a37b067.jpg,0,0.20102164149284363,0.49819713830947876,0.025841355323791504,0.056490421295166016,0.0263519287109375
FisheyeCamera_1_00028_png.rf.f6f0a58dd52d1cf0fe75c8496a37b067.jpg,7,0.20102164149284363,0.4975961744785309,0.025841355323791504,0.05649036169052124,0.014556884765625
FisheyeCamera_1_00028_png.rf.f6f0a58dd52d1cf0fe75c8496a37b067.jpg,0,0.43629808723926544,0.5072115659713745,0.009615391492843628,0.005408644676208496,0.00395965576171875
FisheyeCamera_1_00028_png.rf.f6f0a58dd52d1cf0fe75c8496a37b067.jpg,6,0.5697115659713745,0.5462740361690521,0.007211565971374512,0.012019217014312744,0.0013456344604492188
FisheyeCamera_1_00036_png.rf.a4fcf0fd896e50b389c7a93fae4d3a07.jpg,7,0.5826322436332703,0.5273437798023224,0.029447078704833984,0.04026442766189575,0.90478515625
FisheyeCamera_1_00036_png.rf.a4fcf0fd896e50b389c7a93fae4d3a07.jpg,5,0.0588191132992506,0.47295674681663513,0.023512620478868484,0.06370192766189575,0.361083984375
FisheyeCamera_1_00036_png.rf.a4fcf0fd896e50b389c7a93fae4d3a07.jpg,9,0.05874399282038212,0.47235579788684845,0.02298678085207939,0.06370195746421814,0.167724609375
FisheyeCamera_1_00036_png.rf.a4fcf0fd896e50b389c7a93fae4d3a07.jpg,10,0.058518631383776665,0.47295674681663513,0.02313702180981636,0.06370192766189575,0.1259765625
FisheyeCamera_1_00036_png.rf.a4fcf0fd896e50b389c7a93fae4d3a07.jpg,12,0.0571289099752903,0.47295673191547394,0.02674279361963272,0.06490382552146912,0.03460693359375
FisheyeCamera_1_00036_png.rf.a4fcf0fd896e50b389c7a93fae4d3a07.jpg,7,0.5336538851261139,0.5432692468166351,0.011418282985687256,0.018629848957061768,0.01751708984375
FisheyeCamera_1_00036_png.rf.a4fcf0fd896e50b389c7a93fae4d3a07.jpg,10,0.3509615659713745,0.536057710647583,0.015625,0.021634578704833984,0.00626373291015625
FisheyeCamera_1_00036_png.rf.a4fcf0fd896e50b389c7a93fae4d3a07.jpg,7,0.3509615659713745,0.5363581776618958,0.015625,0.0234375,0.0017271041870117188
FisheyeCamera_1_00041_png.rf.402d963ad90df5846463e66a301debd3.jpg,0,0.4453125149011612,0.4945913702249527,0.013221174478530884,0.008413463830947876,0.20947265625
FisheyeCamera_1_00041_png.rf.402d963ad90df5846463e66a301debd3.jpg,0,0.4405048191547394,0.49399039149284363,0.015625,0.0078125,0.158203125
FisheyeCamera_1_00041_png.rf.402d963ad90df5846463e66a301debd3.jpg,0,0.31280049681663513,0.5414663553237915,0.009014427661895752,0.013221144676208496,0.006717681884765625
FisheyeCamera_1_00041_png.rf.402d963ad90df5846463e66a301debd3.jpg,0,0.606370210647583,0.5315504968166351,0.007211565971374512,0.010216295719146729,0.0012693405151367188
FisheyeCamera_1_00089_png.rf.3a437fe3f7f2a546183b5ef50bf92eab.jpg,7,0.31310097873210907,0.5408653914928436,0.008413463830947876,0.014423072338104248,0.363037109375
FisheyeCamera_1_00089_png.rf.3a437fe3f7f2a546183b5ef50bf92eab.jpg,0,0.2602163553237915,0.3001803010702133,0.024639427661895752,0.01472356915473938,0.34326171875
FisheyeCamera_1_00089_png.rf.3a437fe3f7f2a546183b5ef50bf92eab.jpg,1,0.43810097873210907,0.489182710647583,0.012019246816635132,0.004206717014312744,0.155029296875
FisheyeCamera_1_00089_png.rf.3a437fe3f7f2a546183b5ef50bf92eab.jpg,1,0.44651444256305695,0.4897836744785309,0.01081731915473938,0.004206717014312744,0.11199951171875
FisheyeCamera_1_00089_png.rf.3a437fe3f7f2a546183b5ef50bf92eab.jpg,0,0.2554086670279503,0.3022836744785309,0.032451942563056946,0.016826927661895752,0.0066680908203125
FisheyeCamera_1_00089_png.rf.3a437fe3f7f2a546183b5ef50bf92eab.jpg,0,0.2992788702249527,0.29807694256305695,0.016225963830947876,0.011117786169052124,0.00399017333984375
FisheyeCamera_1_00089_png.rf.3a437fe3f7f2a546183b5ef50bf92eab.jpg,0,0.289963960647583,0.454026460647583,0.016826927661895752,0.009014427661895752,0.001255035400390625
FisheyeCamera_1_00095_png.rf.7339640275f9c4483536f89fb2c815e0.jpg,7,0.26727765798568726,0.536057710647583,0.015324532985687256,0.01622593402862549,0.474609375
FisheyeCamera_1_00095_png.rf.7339640275f9c4483536f89fb2c815e0.jpg,1,0.4302884638309479,0.4843750149011612,0.0078125,0.012019246816635132,0.236572265625
FisheyeCamera_1_00095_png.rf.7339640275f9c4483536f89fb2c815e0.jpg,7,0.2714843899011612,0.536057710647583,0.01472356915473938,0.015625,0.2337646484375
FisheyeCamera_1_00095_png.rf.7339640275f9c4483536f89fb2c815e0.jpg,1,0.43629810214042664,0.4819711744785309,0.016826927661895752,0.00600963830947876,0.003650665283203125
FisheyeCamera_1_00095_png.rf.7339640275f9c4483536f89fb2c815e0.jpg,0,0.19861779361963272,0.5276442766189575,0.008713945746421814,0.015625,0.0034961700439453125
FisheyeCamera_1_00095_png.rf.7339640275f9c4483536f89fb2c815e0.jpg,1,0.4296875149011612,0.4780649244785309,0.008413463830947876,0.01382213830947876,0.0028896331787109375
FisheyeCamera_1_00095_png.rf.7339640275f9c4483536f89fb2c815e0.jpg,0,0.7259615659713745,0.5279447436332703,0.009615421295166016,0.013221144676208496,0.00208282470703125
FisheyeCamera_1_00095_png.rf.7339640275f9c4483536f89fb2c815e0.jpg,0,0.46694712340831757,0.5303485691547394,0.008413463830947876,0.007211506366729736,0.0013456344604492188
FisheyeCamera_1_00097_png.rf.fb72097a4038b905024bea71b14c1434.jpg,1,0.42788463830947876,0.47626203298568726,0.010216355323791504,0.010216355323791504,0.24658203125
FisheyeCamera_1_00097_png.rf.fb72097a4038b905024bea71b14c1434.jpg,7,0.2534555345773697,0.5327524244785309,0.012319713830947876,0.01742786169052124,0.1871337890625
FisheyeCamera_1_00097_png.rf.fb72097a4038b905024bea71b14c1434.jpg,7,0.24909856170415878,0.5327524244785309,0.017427876591682434,0.01802879571914673,0.023773193359375
FisheyeCamera_1_00097_png.rf.fb72097a4038b905024bea71b14c1434.jpg,1,0.434495210647583,0.47926683723926544,0.020432710647583008,0.006009608507156372,0.020965576171875
FisheyeCamera_1_00097_png.rf.fb72097a4038b905024bea71b14c1434.jpg,1,0.42788462340831757,0.48257213830947876,0.01081731915473938,0.015625,0.007259368896484375
FisheyeCamera_1_00097_png.rf.fb72097a4038b905024bea71b14c1434.jpg,0,0.4705529063940048,0.5318509638309479,0.003605753183364868,0.00961536169052124,0.0011243820190429688
FisheyeCamera_1_00098_png.rf.937d582ee38fb9c9007c37c872df3176.jpg,7,0.2430889531970024,0.5318509936332703,0.01021634042263031,0.018028855323791504,0.79443359375
FisheyeCamera_1_00098_png.rf.937d582ee38fb9c9007c37c872df3176.jpg,1,0.42788463830947876,0.4759615510702133,0.011418282985687256,0.009615391492843628,0.2147216796875
FisheyeCamera_1_00098_png.rf.937d582ee38fb9c9007c37c872df3176.jpg,4,0.3725961595773697,0.5453726053237915,0.006009608507156372,0.008413434028625488,0.008880615234375
FisheyeCamera_1_00098_png.rf.937d582ee38fb9c9007c37c872df3176.jpg,9,0.4783654063940048,0.5576923489570618,0.007211536169052124,0.010216355323791504,0.0070648193359375
FisheyeCamera_1_00098_png.rf.937d582ee38fb9c9007c37c872df3176.jpg,0,0.16436298936605453,0.5276442468166351,0.008713945746421814,0.014423072338104248,0.005535125732421875
FisheyeCamera_1_00098_png.rf.937d582ee38fb9c9007c37c872df3176.jpg,0,0.43389424681663513,0.4783654063940048,0.02163463830947876,0.007211536169052124,0.00238800048828125
FisheyeCamera_1_00098_png.rf.937d582ee38fb9c9007c37c872df3176.jpg,1,0.42307694256305695,0.47536058723926544,0.019230753183364868,0.009615391492843628,0.0013666152954101562
FisheyeCamera_1_00098_png.rf.937d582ee38fb9c9007c37c872df3176.jpg,0,0.4711538702249527,0.533052921295166,0.003605753183364868,0.010817289352416992,0.001255035400390625
FisheyeCamera_1_00100_png.rf.683a106328c4647fb8dcd00c1c2af90f.jpg,7,0.22145433723926544,0.5288461744785309,0.010216355323791504,0.019230782985687256,0.63720703125
FisheyeCamera_1_00100_png.rf.683a106328c4647fb8dcd00c1c2af90f.jpg,1,0.4212740659713745,0.47325722873210907,0.015625,0.006610602140426636,0.139404296875
FisheyeCamera_1_00100_png.rf.683a106328c4647fb8dcd00c1c2af90f.jpg,1,0.42548078298568726,0.473557710647583,0.014423072338104248,0.00600963830947876,0.1280517578125
FisheyeCamera_1_00100_png.rf.683a106328c4647fb8dcd00c1c2af90f.jpg,6,0.49098558723926544,0.5456730723381042,0.006009608507156372,0.0078125,0.01554107666015625
FisheyeCamera_1_00100_png.rf.683a106328c4647fb8dcd00c1c2af90f.jpg,6,0.47536058723926544,0.5441706776618958,0.009615391492843628,0.010216355323791504,0.00930023193359375
FisheyeCamera_1_00100_png.rf.683a106328c4647fb8dcd00c1c2af90f.jpg,6,0.5312500298023224,0.548677921295166,0.006610572338104248,0.010817289352416992,0.0015850067138671875
FisheyeCamera_1_00100_png.rf.683a106328c4647fb8dcd00c1c2af90f.jpg,11,0.3725961595773697,0.5444711446762085,0.006009608507156372,0.0078125,0.0013151168823242188
FisheyeCamera_1_00104_png.rf.4b7fdfa8ad94152180492a204dfd629d.jpg,11,0.36057694256305695,0.5258413553237915,0.027644246816635132,0.03846156597137451,0.401611328125
FisheyeCamera_1_00104_png.rf.4b7fdfa8ad94152180492a204dfd629d.jpg,12,0.360276460647583,0.5255408883094788,0.027043282985687256,0.0390625,0.070068359375
FisheyeCamera_1_00104_png.rf.4b7fdfa8ad94152180492a204dfd629d.jpg,11,0.4537259638309479,0.5462740659713745,0.0078125,0.013221144676208496,0.030914306640625
FisheyeCamera_1_00104_png.rf.4b7fdfa8ad94152180492a204dfd629d.jpg,2,0.7103365659713745,0.5342548191547394,0.016826868057250977,0.020432651042938232,0.0021991729736328125
FisheyeCamera_1_00104_png.rf.4b7fdfa8ad94152180492a204dfd629d.jpg,1,0.5967548191547394,0.5510817766189575,0.008413493633270264,0.018028855323791504,0.001129150390625
FisheyeCamera_1_00142_png.rf.def6aeee07cff082ea33cd3d659e7024.jpg,9,0.5991586744785309,0.543870210647583,0.013221204280853271,0.012620210647583008,0.61669921875
FisheyeCamera_1_00142_png.rf.def6aeee07cff082ea33cd3d659e7024.jpg,9,0.5637019574642181,0.5486778914928436,0.007211506366729736,0.008413493633270264,0.303955078125
FisheyeCamera_1_00142_png.rf.def6aeee07cff082ea33cd3d659e7024.jpg,9,0.5937500298023224,0.5444711744785309,0.014423072338104248,0.013221204280853271,0.0863037109375
FisheyeCamera_1_00142_png.rf.def6aeee07cff082ea33cd3d659e7024.jpg,13,0.5973557829856873,0.5483774244785309,0.010817289352416992,0.02103370428085327,0.00661468505859375
FisheyeCamera_1_00150_png.rf.59de5a3cfa738990cf21ba7d18b79444.jpg,13,0.36388222873210907,0.5300481021404266,0.021033674478530884,0.03245192766189575,0.93701171875
FisheyeCamera_1_00150_png.rf.59de5a3cfa738990cf21ba7d18b79444.jpg,11,0.40745194256305695,0.5453726351261139,0.012019246816635132,0.011418282985687256,0.106689453125
FisheyeCamera_1_00150_png.rf.59de5a3cfa738990cf21ba7d18b79444.jpg,12,0.6123798489570618,0.5435697138309479,0.013221144676208496,0.014423072338104248,0.0053863525390625
FisheyeCamera_1_00150_png.rf.59de5a3cfa738990cf21ba7d18b79444.jpg,13,0.40294472873210907,0.543870210647583,0.017427891492843628,0.013221144676208496,0.005218505859375
FisheyeCamera_1_00150_png.rf.59de5a3cfa738990cf21ba7d18b79444.jpg,12,0.6176382303237915,0.5441707074642181,0.014723539352416992,0.014423072338104248,0.0016489028930664062
FisheyeCamera_1_00151_png.rf.ff1355b3e842019c0228380552ea0c2c.jpg,13,0.35366587340831757,0.5276442468166351,0.025240391492843628,0.03365379571914673,0.90380859375
FisheyeCamera_1_00151_png.rf.ff1355b3e842019c0228380552ea0c2c.jpg,11,0.40114183723926544,0.5450721383094788,0.013822108507156372,0.01201927661895752,0.1015625
FisheyeCamera_1_00151_png.rf.ff1355b3e842019c0228380552ea0c2c.jpg,12,0.6225961744785309,0.5432692468166351,0.010817348957061768,0.015024006366729736,0.1015625
FisheyeCamera_1_00151_png.rf.ff1355b3e842019c0228380552ea0c2c.jpg,11,0.4062500149011612,0.5450721383094788,0.014423102140426636,0.01201927661895752,0.033599853515625
FisheyeCamera_1_00151_png.rf.ff1355b3e842019c0228380552ea0c2c.jpg,1,0.5330528914928436,0.5492788553237915,0.008413493633270264,0.010817289352416992,0.0012063980102539062
FisheyeCamera_1_00153_png.rf.19444df592470cf02432f62dfd784f12.jpg,9,0.5859375298023224,0.544771671295166,0.008413493633270264,0.012620210647583008,0.81982421875
FisheyeCamera_1_00153_png.rf.19444df592470cf02432f62dfd784f12.jpg,9,0.6634615361690521,0.5348557829856873,0.014423072338104248,0.021634578704833984,0.810546875
FisheyeCamera_1_00153_png.rf.19444df592470cf02432f62dfd784f12.jpg,9,0.49579329788684845,0.5318509638309479,0.012019246816635132,0.014423072338104248,0.00234222412109375
FisheyeCamera_1_00153_png.rf.19444df592470cf02432f62dfd784f12.jpg,1,0.4531250149011612,0.509615421295166,0.007211536169052124,0.004807710647583008,0.002002716064453125
FisheyeCamera_1_00154_png.rf.be661e0bba8aead34dbcded1d4e5b260.jpg,9,0.5892427861690521,0.544771671295166,0.009014427661895752,0.013221144676208496,0.76220703125
FisheyeCamera_1_00154_png.rf.be661e0bba8aead34dbcded1d4e5b260.jpg,9,0.6718750298023224,0.5336538553237915,0.016826927661895752,0.025240421295166016,0.75634765625
FisheyeCamera_1_00154_png.rf.be661e0bba8aead34dbcded1d4e5b260.jpg,13,0.6724759638309479,0.5315504968166351,0.014423072338104248,0.027043282985687256,0.03704833984375
FisheyeCamera_1_00154_png.rf.be661e0bba8aead34dbcded1d4e5b260.jpg,9,0.4600360840559006,0.54296875,0.016225963830947876,0.013221144676208496,0.00269317626953125
FisheyeCamera_1_00154_png.rf.be661e0bba8aead34dbcded1d4e5b260.jpg,13,0.6947115659713745,0.5378606021404266,0.014423131942749023,0.020432651042938232,0.0014781951904296875
FisheyeCamera_1_00194_png.rf.21c8dbe947c18776eaab4e5caec1585b.jpg,1,0.3545673340559006,0.48557694256305695,0.008413463830947876,0.009615391492843628,0.24072265625
FisheyeCamera_1_00194_png.rf.21c8dbe947c18776eaab4e5caec1585b.jpg,1,0.3179086595773697,0.4861779063940048,0.009615391492843628,0.008413463830947876,0.09808349609375
FisheyeCamera_1_00194_png.rf.21c8dbe947c18776eaab4e5caec1585b.jpg,10,0.3155048191547394,0.5450721383094788,0.00600963830947876,0.007211565971374512,0.08758544921875
FisheyeCamera_1_00194_png.rf.21c8dbe947c18776eaab4e5caec1585b.jpg,0,0.4158654063940048,0.5264423191547394,0.008413463830947876,0.00600963830947876,0.056854248046875
FisheyeCamera_1_00194_png.rf.21c8dbe947c18776eaab4e5caec1585b.jpg,0,0.418870210647583,0.5156250298023224,0.012620210647583008,0.01382213830947876,0.026763916015625
FisheyeCamera_1_00194_png.rf.21c8dbe947c18776eaab4e5caec1585b.jpg,1,0.3179086595773697,0.47776444256305695,0.01081731915473938,0.014423102140426636,0.014007568359375
FisheyeCamera_1_00194_png.rf.21c8dbe947c18776eaab4e5caec1585b.jpg,1,0.297776460647583,0.48858174681663513,0.010216355323791504,0.004807710647583008,0.013275146484375
FisheyeCamera_1_00194_png.rf.21c8dbe947c18776eaab4e5caec1585b.jpg,10,0.30243390798568726,0.5426682829856873,0.009014427661895752,0.01141822338104248,0.01238250732421875
FisheyeCamera_1_00194_png.rf.21c8dbe947c18776eaab4e5caec1585b.jpg,0,0.2578125149011612,0.536057710647583,0.006009608507156372,0.014423131942749023,0.0025615692138671875
FisheyeCamera_1_00194_png.rf.21c8dbe947c18776eaab4e5caec1585b.jpg,1,0.35817310214042664,0.48317308723926544,0.016826927661895752,0.008413463830947876,0.0017137527465820312
FisheyeCamera_1_00194_png.rf.21c8dbe947c18776eaab4e5caec1585b.jpg,9,0.3539663553237915,0.5432692468166351,0.004807710647583008,0.00961536169052124,0.0017004013061523438
FisheyeCamera_1_00194_png.rf.21c8dbe947c18776eaab4e5caec1585b.jpg,10,0.3012319803237915,0.5357572436332703,0.008713960647583008,0.015625,0.0010118484497070312
FisheyeCamera_1_00195_png.rf.c958e21bb68e76adac7817623d7c1f75.jpg,0,0.46213944256305695,0.3822115659713745,0.024038463830947876,0.015625,0.67919921875
FisheyeCamera_1_00195_png.rf.c958e21bb68e76adac7817623d7c1f75.jpg,0,0.5534856021404266,0.3984375149011612,0.019831717014312744,0.011418253183364868,0.42431640625
FisheyeCamera_1_00195_png.rf.c958e21bb68e76adac7817623d7c1f75.jpg,5,0.7668269574642181,0.5252403914928436,0.016826927661895752,0.02524036169052124,0.0246124267578125
FisheyeCamera_1_00195_png.rf.c958e21bb68e76adac7817623d7c1f75.jpg,1,0.4290865510702133,0.473557710647583,0.008413463830947876,0.00600963830947876,0.0055999755859375
FisheyeCamera_1_00195_png.rf.c958e21bb68e76adac7817623d7c1f75.jpg,1,0.4765625149011612,0.47866587340831757,0.01081731915473938,0.006009608507156372,0.0015735626220703125
FisheyeCamera_1_00202_png.rf.ee30ccd577d5cfc9c2f6c16edaeacdf2.jpg,0,0.5102163553237915,0.3027343899011612,0.028846144676208496,0.020132213830947876,0.80322265625
FisheyeCamera_1_00202_png.rf.ee30ccd577d5cfc9c2f6c16edaeacdf2.jpg,0,0.6406250298023224,0.3296274244785309,0.026442348957061768,0.018028855323791504,0.74755859375
FisheyeCamera_1_00202_png.rf.ee30ccd577d5cfc9c2f6c16edaeacdf2.jpg,1,0.47716347873210907,0.45823319256305695,0.012019246816635132,0.01262018084526062,0.041473388671875
FisheyeCamera_1_00202_png.rf.ee30ccd577d5cfc9c2f6c16edaeacdf2.jpg,1,0.48257213830947876,0.45733174681663513,0.015625,0.012019217014312744,0.006290435791015625
FisheyeCamera_1_00202_png.rf.ee30ccd577d5cfc9c2f6c16edaeacdf2.jpg,1,0.47716347873210907,0.46274039149284363,0.012019246816635132,0.016826927661895752,0.0018892288208007812
FisheyeCamera_1_00202_png.rf.ee30ccd577d5cfc9c2f6c16edaeacdf2.jpg,1,0.5324519276618958,0.46514424681663513,0.010216355323791504,0.012019217014312744,0.00154876708984375
FisheyeCamera_1_00204_png.rf.19edfa32d48b66e0365f54c7325dcbd4.jpg,0,0.5288461744785309,0.26592549681663513,0.03665870428085327,0.024639427661895752,0.8056640625
FisheyeCamera_1_00204_png.rf.19edfa32d48b66e0365f54c7325dcbd4.jpg,0,0.6706731021404266,0.2979266941547394,0.02884620428085327,0.01772838830947876,0.6513671875
FisheyeCamera_1_00204_png.rf.19edfa32d48b66e0365f54c7325dcbd4.jpg,1,0.49579328298568726,0.4549279063940048,0.010817289352416992,0.007211536169052124,0.042877197265625
FisheyeCamera_1_00204_png.rf.19edfa32d48b66e0365f54c7325dcbd4.jpg,1,0.5528846383094788,0.4564303159713745,0.010817289352416992,0.009014427661895752,0.01495361328125
FisheyeCamera_1_00204_png.rf.19edfa32d48b66e0365f54c7325dcbd4.jpg,1,0.5012019574642181,0.4555288553237915,0.016826927661895752,0.0078125,0.0018033981323242188
FisheyeCamera_1_00211_png.rf.4d937346689834589353be2d154dc924.jpg,0,0.5754207074642181,0.08646334335207939,0.058894217014312744,0.044170670211315155,0.85693359375
FisheyeCamera_1_00211_png.rf.4d937346689834589353be2d154dc924.jpg,0,0.7800481021404266,0.17908655107021332,0.03365379571914673,0.0234375,0.25830078125
FisheyeCamera_1_00211_png.rf.4d937346689834589353be2d154dc924.jpg,1,0.5898437798023224,0.47235578298568726,0.016225993633270264,0.010216355323791504,0.235107421875
FisheyeCamera_1_00211_png.rf.4d937346689834589353be2d154dc924.jpg,1,0.5168269276618958,0.47085338830947876,0.015625,0.009014427661895752,0.0276947021484375
FisheyeCamera_1_00211_png.rf.4d937346689834589353be2d154dc924.jpg,1,0.5889423489570618,0.47385817766189575,0.018028855323791504,0.015625,0.0224609375
FisheyeCamera_1_00211_png.rf.4d937346689834589353be2d154dc924.jpg,1,0.5174278914928436,0.473557710647583,0.014423072338104248,0.016826927661895752,0.00963592529296875
FisheyeCamera_1_00211_png.rf.4d937346689834589353be2d154dc924.jpg,0,0.780048131942749,0.1733774095773697,0.03125,0.027043282985687256,0.00424957275390625
FisheyeCamera_1_00211_png.rf.4d937346689834589353be2d154dc924.jpg,0,0.7824519574642181,0.18494591861963272,0.03605765104293823,0.03756009042263031,0.0014781951904296875
FisheyeCamera_1_00230_png.rf.0abfb32b639a38aefee3263df7d3733e.jpg,1,0.5528846383094788,0.43960338830947876,0.04326927661895752,0.025841355323791504,0.8017578125
FisheyeCamera_1_00230_png.rf.0abfb32b639a38aefee3263df7d3733e.jpg,1,0.7163462042808533,0.4531250149011612,0.03125,0.021033674478530884,0.7578125
FisheyeCamera_1_00230_png.rf.0abfb32b639a38aefee3263df7d3733e.jpg,1,0.6117788851261139,0.45132212340831757,0.019230782985687256,0.01081731915473938,0.0011968612670898438
FisheyeCamera_1_00230_png.rf.de641278e85b0675e5c4ec40b2fdf74f.jpg,10,0.313401460647583,0.5234375298023224,0.0234375,0.03725963830947876,0.83203125
FisheyeCamera_1_00230_png.rf.de641278e85b0675e5c4ec40b2fdf74f.jpg,1,0.4353966563940048,0.37620192766189575,0.019831746816635132,0.013221144676208496,0.70751953125
FisheyeCamera_1_00230_png.rf.de641278e85b0675e5c4ec40b2fdf74f.jpg,0,0.4975961595773697,0.5132211744785309,0.015624970197677612,0.008413493633270264,0.498046875
FisheyeCamera_1_00230_png.rf.de641278e85b0675e5c4ec40b2fdf74f.jpg,1,0.33954328298568726,0.3813101053237915,0.018028855323791504,0.016826927661895752,0.49609375
FisheyeCamera_1_00230_png.rf.de641278e85b0675e5c4ec40b2fdf74f.jpg,0,0.5036057829856873,0.5129207074642181,0.013221144676208496,0.009014427661895752,0.282958984375
FisheyeCamera_1_00230_png.rf.de641278e85b0675e5c4ec40b2fdf74f.jpg,0,0.689302921295166,0.450120210647583,0.013221144676208496,0.012019217014312744,0.1246337890625
FisheyeCamera_1_00230_png.rf.de641278e85b0675e5c4ec40b2fdf74f.jpg,1,0.43419472873210907,0.3750000149011612,0.021033674478530884,0.02043268084526062,0.0703125
FisheyeCamera_1_00230_png.rf.de641278e85b0675e5c4ec40b2fdf74f.jpg,0,0.34945914149284363,0.47235578298568726,0.014423072338104248,0.009014427661895752,0.0247039794921875
FisheyeCamera_1_00230_png.rf.de641278e85b0675e5c4ec40b2fdf74f.jpg,0,0.4954928159713745,0.5249399244785309,0.012620210647583008,0.010216295719146729,0.004467010498046875
FisheyeCamera_1_00230_png.rf.de641278e85b0675e5c4ec40b2fdf74f.jpg,1,0.48798078298568726,0.37860578298568726,0.010817289352416992,0.008413434028625488,0.004364013671875
FisheyeCamera_1_00230_png.rf.de641278e85b0675e5c4ec40b2fdf74f.jpg,0,0.34405048191547394,0.47235579788684845,0.017427891492843628,0.009615391492843628,0.003482818603515625
FisheyeCamera_1_00230_png.rf.de641278e85b0675e5c4ec40b2fdf74f.jpg,0,0.5036057829856873,0.5240384638309479,0.012620210647583008,0.012019217014312744,0.00263214111328125
FisheyeCamera_1_00230_png.rf.de641278e85b0675e5c4ec40b2fdf74f.jpg,3,0.31422777473926544,0.5234375298023224,0.026592522859573364,0.04086536169052124,0.0017614364624023438
FisheyeCamera_1_00230_png.rf.de641278e85b0675e5c4ec40b2fdf74f.jpg,0,0.5703125298023224,0.5114183127880096,0.00961536169052124,0.009014427661895752,0.0014324188232421875
FisheyeCamera_1_00230_png.rf.de641278e85b0675e5c4ec40b2fdf74f.jpg,1,0.3287259638309479,0.3807091563940048,0.03245192766189575,0.017427891492843628,0.0013990402221679688
FisheyeCamera_1_00239_png.rf.d6a3e883bbb92412f2642432771f2d09.jpg,1,0.46213944256305695,0.25570914149284363,0.03485575318336487,0.0234375,0.7841796875
FisheyeCamera_1_00239_png.rf.d6a3e883bbb92412f2642432771f2d09.jpg,1,0.3236178010702133,0.29717549681663513,0.027043253183364868,0.016826927661895752,0.6826171875
FisheyeCamera_1_00239_png.rf.d6a3e883bbb92412f2642432771f2d09.jpg,0,0.5655048489570618,0.5036057978868484,0.018028855323791504,0.012019246816635132,0.56005859375
FisheyeCamera_1_00239_png.rf.d6a3e883bbb92412f2642432771f2d09.jpg,0,0.56640625,0.4990985691547394,0.018028855323791504,0.01742786169052124,0.050140380859375
FisheyeCamera_1_00239_png.rf.d6a3e883bbb92412f2642432771f2d09.jpg,9,0.5159254968166351,0.546875,0.012620151042938232,0.010817289352416992,0.043701171875
FisheyeCamera_1_00239_png.rf.d6a3e883bbb92412f2642432771f2d09.jpg,0,0.6478365659713745,0.5075120329856873,0.01201927661895752,0.006009578704833984,0.036895751953125
FisheyeCamera_1_00239_png.rf.d6a3e883bbb92412f2642432771f2d09.jpg,0,0.4002404063940048,0.5177283883094788,0.008413463830947876,0.015024065971374512,0.0121917724609375
FisheyeCamera_1_00239_png.rf.d6a3e883bbb92412f2642432771f2d09.jpg,1,0.547776460647583,0.25360577553510666,0.012620210647583008,0.012019231915473938,0.007694244384765625
FisheyeCamera_1_00239_png.rf.d6a3e883bbb92412f2642432771f2d09.jpg,0,0.5588942468166351,0.5054086744785309,0.022235572338104248,0.009014427661895752,0.0027141571044921875
FisheyeCamera_1_00239_png.rf.d6a3e883bbb92412f2642432771f2d09.jpg,9,0.5225360691547394,0.5471754968166351,0.012620151042938232,0.007211506366729736,0.00257110595703125
FisheyeCamera_1_00239_png.rf.d6a3e883bbb92412f2642432771f2d09.jpg,0,0.8281250298023224,0.43479569256305695,0.016826927661895752,0.016225963830947876,0.0015249252319335938
FisheyeCamera_1_00257_png.rf.fd48c32db227dac063bcd71340f4f334.jpg,0,0.7530048489570618,0.45432694256305695,0.02403843402862549,0.013822108507156372,0.73388671875
FisheyeCamera_1_00257_png.rf.fd48c32db227dac063bcd71340f4f334.jpg,13,0.7734375298023224,0.5342548191547394,0.010817348957061768,0.010817348957061768,0.1766357421875
FisheyeCamera_1_00257_png.rf.fd48c32db227dac063bcd71340f4f334.jpg,0,0.6983173489570618,0.532151460647583,0.007211565971374512,0.012620210647583008,0.167724609375
FisheyeCamera_1_00257_png.rf.fd48c32db227dac063bcd71340f4f334.jpg,9,0.6237981021404266,0.5426682829856873,0.004807651042938232,0.010817289352416992,0.007205963134765625
FisheyeCamera_1_00257_png.rf.fd48c32db227dac063bcd71340f4f334.jpg,0,0.6875000298023224,0.5318509638309479,0.00961536169052124,0.012019217014312744,0.004329681396484375
FisheyeCamera_1_00257_png.rf.fd48c32db227dac063bcd71340f4f334.jpg,0,0.7524038553237915,0.4516226202249527,0.028846144676208496,0.02043268084526062,0.00319671630859375
FisheyeCamera_1_00257_png.rf.fd48c32db227dac063bcd71340f4f334.jpg,9,0.8125000298023224,0.418870210647583,0.00961536169052124,0.030048072338104248,0.0016489028930664062
FisheyeCamera_1_00257_png.rf.fd48c32db227dac063bcd71340f4f334.jpg,0,0.6670673191547394,0.5267428159713745,0.007211506366729736,0.010216355323791504,0.0010986328125
FisheyeCamera_1_00282_png.rf.8432bcb7705139cd0bcd1421987aaff7.jpg,13,0.8173077404499054,0.5234375298023224,0.014423072338104248,0.022836506366729736,0.861328125
FisheyeCamera_1_00282_png.rf.8432bcb7705139cd0bcd1421987aaff7.jpg,0,0.5928485989570618,0.5273437798023224,0.012620210647583008,0.019230782985687256,0.60400390625
FisheyeCamera_1_00282_png.rf.8432bcb7705139cd0bcd1421987aaff7.jpg,1,0.47235578298568726,0.5366586446762085,0.004807710647583008,0.015625,0.1441650390625
FisheyeCamera_1_00282_png.rf.8432bcb7705139cd0bcd1421987aaff7.jpg,1,0.47235579788684845,0.5408653914928436,0.006009608507156372,0.014423072338104248,0.09136962890625
FisheyeCamera_1_00282_png.rf.8432bcb7705139cd0bcd1421987aaff7.jpg,11,0.387620210647583,0.5465745329856873,0.013221144676208496,0.008413434028625488,0.06951904296875
FisheyeCamera_1_00282_png.rf.8432bcb7705139cd0bcd1421987aaff7.jpg,0,0.5982572436332703,0.5276442468166351,0.015024065971374512,0.01802879571914673,0.05987548828125
FisheyeCamera_1_00282_png.rf.8432bcb7705139cd0bcd1421987aaff7.jpg,11,0.3819110691547394,0.5468750298023224,0.01382213830947876,0.008413493633270264,0.049774169921875
FisheyeCamera_1_00283_png.rf.e88cf39eb00a52dfcceb2fcfddf89260.jpg,13,0.8305288851261139,0.5210336744785309,0.016826927661895752,0.022836506366729736,0.79833984375
FisheyeCamera_1_00283_png.rf.e88cf39eb00a52dfcceb2fcfddf89260.jpg,0,0.5967548191547394,0.5264423489570618,0.009014427661895752,0.021033644676208496,0.65478515625
FisheyeCamera_1_00283_png.rf.e88cf39eb00a52dfcceb2fcfddf89260.jpg,11,0.3798076957464218,0.5462740659713745,0.009615391492843628,0.008413434028625488,0.29736328125
FisheyeCamera_1_00283_png.rf.e88cf39eb00a52dfcceb2fcfddf89260.jpg,1,0.47085338830947876,0.5369591414928436,0.005408644676208496,0.016826927661895752,0.24658203125
FisheyeCamera_1_00283_png.rf.e88cf39eb00a52dfcceb2fcfddf89260.jpg,0,0.5937500298023224,0.5261418521404266,0.014423072338104248,0.020432651042938232,0.167724609375
FisheyeCamera_1_00283_png.rf.e88cf39eb00a52dfcceb2fcfddf89260.jpg,9,0.8305288851261139,0.5213341414928436,0.016826927661895752,0.022836506366729736,0.0809326171875
FisheyeCamera_1_00283_png.rf.e88cf39eb00a52dfcceb2fcfddf89260.jpg,1,0.5811298191547394,0.4639423191547394,0.012019217014312744,0.014423072338104248,0.005706787109375
FisheyeCamera_1_00283_png.rf.e88cf39eb00a52dfcceb2fcfddf89260.jpg,1,0.5811298191547394,0.45973560214042664,0.012019217014312744,0.015625,0.004329681396484375
FisheyeCamera_1_00283_png.rf.e88cf39eb00a52dfcceb2fcfddf89260.jpg,0,0.4492187649011612,0.5432692468166351,0.008413463830947876,0.012019217014312744,0.00391387939453125
FisheyeCamera_1_00283_png.rf.e88cf39eb00a52dfcceb2fcfddf89260.jpg,1,0.5739182829856873,0.46514424681663513,0.015625,0.013221144676208496,0.0015916824340820312
FisheyeCamera_1_00285_png.rf.cbc33d5d21aad4b5d0d195479cb4f9ef.jpg,13,0.8593750298023224,0.5162259936332703,0.016826927661895752,0.026442289352416992,0.85107421875
FisheyeCamera_1_00285_png.rf.cbc33d5d21aad4b5d0d195479cb4f9ef.jpg,0,0.6009615659713745,0.5246394574642181,0.009615421295166016,0.019831717014312744,0.7919921875
FisheyeCamera_1_00285_png.rf.cbc33d5d21aad4b5d0d195479cb4f9ef.jpg,11,0.3728966563940048,0.5462740659713745,0.006009608507156372,0.008413434028625488,0.474609375
FisheyeCamera_1_00285_png.rf.cbc33d5d21aad4b5d0d195479cb4f9ef.jpg,9,0.8593750298023224,0.5162259936332703,0.016826927661895752,0.026442289352416992,0.2337646484375
FisheyeCamera_1_00285_png.rf.cbc33d5d21aad4b5d0d195479cb4f9ef.jpg,1,0.4681490510702133,0.5363581776618958,0.006009608507156372,0.015024065971374512,0.073974609375
FisheyeCamera_1_00285_png.rf.cbc33d5d21aad4b5d0d195479cb4f9ef.jpg,1,0.4681490510702133,0.5402644276618958,0.006009608507156372,0.015625,0.0174407958984375
FisheyeCamera_1_00285_png.rf.cbc33d5d21aad4b5d0d195479cb4f9ef.jpg,9,0.43719953298568726,0.5426682829856873,0.00961536169052124,0.010817289352416992,0.00989532470703125
FisheyeCamera_1_00285_png.rf.cbc33d5d21aad4b5d0d195479cb4f9ef.jpg,0,0.8617788553237915,0.4663461595773697,0.015625,0.025240391492843628,0.0011510848999023438
FisheyeCamera_1_00298_png.rf.a4bc4257abfe5a5f97a7ab4671d5a682.jpg,0,0.6274038851261139,0.5072115510702133,0.012019217014312744,0.032451897859573364,0.875
FisheyeCamera_1_00298_png.rf.a4bc4257abfe5a5f97a7ab4671d5a682.jpg,11,0.28575722873210907,0.5372596085071564,0.013822108507156372,0.016826927661895752,0.56787109375
FisheyeCamera_1_00298_png.rf.a4bc4257abfe5a5f97a7ab4671d5a682.jpg,1,0.4314904063940048,0.533052921295166,0.006009608507156372,0.015625,0.418701171875
FisheyeCamera_1_00298_png.rf.a4bc4257abfe5a5f97a7ab4671d5a682.jpg,0,0.5985577404499054,0.47626203298568726,0.014423072338104248,0.012019217014312744,0.0509033203125
FisheyeCamera_1_00298_png.rf.a4bc4257abfe5a5f97a7ab4671d5a682.jpg,11,0.29071515798568726,0.5372596085071564,0.014723539352416992,0.016826927661895752,0.039642333984375
FisheyeCamera_1_00298_png.rf.a4bc4257abfe5a5f97a7ab4671d5a682.jpg,0,0.5943509638309479,0.47626203298568726,0.016826927661895752,0.012620210647583008,0.0013780593872070312
FisheyeCamera_1_00302_png.rf.89395bab7d8fb4a6da3324a58b3497cd.jpg,0,0.6496394276618958,0.4975961744785309,0.015625,0.04026442766189575,0.7041015625
FisheyeCamera_1_00302_png.rf.89395bab7d8fb4a6da3324a58b3497cd.jpg,11,0.2530048191547394,0.5342548489570618,0.013221144676208496,0.015625,0.56396484375
FisheyeCamera_1_00302_png.rf.89395bab7d8fb4a6da3324a58b3497cd.jpg,1,0.4197716563940048,0.5306490659713745,0.01262018084526062,0.018028855323791504,0.357666015625
FisheyeCamera_1_00302_png.rf.89395bab7d8fb4a6da3324a58b3497cd.jpg,11,0.2489483281970024,0.533052921295166,0.01712740957736969,0.015625,0.08270263671875
FisheyeCamera_1_00302_png.rf.89395bab7d8fb4a6da3324a58b3497cd.jpg,0,0.6075721383094788,0.4705529063940048,0.012620210647583008,0.011418253183364868,0.06951904296875
FisheyeCamera_1_00302_png.rf.89395bab7d8fb4a6da3324a58b3497cd.jpg,1,0.42548078298568726,0.5300481021404266,0.014423072338104248,0.016826927661895752,0.058563232421875
FisheyeCamera_1_00302_png.rf.89395bab7d8fb4a6da3324a58b3497cd.jpg,1,0.20612981915473938,0.5180288553237915,0.008413463830947876,0.018028855323791504,0.0010318756103515625
FisheyeCamera_1_00314_png.rf.f10aa9e570183b2892515007c415b9cf.jpg,11,0.13288762420415878,0.5153245329856873,0.015775248408317566,0.025841355323791504,0.78125
FisheyeCamera_1_00314_png.rf.f10aa9e570183b2892515007c415b9cf.jpg,1,0.4296875149011612,0.5222355723381042,0.01081731915473938,0.025841355323791504,0.71044921875
FisheyeCamera_1_00314_png.rf.f10aa9e570183b2892515007c415b9cf.jpg,0,0.8713942766189575,0.40835338830947876,0.028846144676208496,0.08473557233810425,0.60595703125
FisheyeCamera_1_00314_png.rf.f10aa9e570183b2892515007c415b9cf.jpg,5,0.13356370478868484,0.5156250298023224,0.013521626591682434,0.024038493633270264,0.071044921875
FisheyeCamera_1_00314_png.rf.f10aa9e570183b2892515007c415b9cf.jpg,13,0.8792067468166351,0.5138221085071564,0.00961536169052124,0.014423072338104248,0.0017414093017578125
FisheyeCamera_1_00314_png.rf.f10aa9e570183b2892515007c415b9cf.jpg,11,0.16977164149284363,0.5156250298023224,0.015625,0.027644217014312744,0.0014209747314453125
FisheyeCamera_1_00315_png.rf.14c625eca5ff0f371a2459cb470b6dd5.jpg,11,0.12192007899284363,0.5120192468166351,0.013070911169052124,0.024038493633270264,0.75927734375
FisheyeCamera_1_00315_png.rf.14c625eca5ff0f371a2459cb470b6dd5.jpg,1,0.43239183723926544,0.5222356021404266,0.01081731915473938,0.026442348957061768,0.75048828125
FisheyeCamera_1_00315_png.rf.14c625eca5ff0f371a2459cb470b6dd5.jpg,0,0.9062500298023224,0.39332933723926544,0.027644217014312744,0.09014424681663513,0.184814453125
FisheyeCamera_1_00315_png.rf.14c625eca5ff0f371a2459cb470b6dd5.jpg,0,0.7139423191547394,0.41045674681663513,0.02163463830947876,0.020432710647583008,0.0012159347534179688
FisheyeCamera_1_00315_png.rf.14c625eca5ff0f371a2459cb470b6dd5.jpg,5,0.17067308723926544,0.5114182829856873,0.009014427661895752,0.020432710647583008,0.0010318756103515625
FisheyeCamera_1_00351_png.rf.0c9f77a62c69eb9b4b91da5b1454eda5.jpg,12,0.43930289149284363,0.5462740659713745,0.013221144676208496,0.010817289352416992,0.5888671875
FisheyeCamera_1_00351_png.rf.0c9f77a62c69eb9b4b91da5b1454eda5.jpg,13,0.21664664149284363,0.533052921295166,0.009014427661895752,0.010817289352416992,0.513671875
FisheyeCamera_1_00351_png.rf.0c9f77a62c69eb9b4b91da5b1454eda5.jpg,12,0.4447115659713745,0.546875,0.014423072338104248,0.010817289352416992,0.3486328125
FisheyeCamera_1_00351_png.rf.0c9f77a62c69eb9b4b91da5b1454eda5.jpg,1,0.17638222128152847,0.481370210647583,0.012620195746421814,0.026442289352416992,0.048858642578125
FisheyeCamera_1_00351_png.rf.0c9f77a62c69eb9b4b91da5b1454eda5.jpg,0,0.1757812574505806,0.4834735840559006,0.012319698929786682,0.029447108507156372,0.0070648193359375
FisheyeCamera_1_00351_png.rf.0c9f77a62c69eb9b4b91da5b1454eda5.jpg,13,0.21063702553510666,0.5330528914928436,0.017427876591682434,0.012019217014312744,0.006931304931640625
FisheyeCamera_1_00351_png.rf.0c9f77a62c69eb9b4b91da5b1454eda5.jpg,13,0.2163461595773697,0.5378606021404266,0.009615391492843628,0.020432651042938232,0.004573822021484375
FisheyeCamera_1_00351_png.rf.0c9f77a62c69eb9b4b91da5b1454eda5.jpg,4,0.44170674681663513,0.5498798489570618,0.008413434028625488,0.018028855323791504,0.004383087158203125
FisheyeCamera_1_00364_png.rf.a9a2ae260182758dd32759d27a3f08ae.jpg,13,0.18629808723926544,0.5276442468166351,0.009615391492843628,0.016826927661895752,0.78271484375
FisheyeCamera_1_00364_png.rf.a9a2ae260182758dd32759d27a3f08ae.jpg,12,0.5213341414928436,0.5432692468166351,0.015024006366729736,0.01802879571914673,0.7548828125
FisheyeCamera_1_00382_png.rf.da9f23f9bb25ab0a204cb881a5ccf798.jpg,13,0.05502554401755333,0.4984976202249527,0.014122597873210907,0.027644246816635132,0.56982421875
FisheyeCamera_1_00382_png.rf.da9f23f9bb25ab0a204cb881a5ccf798.jpg,13,0.10802284255623817,0.5051082074642181,0.010516829788684845,0.03245192766189575,0.001956939697265625
FisheyeCamera_1_00382_png.rf.da9f23f9bb25ab0a204cb881a5ccf798.jpg,3,0.05310997925698757,0.49819712340831757,0.018930289894342422,0.03725960850715637,0.0016613006591796875
FisheyeCamera_1_00454_png.rf.69544c267e97e6de7d8ff36d70f8a8f6.jpg,3,0.8016827404499054,0.5237379968166351,0.012019217014312744,0.02103370428085327,0.97607421875
FisheyeCamera_1_00454_png.rf.69544c267e97e6de7d8ff36d70f8a8f6.jpg,0,0.7277644574642181,0.46274039149284363,0.020432651042938232,0.016826927661895752,0.182373046875
FisheyeCamera_1_00454_png.rf.69544c267e97e6de7d8ff36d70f8a8f6.jpg,0,0.6802884936332703,0.46514424681663513,0.009615421295166016,0.012019217014312744,0.1778564453125
FisheyeCamera_1_00454_png.rf.69544c267e97e6de7d8ff36d70f8a8f6.jpg,0,0.7307692766189575,0.45913463830947876,0.026442289352416992,0.014423072338104248,0.063720703125
FisheyeCamera_1_00454_png.rf.69544c267e97e6de7d8ff36d70f8a8f6.jpg,0,0.681490421295166,0.45913463830947876,0.009615421295166016,0.014423072338104248,0.00908660888671875
FisheyeCamera_1_00454_png.rf.69544c267e97e6de7d8ff36d70f8a8f6.jpg,0,0.6712740659713745,0.4663461744785309,0.018028855323791504,0.00961536169052124,0.00586700439453125
FisheyeCamera_1_00471_png.rf.eb0a04fb4ec3ae41bf4b96e27bd5d26d.jpg,0,0.5198317468166351,0.4585336893796921,0.031850993633270264,0.08894231915473938,0.8974609375
FisheyeCamera_1_00471_png.rf.eb0a04fb4ec3ae41bf4b96e27bd5d26d.jpg,0,0.33954328298568726,0.4585336744785309,0.027644217014312744,0.08413463830947876,0.865234375
FisheyeCamera_1_00471_png.rf.eb0a04fb4ec3ae41bf4b96e27bd5d26d.jpg,0,0.5931490659713745,0.46694712340831757,0.013822078704833984,0.008413463830947876,0.0211181640625
FisheyeCamera_1_00471_png.rf.eb0a04fb4ec3ae41bf4b96e27bd5d26d.jpg,0,0.5985577404499054,0.4672476202249527,0.014423072338104248,0.008413463830947876,0.0033245086669921875
FisheyeCamera_1_00471_png.rf.eb0a04fb4ec3ae41bf4b96e27bd5d26d.jpg,1,0.2397836670279503,0.4711538702249527,0.019230768084526062,0.012019246816635132,0.003223419189453125
FisheyeCamera_1_00476_png.rf.9039468fbc1dab58476b697e479807f8.jpg,0,0.5339543521404266,0.39122597873210907,0.058293282985687256,0.14903846383094788,0.91796875
FisheyeCamera_1_00476_png.rf.9039468fbc1dab58476b697e479807f8.jpg,0,0.25270434468984604,0.3999399244785309,0.04056490957736969,0.12860578298568726,0.77587890625
FisheyeCamera_1_00476_png.rf.9039468fbc1dab58476b697e479807f8.jpg,1,0.6502403914928436,0.4140625149011612,0.014423072338104248,0.009615391492843628,0.00731658935546875
FisheyeCamera_1_00479_png.rf.f7e77b725ba1e70b5dc8b0697e0b1f92.jpg,3,0.9326923489570618,0.5012019276618958,0.015625,0.026442289352416992,0.91552734375
FisheyeCamera_1_00479_png.rf.f7e77b725ba1e70b5dc8b0697e0b1f92.jpg,0,0.50210340321064,0.4173678010702133,0.019831746816635132,0.011418253183364868,0.525390625
FisheyeCamera_1_00479_png.rf.f7e77b725ba1e70b5dc8b0697e0b1f92.jpg,0,0.5066106021404266,0.47536058723926544,0.010817348957061768,0.009615391492843628,0.1124267578125
FisheyeCamera_1_00479_png.rf.f7e77b725ba1e70b5dc8b0697e0b1f92.jpg,1,0.7343750298023224,0.403245210647583,0.03605765104293823,0.019230782985687256,0.0033512115478515625
FisheyeCamera_1_00480_png.rf.ff94615495e0c4eb7cd3a1cfce3cf2cd.jpg,3,0.9525240957736969,0.49669474363327026,0.016826927661895752,0.03064906597137451,0.72021484375
FisheyeCamera_1_00480_png.rf.ff94615495e0c4eb7cd3a1cfce3cf2cd.jpg,0,0.5030048191547394,0.4125601053237915,0.019831717014312744,0.011418282985687256,0.658203125
FisheyeCamera_1_00480_png.rf.ff94615495e0c4eb7cd3a1cfce3cf2cd.jpg,0,0.5042067617177963,0.47385819256305695,0.01081731915473938,0.006610602140426636,0.1859130859375
FisheyeCamera_1_00480_png.rf.ff94615495e0c4eb7cd3a1cfce3cf2cd.jpg,0,0.49819712340831757,0.473557710647583,0.016225963830947876,0.007211565971374512,0.033843994140625
FisheyeCamera_1_00480_png.rf.ff94615495e0c4eb7cd3a1cfce3cf2cd.jpg,1,0.746995210647583,0.3924279063940048,0.03966343402862549,0.024038463830947876,0.00974273681640625
FisheyeCamera_1_00509_png.rf.a4fdcf5053bc422a3b30b4cef69e5ea6.jpg,0,0.5084134638309479,0.3179086744785309,0.02524036169052124,0.016826927661895752,0.6689453125
FisheyeCamera_1_00509_png.rf.a4fdcf5053bc422a3b30b4cef69e5ea6.jpg,4,0.6394231021404266,0.5453726053237915,0.00961536169052124,0.008413434028625488,0.0240478515625
FisheyeCamera_1_00509_png.rf.a4fdcf5053bc422a3b30b4cef69e5ea6.jpg,7,0.3701923191547394,0.5324519574642181,0.00961536169052124,0.02163463830947876,0.01322174072265625
FisheyeCamera_1_00587_png.rf.8f637c2480c931d014f8cc2877541abd.jpg,1,0.6322115361690521,0.4897836744785309,0.014423072338104248,0.00600963830947876,0.13427734375
FisheyeCamera_1_00587_png.rf.8f637c2480c931d014f8cc2877541abd.jpg,4,0.5348557829856873,0.5471754968166351,0.01201927661895752,0.008413493633270264,0.043365478515625
FisheyeCamera_1_00587_png.rf.8f637c2480c931d014f8cc2877541abd.jpg,1,0.6370192468166351,0.48948319256305695,0.014423072338104248,0.006610602140426636,0.0299835205078125
FisheyeCamera_1_00587_png.rf.8f637c2480c931d014f8cc2877541abd.jpg,1,0.634615421295166,0.4867788553237915,0.007211565971374512,0.014423072338104248,0.0082855224609375
FisheyeCamera_1_00587_png.rf.8f637c2480c931d014f8cc2877541abd.jpg,4,0.5414663553237915,0.5474759936332703,0.013221144676208496,0.0078125,0.0015916824340820312
FisheyeCamera_1_00587_png.rf.8f637c2480c931d014f8cc2877541abd.jpg,12,0.2061298088519834,0.3131009638309479,0.40925480995792896,0.6262019276618958,0.001178741455078125
FisheyeCamera_1_00594_png.rf.dc0e60f4633360af03461b14c31a1454.jpg,4,0.5222355723381042,0.5465745329856873,0.013221144676208496,0.01201927661895752,0.609375
FisheyeCamera_1_00594_png.rf.dc0e60f4633360af03461b14c31a1454.jpg,4,0.517427921295166,0.5462740361690521,0.015625,0.012019217014312744,0.182373046875
FisheyeCamera_1_00594_png.rf.dc0e60f4633360af03461b14c31a1454.jpg,1,0.6262019574642181,0.48497597873210907,0.00961536169052124,0.01081731915473938,0.12042236328125
FisheyeCamera_1_00594_png.rf.dc0e60f4633360af03461b14c31a1454.jpg,4,0.5198317468166351,0.5498798489570618,0.00961536169052124,0.018028855323791504,0.01306915283203125
FisheyeCamera_1_00594_png.rf.dc0e60f4633360af03461b14c31a1454.jpg,1,0.6292067468166351,0.4828726202249527,0.014423072338104248,0.007211536169052124,0.00518035888671875
FisheyeCamera_1_00600_png.rf.99bc40dcb86cb45b4425a2604dd3cd8d.jpg,4,0.4951923191547394,0.5456731021404266,0.012019217014312744,0.014423072338104248,0.89892578125
FisheyeCamera_1_00600_png.rf.99bc40dcb86cb45b4425a2604dd3cd8d.jpg,1,0.6135817766189575,0.47475963830947876,0.015625,0.0078125,0.2108154296875
FisheyeCamera_1_00600_png.rf.99bc40dcb86cb45b4425a2604dd3cd8d.jpg,1,0.6179387271404266,0.47475963830947876,0.014122545719146729,0.0078125,0.1229248046875
FisheyeCamera_1_00604_png.rf.fd483074d74e8bee0d71bb87e77ab3ef.jpg,4,0.47325722873210907,0.5435697436332703,0.013221174478530884,0.01622593402862549,0.9453125
FisheyeCamera_1_00604_png.rf.fd483074d74e8bee0d71bb87e77ab3ef.jpg,1,0.6045673489570618,0.46935097873210907,0.010216355323791504,0.006610602140426636,0.4091796875
FisheyeCamera_1_00604_png.rf.fd483074d74e8bee0d71bb87e77ab3ef.jpg,1,0.15655048936605453,0.5315504968166351,0.013822123408317566,0.008413493633270264,0.0013408660888671875
FisheyeCamera_1_00615_png.rf.6b8b9a4df61e83d15119053ea613f434.jpg,12,0.3389423191547394,0.5264423191547394,0.024639427661895752,0.03725963830947876,0.689453125
FisheyeCamera_1_00615_png.rf.6b8b9a4df61e83d15119053ea613f434.jpg,1,0.5600961744785309,0.4447115510702133,0.014423072338104248,0.009615391492843628,0.533203125
FisheyeCamera_1_00615_png.rf.6b8b9a4df61e83d15119053ea613f434.jpg,4,0.3383413553237915,0.5270432829856873,0.026442289352416992,0.03846156597137451,0.26123046875
FisheyeCamera_1_00615_png.rf.6b8b9a4df61e83d15119053ea613f434.jpg,1,0.5576923191547394,0.44591347873210907,0.019230782985687256,0.012019246816635132,0.0460205078125
FisheyeCamera_1_00615_png.rf.6b8b9a4df61e83d15119053ea613f434.jpg,1,0.560396671295166,0.44110578298568726,0.015625,0.016826927661895752,0.01177978515625
FisheyeCamera_1_00631_png.rf.ef7fde7123c71d075628496a468eb1df.jpg,1,0.5111178159713745,0.3467548191547394,0.025841355323791504,0.018028855323791504,0.486328125
FisheyeCamera_1_00631_png.rf.ef7fde7123c71d075628496a468eb1df.jpg,11,0.43629810214042664,0.5462740659713745,0.0078125,0.009615421295166016,0.004398345947265625
FisheyeCamera_1_01013_png.rf.9464970b75fa02363baae3c682e99f39.jpg,0,0.5697115659713745,0.5105168521404266,0.015625,0.007211506366729736,0.56787109375
FisheyeCamera_1_01013_png.rf.9464970b75fa02363baae3c682e99f39.jpg,0,0.5354567468166351,0.5105168223381042,0.013221204280853271,0.0078125,0.490234375
FisheyeCamera_1_01013_png.rf.9464970b75fa02363baae3c682e99f39.jpg,0,0.5402644276618958,0.5108173191547394,0.015625,0.007211506366729736,0.08660888671875
FisheyeCamera_1_01013_png.rf.9464970b75fa02363baae3c682e99f39.jpg,0,0.5534856021404266,0.5450721383094788,0.010817348957061768,0.01201927661895752,0.009674072265625
FisheyeCamera_1_01013_png.rf.9464970b75fa02363baae3c682e99f39.jpg,1,0.6826923191547394,0.43389424681663513,0.02524036169052124,0.020432710647583008,0.0070953369140625
FisheyeCamera_1_01013_png.rf.9464970b75fa02363baae3c682e99f39.jpg,0,0.7253606021404266,0.4477163553237915,0.01802879571914673,0.014423072338104248,0.002590179443359375
FisheyeCamera_1_01026_png.rf.dfb591570ded3c052e6641cb4f2d80c1.jpg,0,0.39963942766189575,0.49338944256305695,0.015625,0.01081731915473938,0.7138671875
FisheyeCamera_1_01026_png.rf.dfb591570ded3c052e6641cb4f2d80c1.jpg,0,0.44110578298568726,0.4954928010702133,0.016826927661895752,0.01081731915473938,0.5888671875
FisheyeCamera_1_01026_png.rf.dfb591570ded3c052e6641cb4f2d80c1.jpg,0,0.4041466563940048,0.49338944256305695,0.019831746816635132,0.009615391492843628,0.0018672943115234375
FisheyeCamera_1_01026_png.rf.dfb591570ded3c052e6641cb4f2d80c1.jpg,0,0.41917069256305695,0.5444711744785309,0.011418253183364868,0.00961536169052124,0.0011692047119140625
FisheyeCamera_1_01037_png.rf.870a2a09f0f8cb2a0b5f4a4a3b3ccadc.jpg,0,0.3125000149011612,0.46454328298568726,0.021634608507156372,0.014423072338104248,0.85205078125
FisheyeCamera_1_01037_png.rf.870a2a09f0f8cb2a0b5f4a4a3b3ccadc.jpg,0,0.37079328298568726,0.469651460647583,0.020432710647583008,0.011418282985687256,0.8291015625
FisheyeCamera_1_01037_png.rf.870a2a09f0f8cb2a0b5f4a4a3b3ccadc.jpg,0,0.37079328298568726,0.4717548191547394,0.019230782985687256,0.019230782985687256,0.0104522705078125
FisheyeCamera_1_01037_png.rf.870a2a09f0f8cb2a0b5f4a4a3b3ccadc.jpg,1,0.3725961595773697,0.5408653914928436,0.00480768084526062,0.014423072338104248,0.002010345458984375
FisheyeCamera_1_01082_png.rf.da2e5bebfb023e66aacd368902a130ef.jpg,1,0.801682710647583,0.5024038553237915,0.009615421295166016,0.026442289352416992,0.71875
FisheyeCamera_1_01086_png.rf.dd1b44b6d6e2e2da3f3f6ab8f823bc01.jpg,1,0.7794471383094788,0.501802921295166,0.010817289352416992,0.028245210647583008,0.78662109375
FisheyeCamera_1_01086_png.rf.dd1b44b6d6e2e2da3f3f6ab8f823bc01.jpg,1,0.6310096383094788,0.5090144276618958,0.01201927661895752,0.007211565971374512,0.0017070770263671875
FisheyeCamera_1_01086_png.rf.dd1b44b6d6e2e2da3f3f6ab8f823bc01.jpg,1,0.6370192468166351,0.508713960647583,0.014423072338104248,0.0066106319427490234,0.0013456344604492188
FisheyeCamera_1_01090_png.rf.663e34306a969d1e2d3f1ca290e1ddd7.jpg,1,0.7536058127880096,0.5009014755487442,0.012019217014312744,0.030048102140426636,0.74755859375
FisheyeCamera_1_01090_png.rf.663e34306a969d1e2d3f1ca290e1ddd7.jpg,1,0.5817307829856873,0.5081129968166351,0.009615421295166016,0.0054087042808532715,0.00605010986328125
FisheyeCamera_1_01098_png.rf.e141b30ac0a11cc0c857435f655656fc.jpg,1,0.8088942468166351,0.4813702255487442,0.016826927661895752,0.04086539149284363,0.767578125
FisheyeCamera_1_01098_png.rf.e141b30ac0a11cc0c857435f655656fc.jpg,1,0.5534856021404266,0.5060096383094788,0.010817348957061768,0.007211565971374512,0.0028667449951171875
FisheyeCamera_1_01099_png.rf.d3e2606bc19452ecaec7548723f05a0b.jpg,1,0.8185096681118011,0.4783654063940048,0.014423072338104248,0.04206731915473938,0.77734375
FisheyeCamera_1_01099_png.rf.d3e2606bc19452ecaec7548723f05a0b.jpg,1,0.5528846383094788,0.5054086744785309,0.010216355323791504,0.008413493633270264,0.0164642333984375
FisheyeCamera_1_01099_png.rf.d3e2606bc19452ecaec7548723f05a0b.jpg,1,0.5300481021404266,0.5081129968166351,0.004807651042938232,0.0054087042808532715,0.0037212371826171875
FisheyeCamera_1_01099_png.rf.d3e2606bc19452ecaec7548723f05a0b.jpg,1,0.8359375298023224,0.4789663702249527,0.02163463830947876,0.039663463830947876,0.0014324188232421875
FisheyeCamera_1_01104_png.rf.1c0a4fa66929930288c5ff6e293ca501.jpg,1,0.8605769574642181,0.4585336744785309,0.016826927661895752,0.05288463830947876,0.85595703125
FisheyeCamera_1_01104_png.rf.1c0a4fa66929930288c5ff6e293ca501.jpg,1,0.5162259936332703,0.5042067617177963,0.013221144676208496,0.01081731915473938,0.006488800048828125
FisheyeCamera_1_01104_png.rf.1c0a4fa66929930288c5ff6e293ca501.jpg,1,0.5228365361690521,0.504807710647583,0.012019217014312744,0.009615421295166016,0.00313568115234375
FisheyeCamera_1_01147_png.rf.4b377ccbafe830dd921c6b606ab4f94a.jpg,0,0.4353966563940048,0.4086538553237915,0.016225963830947876,0.013221144676208496,0.55810546875
FisheyeCamera_1_01147_png.rf.4b377ccbafe830dd921c6b606ab4f94a.jpg,0,0.35576923191547394,0.5468750298023224,0.007211536169052124,0.00961536169052124,0.01267242431640625
FisheyeCamera_1_01147_png.rf.4b377ccbafe830dd921c6b606ab4f94a.jpg,0,0.4002404063940048,0.5444711744785309,0.012019246816635132,0.015024006366729736,0.0069580078125
FisheyeCamera_1_01147_png.rf.4b377ccbafe830dd921c6b606ab4f94a.jpg,0,0.4399038702249527,0.4077524244785309,0.025240391492843628,0.013221144676208496,0.005512237548828125
FisheyeCamera_1_01147_png.rf.4b377ccbafe830dd921c6b606ab4f94a.jpg,0,0.4350961744785309,0.40444712340831757,0.018028855323791504,0.021634608507156372,0.0010480880737304688
b413caec-028d-48e6-922b-fc63db1b7ebb_jpg.rf.259a6b31980f35168c8ec00a5e80c263.jpg,0,0.5318509638309479,0.48317310586571693,0.7043269276618958,0.8750000521540642,0.9384765625
b413caec-028d-48e6-922b-fc63db1b7ebb_jpg.rf.259a6b31980f35168c8ec00a5e80c263.jpg,0,0.1342397928237915,0.4723557969555259,0.268479585647583,0.9278846699744463,0.0013513565063476562
road104_png.rf.4468adcd7c2dcfc04377146de785c0a6.jpg,11,0.4930889643728733,0.4927884712815285,0.7518029138445854,0.9146634787321091,0.94775390625
road108_png.rf.9655ebb7a27af56ab1d0360d10685ec8.jpg,1,0.8930288851261139,0.20778246223926544,0.024038493633270264,0.04477164149284363,0.357666015625
road108_png.rf.9655ebb7a27af56ab1d0360d10685ec8.jpg,0,0.45282453298568726,0.5426682829856873,0.027644217014312744,0.049278855323791504,0.07861328125
road108_png.rf.9655ebb7a27af56ab1d0360d10685ec8.jpg,1,0.8942307829856873,0.21544472128152847,0.028846144676208496,0.06790865957736969,0.05108642578125
road108_png.rf.9655ebb7a27af56ab1d0360d10685ec8.jpg,9,0.4522235691547394,0.5432692468166351,0.028245210647583008,0.04807692766189575,0.00881195068359375
road108_png.rf.9655ebb7a27af56ab1d0360d10685ec8.jpg,12,0.45192310214042664,0.5432692766189575,0.028846144676208496,0.049278855323791504,0.004024505615234375
road108_png.rf.9655ebb7a27af56ab1d0360d10685ec8.jpg,1,0.9098558127880096,0.2118389531970024,0.03725963830947876,0.034254804253578186,0.0024433135986328125
road108_png.rf.9655ebb7a27af56ab1d0360d10685ec8.jpg,8,0.911057710647583,0.20778246223926544,0.03846156597137451,0.04086539149284363,0.00234222412109375
road109_png.rf.c7fd39b9ac59c325ec73dc6b5ece99fd.jpg,8,0.6503906548023224,0.5120192319154739,0.07902640104293823,0.11658653616905212,0.8984375
road112_png.rf.b765c2b5d3a2145d317b0ceadfb08464.jpg,5,0.5108173489570618,0.31099762208759785,0.3353365659713745,0.5138221643865108,0.9365234375
road11_png.rf.40b76142a629faa238c042bcb209cc27.jpg,0,0.49338944256305695,0.38671875,0.04326924681663513,0.11838942766189575,0.865234375
road11_png.rf.40b76142a629faa238c042bcb209cc27.jpg,0,0.8112981021404266,0.6231971383094788,0.038461506366729736,0.09495186805725098,0.56591796875
road11_png.rf.40b76142a629faa238c042bcb209cc27.jpg,8,0.8269231021404266,0.6243990361690521,0.038461506366729736,0.09254807233810425,0.002471923828125
road157_png.rf.e48c88408b366592b950018ee5d6426d.jpg,8,0.723557710647583,0.2094351053237915,0.12019228935241699,0.09375,0.91943359375
road157_png.rf.e48c88408b366592b950018ee5d6426d.jpg,0,0.0071505033411085606,0.40354569256305695,0.014301006682217121,0.05108174681663513,0.00812530517578125
road157_png.rf.e48c88408b366592b950018ee5d6426d.jpg,1,0.006948618043679744,0.457932710647583,0.013465294963680208,0.015625,0.0033893585205078125
road157_png.rf.e48c88408b366592b950018ee5d6426d.jpg,1,0.7301683127880096,0.40745194256305695,0.06610578298568726,0.10096153616905212,0.0024242401123046875
road157_png.rf.e48c88408b366592b950018ee5d6426d.jpg,0,0.006497896742075682,0.09074519574642181,0.012995793484151363,0.015925481915473938,0.0021991729736328125
road157_png.rf.e48c88408b366592b950018ee5d6426d.jpg,1,0.007624699734151363,0.4002404063940048,0.015249399468302727,0.06069710850715637,0.0010728836059570312
road16_png.rf.9aba07c7ac70aab405028e7e8a750fb7.jpg,1,0.5847356021404266,0.2548076957464218,0.04086536169052124,0.15685096383094788,0.84375
road16_png.rf.9aba07c7ac70aab405028e7e8a750fb7.jpg,1,0.2841045707464218,0.4750601202249527,0.04507210850715637,0.08713945746421814,0.5947265625
road16_png.rf.9aba07c7ac70aab405028e7e8a750fb7.jpg,1,0.371995210647583,0.47085338830947876,0.015625,0.046875,0.010650634765625
road16_png.rf.9aba07c7ac70aab405028e7e8a750fb7.jpg,0,0.7512019574642181,0.5063101202249527,0.04807692766189575,0.02043268084526062,0.003147125244140625
road16_png.rf.9aba07c7ac70aab405028e7e8a750fb7.jpg,0,0.011681190691888332,0.5147235691547394,0.023362381383776665,0.022235572338104248,0.0027370452880859375
road16_png.rf.9aba07c7ac70aab405028e7e8a750fb7.jpg,1,0.004915677764074644,0.4561298191547394,0.009643555044021923,0.046875,0.0017681121826171875
road16_png.rf.9aba07c7ac70aab405028e7e8a750fb7.jpg,0,0.004972017835825682,0.4570312649011612,0.009944035671651363,0.047475963830947876,0.0017004013061523438
road16_png.rf.9aba07c7ac70aab405028e7e8a750fb7.jpg,1,0.37139424681663513,0.47145435214042664,0.020432710647583008,0.06370192766189575,0.0010242462158203125
road196_png.rf.6aa5da1b76ad6487d317d27963cc00d1.jpg,8,0.564302921295166,0.31903547793626785,0.22836542129516602,0.17442910373210907,0.93994140625
road196_png.rf.6aa5da1b76ad6487d317d27963cc00d1.jpg,0,0.38822115620132536,0.9651442468166351,0.7728365429211408,0.06971150636672974,0.106689453125
road196_png.rf.6aa5da1b76ad6487d317d27963cc00d1.jpg,1,0.22205529361963272,0.7992788851261139,0.010817304253578186,0.00961536169052124,0.012725830078125
road196_png.rf.6aa5da1b76ad6487d317d27963cc00d1.jpg,0,0.49038463830947876,0.5252403859049082,0.9807692766189575,0.9495192281901836,0.005641937255859375
road196_png.rf.6aa5da1b76ad6487d317d27963cc00d1.jpg,0,0.39513222873210907,0.8125000298023224,0.015024036169052124,0.00961536169052124,0.004055023193359375
road196_png.rf.6aa5da1b76ad6487d317d27963cc00d1.jpg,1,0.7295673191547394,0.7608173191547394,0.016826927661895752,0.00961536169052124,0.00263214111328125
road196_png.rf.6aa5da1b76ad6487d317d27963cc00d1.jpg,1,0.9525240957736969,0.43629808723926544,0.019230782985687256,0.01081731915473938,0.0012941360473632812
road19_png.rf.05e1657af2361aab3c4d5deb43b29087.jpg,0,0.4092548340559006,0.3248197138309479,0.06971153616905212,0.12079328298568726,0.896484375
road19_png.rf.05e1657af2361aab3c4d5deb43b29087.jpg,0,0.692307710647583,0.49579328298568726,0.033653855323791504,0.020432710647583008,0.049407958984375
road19_png.rf.05e1657af2361aab3c4d5deb43b29087.jpg,0,0.700120210647583,0.4975961744785309,0.020432710647583008,0.019230782985687256,0.03790283203125
road19_png.rf.05e1657af2361aab3c4d5deb43b29087.jpg,1,0.9423077404499054,0.06013371795415878,0.00961536169052124,0.014573320746421814,0.01525115966796875
road19_png.rf.05e1657af2361aab3c4d5deb43b29087.jpg,1,0.9915865659713745,0.05307241873379098,0.016826868057250977,0.10584435668715741,0.007724761962890625
road19_png.rf.05e1657af2361aab3c4d5deb43b29087.jpg,1,0.46935097873210907,0.34585337340831757,0.03485575318336487,0.09314903616905212,0.006587982177734375
road19_png.rf.05e1657af2361aab3c4d5deb43b29087.jpg,0,0.9915865659713745,0.053523137321462855,0.016826868057250977,0.10614483227254823,0.00397491455078125
road19_png.rf.05e1657af2361aab3c4d5deb43b29087.jpg,1,0.9831731021404266,0.5150240510702133,0.03365379571914673,0.09495189785957336,0.0022525787353515625
road19_png.rf.05e1657af2361aab3c4d5deb43b29087.jpg,0,0.9867788553237915,0.4092548191547394,0.026442289352416992,0.10576921701431274,0.001239776611328125
road19_png.rf.05e1657af2361aab3c4d5deb43b29087.jpg,10,0.7103365659713745,0.9170673191547394,0.5492788553237915,0.16586536169052124,0.0010528564453125
road243_png.rf.555053220adbac3849def1e4105008fd.jpg,12,0.5276442468166351,0.6105769574642181,0.04447120428085327,0.034855782985687256,0.7578125
road243_png.rf.555053220adbac3849def1e4105008fd.jpg,12,0.48257213830947876,0.6096754968166351,0.04206728935241699,0.031850993633270264,0.72802734375
road243_png.rf.555053220adbac3849def1e4105008fd.jpg,3,0.4819711893796921,0.6084735989570618,0.04206731915473938,0.03425478935241699,0.474609375
road243_png.rf.555053220adbac3849def1e4105008fd.jpg,3,0.5258413553237915,0.6087740659713745,0.049278855323791504,0.03485572338104248,0.352294921875
road243_png.rf.555053220adbac3849def1e4105008fd.jpg,3,0.548677921295166,0.6099759936332703,0.0805288553237915,0.033653855323791504,0.0017337799072265625
road254_png.rf.5ed92d428851755882973a8e28944076.jpg,8,0.44110579788684845,0.24128606170415878,0.16045674681663513,0.12019230425357819,0.9189453125
road254_png.rf.5ed92d428851755882973a8e28944076.jpg,1,0.036545975133776665,0.7854567766189575,0.015700120478868484,0.04206728935241699,0.03448486328125
road254_png.rf.5ed92d428851755882973a8e28944076.jpg,0,0.008047250797972083,0.786057710647583,0.011962891090661287,0.03966343402862549,0.0165863037109375
road254_png.rf.5ed92d428851755882973a8e28944076.jpg,12,0.6183894574642181,0.00774677030130988,0.08413463830947876,0.01526818001002539,0.003040313720703125
road254_png.rf.5ed92d428851755882973a8e28944076.jpg,8,0.007127028482500464,0.801682710647583,0.011361929471604526,0.07211542129516602,0.00266265869140625
road254_png.rf.5ed92d428851755882973a8e28944076.jpg,8,0.6147836744785309,0.0075214095413684845,0.08894234895706177,0.015042819082736969,0.0014781951904296875
road254_png.rf.5ed92d428851755882973a8e28944076.jpg,8,0.008624737150967121,0.7289663553237915,0.017249474301934242,0.0913461446762085,0.0012254714965820312
road260_png.rf.47ad1e33078da07b4bf3b0e5712c926d.jpg,8,0.5438701957464218,0.41045674681663513,0.22475960850715637,0.18870192766189575,0.93359375
road260_png.rf.47ad1e33078da07b4bf3b0e5712c926d.jpg,14,0.38942310214042664,0.022949220328882802,0.1742788553237915,0.045597959877341054,0.0011072158813476562
road260_png.rf.47ad1e33078da07b4bf3b0e5712c926d.jpg,1,0.036132813431322575,0.811298131942749,0.025991586968302727,0.013221144676208496,0.001056671142578125
road277_png.rf.3f53c2534447d823337f731b63c65c75.jpg,8,0.6636117994785309,0.32451923191547394,0.19681495428085327,0.14903846383094788,0.92919921875
road277_png.rf.3f53c2534447d823337f731b63c65c75.jpg,5,0.05622746795415878,0.9945913553237915,0.018855169415473938,0.010817289352416992,0.00319671630859375
road286_png.rf.702db0cc9906e626d838a77a4e79244d.jpg,8,0.4774639457464218,0.4236779063940048,0.23257210850715637,0.1766827404499054,0.935546875
road286_png.rf.702db0cc9906e626d838a77a4e79244d.jpg,1,0.9759615659713745,0.06959886290133,0.04807686805725098,0.12146935984492302,0.0041351318359375
road286_png.rf.702db0cc9906e626d838a77a4e79244d.jpg,0,0.3197866678237915,0.006831242631960777,0.10561901330947876,0.013587365068815416,0.0013456344604492188
road288_png.rf.db64fffa70c02e58aabcbb10e3a19798.jpg,8,0.3975360691547394,0.47235578298568726,0.11538463830947876,0.0913461446762085,0.93359375
road289_png.rf.ba6012fe8a27d9f53d8d66bb29db5ad8.jpg,14,0.3467548191547394,0.45733174681663513,0.2836538553237915,0.22235578298568726,0.94287109375
road289_png.rf.ba6012fe8a27d9f53d8d66bb29db5ad8.jpg,0,0.9092548191547394,0.8990384638309479,0.18149036169052124,0.20192307233810425,0.880859375
road289_png.rf.ba6012fe8a27d9f53d8d66bb29db5ad8.jpg,14,0.3338341530179605,0.5655048191547394,0.664062536554411,0.44711536169052124,0.00473785400390625
road289_png.rf.ba6012fe8a27d9f53d8d66bb29db5ad8.jpg,14,0.41947116097435355,0.6045673191547394,0.8245192440226674,0.6081730723381042,0.00154876708984375
road28_png.rf.d0de3563c76ae8b60ecdaf41757d472b.jpg,1,0.44951924681663513,0.08060396695509553,0.03846156597137451,0.13822115492075682,0.0215301513671875
road28_png.rf.d0de3563c76ae8b60ecdaf41757d472b.jpg,0,0.9411057829856873,0.4993990361690521,0.018028855323791504,0.027644217014312744,0.003692626953125
road28_png.rf.d0de3563c76ae8b60ecdaf41757d472b.jpg,1,0.44350962340831757,0.0778245241381228,0.022836536169052124,0.12454928737133741,0.0026836395263671875
road28_png.rf.d0de3563c76ae8b60ecdaf41757d472b.jpg,1,0.6382211744785309,0.00696739830164006,0.026442348957061768,0.01365309588436503,0.0010080337524414062
road305_png.rf.f807df671677244a7387d2ffbe200f58.jpg,8,0.5423678010702133,0.4227764680981636,0.49579325318336487,0.5534856170415878,0.9375
road312_png.rf.ad2229fb2f7e136d7747b9568f121af4.jpg,8,0.294621417298913,0.3773287422955036,0.528545718640089,0.5746695026755333,0.93701171875
road314_png.rf.697a2d138347ee6ee2da288b2ffe8e9d.jpg,8,0.47776442766189575,0.49098558723926544,0.1875,0.14302882552146912,0.93212890625
road314_png.rf.697a2d138347ee6ee2da288b2ffe8e9d.jpg,8,0.17022236064076424,0.7133413851261139,0.09164663404226303,0.07091349363327026,0.91357421875
road314_png.rf.697a2d138347ee6ee2da288b2ffe8e9d.jpg,1,0.6310096383094788,0.035719653591513634,0.013221144676208496,0.018930289894342422,0.002414703369140625
road314_png.rf.697a2d138347ee6ee2da288b2ffe8e9d.jpg,8,0.3257211595773697,0.2367788627743721,0.13882210850715637,0.10096155107021332,0.0010986328125
road314_png.rf.697a2d138347ee6ee2da288b2ffe8e9d.jpg,12,0.31858475506305695,0.0063007064163684845,0.044320911169052124,0.012601412832736969,0.0010318756103515625
road320_png.rf.65f55afb9e0eb549cb01be72786c8b42.jpg,8,0.6114783883094788,0.5991586744785309,0.1640625,0.12860578298568726,0.92138671875
road321_png.rf.f9c13308da074b8ee78f43f6c7ea54f3.jpg,8,0.5174279063940048,0.4810697138309479,0.13822117447853088,0.10817307233810425,0.92919921875
road321_png.rf.f9c13308da074b8ee78f43f6c7ea54f3.jpg,8,0.023005559038210777,0.17457933351397514,0.045935997881315416,0.11147836595773697,0.020965576171875
road321_png.rf.f9c13308da074b8ee78f43f6c7ea54f3.jpg,7,0.4873798340559006,0.019531249858118827,0.06250002980232239,0.03891225932602538,0.01312255859375
road321_png.rf.f9c13308da074b8ee78f43f6c7ea54f3.jpg,5,0.3422476053237915,0.6090745329856873,0.052283644676208496,0.05949521064758301,0.00919342041015625
road321_png.rf.f9c13308da074b8ee78f43f6c7ea54f3.jpg,8,0.3422476053237915,0.6099759936332703,0.050480782985687256,0.056490421295166016,0.006488800048828125
road321_png.rf.f9c13308da074b8ee78f43f6c7ea54f3.jpg,8,0.48557694256305695,0.018798829416482477,0.057091325521469116,0.03748497853666777,0.0038242340087890625
road321_png.rf.f9c13308da074b8ee78f43f6c7ea54f3.jpg,1,0.16045673564076424,0.01231971189736214,0.16316106170415878,0.024564303599618142,0.00263214111328125
road321_png.rf.f9c13308da074b8ee78f43f6c7ea54f3.jpg,0,0.16676683723926544,0.00969050545245409,0.15414664149284363,0.01938101090490818,0.0017824172973632812
road322_png.rf.6028574359019d435c66689704d0418f.jpg,8,0.4251803159713745,0.4516226053237915,0.153245210647583,0.1640625,0.921875
road322_png.rf.6028574359019d435c66689704d0418f.jpg,8,0.012676533311605453,0.08924278989434242,0.025353066623210907,0.06490384787321091,0.034881591796875
road322_png.rf.6028574359019d435c66689704d0418f.jpg,12,0.010310246609151363,0.027118389582028612,0.020620493218302727,0.053335336793679744,0.00518035888671875
road322_png.rf.6028574359019d435c66689704d0418f.jpg,8,0.0490534882992506,0.19951923936605453,0.06415264680981636,0.05709134042263031,0.00243377685546875
road322_png.rf.6028574359019d435c66689704d0418f.jpg,12,0.020226111635565758,0.030592698603868484,0.040452223271131516,0.06118539720773697,0.002216339111328125
road322_png.rf.6028574359019d435c66689704d0418f.jpg,0,0.9915865659713745,0.49489185214042664,0.016826868057250977,0.21634620428085327,0.0017070770263671875
road322_png.rf.6028574359019d435c66689704d0418f.jpg,8,0.01727764494717121,0.07065054401755333,0.03455528989434242,0.10389123111963272,0.0012350082397460938
road323_png.rf.b843dd95b3d22917710ac75cca4a57b0.jpg,14,0.5649038553237915,0.41466347873210907,0.2632211446762085,0.1899038851261139,0.9287109375
road323_png.rf.b843dd95b3d22917710ac75cca4a57b0.jpg,9,0.6006610840559006,0.6144831776618958,0.2842548191547394,0.215745210647583,0.90673828125
road339_png.rf.a176f5700f7182473dd4c3a268ebcbbd.jpg,14,0.49429087340831757,0.2606670744717121,0.3756009638309479,0.2959735617041588,0.931640625
road339_png.rf.a176f5700f7182473dd4c3a268ebcbbd.jpg,12,0.8353365659713745,0.00729604893058422,0.0649038553237915,0.014479417564871255,0.007488250732421875
road351_png.rf.917ea4e951348855c275b66bb4d890ad.jpg,8,0.5120192617177963,0.382737398147583,0.2680288851261139,0.20928484201431274,0.94677734375
road351_png.rf.917ea4e951348855c275b66bb4d890ad.jpg,0,0.6911057829856873,0.8894231021404266,0.03605771064758301,0.026442348957061768,0.06982421875
road351_png.rf.917ea4e951348855c275b66bb4d890ad.jpg,1,0.5979567468166351,0.012244592209754046,0.14182692766189575,0.024263823826913722,0.0074615478515625
road351_png.rf.917ea4e951348855c275b66bb4d890ad.jpg,0,0.6838942468166351,0.8900240659713745,0.058894217014312744,0.028846144676208496,0.0017547607421875
road353_png.rf.deb497f4908212e3409c887fbb0544df.jpg,8,0.44711539149284363,0.4969952255487442,0.20673078298568726,0.15504810214042664,0.943359375
road353_png.rf.deb497f4908212e3409c887fbb0544df.jpg,0,0.11433293577283621,0.0076153096388225094,0.18058894760906696,0.01519305918009195,0.0028553009033203125
road355_png.rf.c43f3ac674a10af91051d8cb228747ad.jpg,8,0.41466347873210907,0.3734976053237915,0.1875000298023224,0.14182692766189575,0.927734375
road355_png.rf.c43f3ac674a10af91051d8cb228747ad.jpg,0,0.01668607372266706,0.11433293670415878,0.03310922675882466,0.05498798191547394,0.1451416015625
road355_png.rf.c43f3ac674a10af91051d8cb228747ad.jpg,7,0.41526445001363754,0.9723557829856873,0.35216350853443146,0.05528843402862549,0.0203399658203125
road355_png.rf.c43f3ac674a10af91051d8cb228747ad.jpg,3,0.7554086744785309,0.010272686369717121,0.07091349363327026,0.020545372739434242,0.0160980224609375
road355_png.rf.c43f3ac674a10af91051d8cb228747ad.jpg,0,0.01856407853483688,0.07579627470113337,0.03667743588448502,0.14393028942868114,0.007785797119140625
road355_png.rf.c43f3ac674a10af91051d8cb228747ad.jpg,1,0.7542067766189575,0.011061448461987311,0.0757211446762085,0.021972656533762347,0.0032863616943359375
road355_png.rf.c43f3ac674a10af91051d8cb228747ad.jpg,7,0.4335937649011612,0.9843750298023224,0.44411060214042664,0.031249940395355225,0.0017414093017578125
road355_png.rf.c43f3ac674a10af91051d8cb228747ad.jpg,12,0.7536058127880096,0.010272686298776534,0.07211536169052124,0.02047025240244693,0.0016107559204101562
road355_png.rf.c43f3ac674a10af91051d8cb228747ad.jpg,8,0.7644231021404266,0.008601262597949244,0.09855765104293823,0.016601563635049388,0.0011243820190429688
road362_png.rf.765355e68b8097399c60024a6f28840c.jpg,8,0.39235278964042664,0.496995210647583,0.22971755266189575,0.1742788553237915,0.93115234375
road362_png.rf.765355e68b8097399c60024a6f28840c.jpg,1,0.012272762134671211,0.9585336744785309,0.024545524269342422,0.03245192766189575,0.0024623870849609375
road362_png.rf.765355e68b8097399c60024a6f28840c.jpg,14,0.3125000149011612,0.9747596681118011,0.14002403616905212,0.04807692766189575,0.0017480850219726562
road367_png.rf.68facda4326805592fce6d2bfb2dba6c.jpg,7,0.43629810214042664,0.42848558723926544,0.13100963830947876,0.10096153616905212,0.90966796875
road367_png.rf.68facda4326805592fce6d2bfb2dba6c.jpg,10,0.9134615957736969,0.7319711744785309,0.014423072338104248,0.02524036169052124,0.00905609130859375
road367_png.rf.68facda4326805592fce6d2bfb2dba6c.jpg,1,0.2671274244785309,0.5787259936332703,0.015625,0.015625,0.0062408447265625
road367_png.rf.68facda4326805592fce6d2bfb2dba6c.jpg,0,0.0863882265985012,0.07219050824642181,0.02554086595773697,0.018179088830947876,0.00557708740234375
road367_png.rf.68facda4326805592fce6d2bfb2dba6c.jpg,1,0.26772837340831757,0.5748197436332703,0.017427891492843628,0.015024065971374512,0.005279541015625
road367_png.rf.68facda4326805592fce6d2bfb2dba6c.jpg,1,0.8888221383094788,0.9332933127880096,0.021634578704833984,0.012019217014312744,0.003063201904296875
road367_png.rf.68facda4326805592fce6d2bfb2dba6c.jpg,9,0.8167067766189575,0.6039663851261139,0.02283656597137451,0.06850963830947876,0.0029468536376953125
road367_png.rf.68facda4326805592fce6d2bfb2dba6c.jpg,1,0.8701923489570618,0.8858173489570618,0.033653855323791504,0.021634578704833984,0.00269317626953125
road367_png.rf.68facda4326805592fce6d2bfb2dba6c.jpg,1,0.8816106021404266,0.9332933127880096,0.027644217014312744,0.012019217014312744,0.001941680908203125
road367_png.rf.68facda4326805592fce6d2bfb2dba6c.jpg,13,0.9134615957736969,0.7325721383094788,0.014423072338104248,0.02283656597137451,0.0017957687377929688
road367_png.rf.68facda4326805592fce6d2bfb2dba6c.jpg,1,0.8545673489570618,0.8870192766189575,0.020432710647583008,0.018028855323791504,0.0016107559204101562
road388_png.rf.cc49d1d1343172eaa95da35bf070a7d3.jpg,13,0.5396634787321091,0.38341347873210907,0.11298075318336487,0.08774039149284363,0.9033203125
road38_png.rf.8b6e15b041aab397eb10b38728fa1e15.jpg,1,0.11746920458972454,0.18314303230727091,0.15208083763718605,0.3638822183711454,0.262939453125
road38_png.rf.8b6e15b041aab397eb10b38728fa1e15.jpg,1,0.7295673191547394,0.7524038851261139,0.19110578298568726,0.48317307233810425,0.09136962890625
road38_png.rf.8b6e15b041aab397eb10b38728fa1e15.jpg,1,0.7512019574642181,0.6562500298023224,0.12980765104293823,0.28725963830947876,0.003482818603515625
road38_png.rf.8b6e15b041aab397eb10b38728fa1e15.jpg,0,0.5570913851261139,0.010498047305190994,0.09014421701431274,0.02095853451282892,0.0021495819091796875
road38_png.rf.8b6e15b041aab397eb10b38728fa1e15.jpg,0,0.547776460647583,0.005925105419009924,0.10997593402862549,0.011850210838019848,0.0016546249389648438
road38_png.rf.8b6e15b041aab397eb10b38728fa1e15.jpg,1,0.9927884936332703,0.12409855797886848,0.014423012733459473,0.02794470638036728,0.0015974044799804688
road393_png.rf.4fe43a89433923b9841d1435d98c4aae.jpg,3,0.5459735840559006,0.6784856021404266,0.11538460850715637,0.09014421701431274,0.88330078125
road397_png.rf.64b46468e2e241a3cb5dbce555894da3.jpg,3,0.587139442563057,0.2504507228732109,0.31370195746421814,0.2358774095773697,0.96142578125
road400_png.rf.03186a0125d7e8f9ccbad9322201c91a.jpg,3,0.6332632601261139,0.5594952255487442,0.15655046701431274,0.12139424681663513,0.921875
road402_png.rf.8b57601c39d08578c3fba71d26f6dd1a.jpg,13,0.42217549681663513,0.6598557829856873,0.11418271064758301,0.08894228935241699,0.88232421875
road402_png.rf.8b57601c39d08578c3fba71d26f6dd1a.jpg,1,0.546875,0.6832933127880096,0.0625,0.17307692766189575,0.0325927734375
road402_png.rf.8b57601c39d08578c3fba71d26f6dd1a.jpg,1,0.06501652859151363,0.7163462042808533,0.00848858430981636,0.013221144676208496,0.0012445449829101562
road412_png.rf.f3dc3c3dcb2d0a679c190b33c3a3178b.jpg,3,0.5802283585071564,0.5114182978868484,0.08713942766189575,0.06971153616905212,0.8798828125
road420_png.rf.4db7dbd13a7b9c37ddddb7df9adf0834.jpg,13,0.5348557829856873,0.6150841414928436,0.203125,0.16045671701431274,0.931640625
road421_png.rf.cd6d5f5724ac207f49f64d2ecc32f9f6.jpg,13,0.5231370478868484,0.4975961744785309,0.25901445746421814,0.20192307233810425,0.970703125
road421_png.rf.cd6d5f5724ac207f49f64d2ecc32f9f6.jpg,13,0.4519230932928622,0.3464543544687331,0.8786058006808162,0.6796875549480319,0.00731658935546875
road421_png.rf.cd6d5f5724ac207f49f64d2ecc32f9f6.jpg,1,0.9945913553237915,0.7007212042808533,0.010817289352416992,0.0961538553237915,0.006717681884765625
road421_png.rf.cd6d5f5724ac207f49f64d2ecc32f9f6.jpg,13,0.5132211595773697,0.37620194628834724,0.5408653914928436,0.7091346606612206,0.005161285400390625
road422_png.rf.9b9d58bbb154a5b030ff2addac608ef8.jpg,12,0.35727164149284363,0.5360577404499054,0.060096144676208496,0.04807692766189575,0.767578125
road422_png.rf.9b9d58bbb154a5b030ff2addac608ef8.jpg,0,0.18149039149284363,0.5078125,0.016225963830947876,0.013221144676208496,0.0018177032470703125
road431_png.rf.4cf451707a1af9d139094513881b7654.jpg,13,0.18134015053510666,0.6027644574642181,0.1890024095773697,0.15024036169052124,0.93701171875
road439_png.rf.3a8f1ca30bf60d80f05733e8d83212d9.jpg,13,0.25991588085889816,0.7920673489570618,0.1694711595773697,0.13461542129516602,0.9423828125
road43_png.rf.c576096fc5f0b00379321f94ddffcbc6.jpg,0,0.24098557978868484,0.38311298191547394,0.03485576808452606,0.10997596383094788,0.810546875
road43_png.rf.c576096fc5f0b00379321f94ddffcbc6.jpg,0,0.4570312798023224,0.36207935214042664,0.03245192766189575,0.11057692766189575,0.77734375
road43_png.rf.c576096fc5f0b00379321f94ddffcbc6.jpg,0,0.8365384936332703,0.5294471383094788,0.03125,0.08894228935241699,0.6875
road43_png.rf.c576096fc5f0b00379321f94ddffcbc6.jpg,0,0.6754807829856873,0.5288461595773697,0.028846144676208496,0.08052882552146912,0.56982421875
road43_png.rf.c576096fc5f0b00379321f94ddffcbc6.jpg,1,0.6490384638309479,0.723557710647583,0.014423072338104248,0.013221144676208496,0.110107421875
road43_png.rf.c576096fc5f0b00379321f94ddffcbc6.jpg,0,0.044133114628493786,0.407151460647583,0.04409555532038212,0.11358171701431274,0.04779052734375
road43_png.rf.c576096fc5f0b00379321f94ddffcbc6.jpg,1,0.6490384638309479,0.728365421295166,0.014423072338104248,0.02403843402862549,0.03460693359375
road43_png.rf.c576096fc5f0b00379321f94ddffcbc6.jpg,1,0.13408954441547394,0.7073317468166351,0.013671875,0.039663493633270264,0.029754638671875
road43_png.rf.c576096fc5f0b00379321f94ddffcbc6.jpg,1,0.606370210647583,0.728365421295166,0.01141822338104248,0.028846144676208496,0.00908660888671875
road43_png.rf.c576096fc5f0b00379321f94ddffcbc6.jpg,0,0.8365384936332703,0.5396634638309479,0.046875,0.10576921701431274,0.00661468505859375
road43_png.rf.c576096fc5f0b00379321f94ddffcbc6.jpg,1,0.606370210647583,0.7211538851261139,0.01141822338104248,0.012019217014312744,0.004055023193359375
road43_png.rf.c576096fc5f0b00379321f94ddffcbc6.jpg,1,0.5264423489570618,0.7331731021404266,0.015625,0.039663493633270264,0.0038242340087890625
road43_png.rf.c576096fc5f0b00379321f94ddffcbc6.jpg,1,0.14528246223926544,0.7692308127880096,0.022836536169052124,0.02163463830947876,0.0025806427001953125
road43_png.rf.c576096fc5f0b00379321f94ddffcbc6.jpg,1,0.629807710647583,0.7235577404499054,0.03125,0.014423072338104248,0.0016355514526367188
road43_png.rf.c576096fc5f0b00379321f94ddffcbc6.jpg,0,0.5913461744785309,0.7343750298023224,0.01802879571914673,0.022836506366729736,0.0015611648559570312
road43_png.rf.c576096fc5f0b00379321f94ddffcbc6.jpg,0,0.993990421295166,0.7235577404499054,0.009615421295166016,0.012019217014312744,0.0015544891357421875
road43_png.rf.c576096fc5f0b00379321f94ddffcbc6.jpg,1,0.13641827553510666,0.7740384936332703,0.042067304253578186,0.021634578704833984,0.0014667510986328125
road43_png.rf.c576096fc5f0b00379321f94ddffcbc6.jpg,0,0.546875,0.7343750298023224,0.015625,0.03605765104293823,0.0012254714965820312
road43_png.rf.c576096fc5f0b00379321f94ddffcbc6.jpg,1,0.34254808723926544,0.7524038553237915,0.019230753183364868,0.018028855323791504,0.0010814666748046875
road446_png.rf.f38afaa2d572c8426b05a88bdb4a5d3d.jpg,13,0.5285457074642181,0.3608774095773697,0.21935099363327026,0.17908653616905212,0.95361328125
road446_png.rf.f38afaa2d572c8426b05a88bdb4a5d3d.jpg,0,0.9543269574642181,0.7524038553237915,0.010817348957061768,0.026442289352416992,0.00582122802734375
road446_png.rf.f38afaa2d572c8426b05a88bdb4a5d3d.jpg,0,0.951923131942749,0.7481971383094788,0.010817289352416992,0.025240421295166016,0.0025615692138671875
road446_png.rf.f38afaa2d572c8426b05a88bdb4a5d3d.jpg,0,0.9381009936332703,0.7512019276618958,0.025240421295166016,0.03125,0.00208282470703125
road446_png.rf.f38afaa2d572c8426b05a88bdb4a5d3d.jpg,3,0.5279447287321091,0.5661057829856873,0.07151439785957336,0.02764427661895752,0.0018177032470703125
road450_png.rf.4066ba8e8ac659692b69cbcf144c575f.jpg,10,0.47776444256305695,0.44350963830947876,0.15024039149284363,0.12139427661895752,0.95947265625
road450_png.rf.4066ba8e8ac659692b69cbcf144c575f.jpg,14,0.4783654063940048,0.3173076957464218,0.14903846383094788,0.11538460850715637,0.0033893585205078125
road450_png.rf.4066ba8e8ac659692b69cbcf144c575f.jpg,13,0.4534255117177963,0.461238001473248,0.3671875298023224,0.8804086949676275,0.0014553070068359375
road450_png.rf.4066ba8e8ac659692b69cbcf144c575f.jpg,13,0.49579328298568726,0.4209735691547394,0.6165865659713745,0.8419471383094788,0.0013561248779296875
road453_png.rf.2ac6332c02e34b01f38bd0daf2dee199.jpg,10,0.4516226202249527,0.47536060214042664,0.28305289149284363,0.22716349363327026,0.939453125
road459_png.rf.90e8843192d53e6f83e48ef5a09736a3.jpg,12,0.4837740510702133,0.44110578298568726,0.21634617447853088,0.1772836446762085,0.9423828125
road459_png.rf.90e8843192d53e6f83e48ef5a09736a3.jpg,1,0.42007212340831757,0.8762019276618958,0.14663460850715637,0.2475961446762085,0.83447265625
road459_png.rf.90e8843192d53e6f83e48ef5a09736a3.jpg,0,0.41826924681663513,0.8762019276618958,0.14903849363327026,0.2475961446762085,0.10015869140625
road45_png.rf.de2883de8bdeb35347f7dfbd23b1916c.jpg,0,0.6574519574642181,0.14948918670415878,0.043269217014312744,0.11929087340831757,0.64599609375
road45_png.rf.de2883de8bdeb35347f7dfbd23b1916c.jpg,0,0.6634615361690521,0.16436298936605453,0.04807692766189575,0.08413462340831757,0.062103271484375
road45_png.rf.de2883de8bdeb35347f7dfbd23b1916c.jpg,1,0.6400240659713745,0.288010835647583,0.1538461446762085,0.1859976053237915,0.058563232421875
road45_png.rf.de2883de8bdeb35347f7dfbd23b1916c.jpg,1,0.434495210647583,0.03354116715490818,0.028846144676208496,0.018930289894342422,0.004199981689453125
road45_png.rf.de2883de8bdeb35347f7dfbd23b1916c.jpg,0,0.6682692468166351,0.19110577553510666,0.050480782985687256,0.02974759042263031,0.0029354095458984375
road466_png.rf.d57ae6325b53f1b11ebb16fbfefd48e0.jpg,12,0.3647085577249527,0.24969952553510666,0.27899643778800964,0.21394230425357819,0.9560546875
road466_png.rf.d57ae6325b53f1b11ebb16fbfefd48e0.jpg,0,0.3221154063940048,0.7998798489570618,0.17487981915473938,0.359375,0.529296875
road466_png.rf.d57ae6325b53f1b11ebb16fbfefd48e0.jpg,0,0.9699519574642181,0.9939903914928436,0.050480782985687256,0.012019217014312744,0.0053863525390625
road470_png.rf.7670afafae0b681bed4d7bd1ce2f1775.jpg,12,0.3257211670279503,0.5429687649011612,0.1875000149011612,0.1484374701976776,0.92431640625
road470_png.rf.7670afafae0b681bed4d7bd1ce2f1775.jpg,5,0.35066107660532,0.8341346383094788,0.37560097873210907,0.3317307233810425,0.0269622802734375
road470_png.rf.7670afafae0b681bed4d7bd1ce2f1775.jpg,5,0.21724760672077537,0.8275240361690521,0.40444713551551104,0.34495192766189575,0.0030879974365234375
road485_png.rf.27b8f614cd9acbfc022c4c40b8707cbf.jpg,12,0.38311298191547394,0.47295674681663513,0.4368990361690521,0.33413463830947876,0.9443359375
road487_png.rf.dc7045b0bb497d4a44959dc9f8466232.jpg,12,0.575120210647583,0.4266826957464218,0.109375,0.08774039149284363,0.9013671875
road487_png.rf.dc7045b0bb497d4a44959dc9f8466232.jpg,1,0.34795673191547394,0.0050236628303537145,0.024038463830947876,0.009690504724858329,0.0019044876098632812
road487_png.rf.dc7045b0bb497d4a44959dc9f8466232.jpg,0,0.3509615510702133,0.004910982679575682,0.02043268084526062,0.009821965359151363,0.0011425018310546875
road488_png.rf.d96ab5854f2c6a2137b4005752cadeec.jpg,12,0.6742788553237915,0.3599759638309479,0.1274038553237915,0.1015625,0.93212890625
road488_png.rf.d96ab5854f2c6a2137b4005752cadeec.jpg,1,0.533052921295166,0.025202824663210777,0.03425478935241699,0.050330529131315416,0.042877197265625
road488_png.rf.d96ab5854f2c6a2137b4005752cadeec.jpg,0,0.8894231021404266,0.8118990659713745,0.00961536169052124,0.010817289352416992,0.002414703369140625
road488_png.rf.d96ab5854f2c6a2137b4005752cadeec.jpg,0,0.011145958676934242,0.017052284674718976,0.017897386103868484,0.03188852360472083,0.001918792724609375
road488_png.rf.d96ab5854f2c6a2137b4005752cadeec.jpg,1,0.5246394276618958,0.018291767832124606,0.03966343402862549,0.03624549478990957,0.00154876708984375
road490_png.rf.464f4426af72921b633d86c047b4eb7a.jpg,12,0.5336538553237915,0.3695162385702133,0.1586538553237915,0.12875601649284363,0.92529296875
road490_png.rf.464f4426af72921b633d86c047b4eb7a.jpg,3,0.9507211744785309,0.9915865659713745,0.09855765104293823,0.016826868057250977,0.12420654296875
road490_png.rf.464f4426af72921b633d86c047b4eb7a.jpg,0,0.39633414149284363,0.6370192766189575,0.013221144676208496,0.03125,0.004299163818359375
road490_png.rf.464f4426af72921b633d86c047b4eb7a.jpg,5,0.9939903914928436,0.645432710647583,0.012019217014312744,0.052884578704833984,0.00229644775390625
road490_png.rf.464f4426af72921b633d86c047b4eb7a.jpg,1,0.3999399244785309,0.007493239652831107,0.012620210647583008,0.014554538181982934,0.0019121170043945312
road491_png.rf.878b3a369b2f57b3edeb679ff3e03c23.jpg,12,0.5727163702249527,0.4017428010702133,0.19951924681663513,0.15805289149284363,0.9375
road491_png.rf.878b3a369b2f57b3edeb679ff3e03c23.jpg,0,0.012601412367075682,0.06753305345773697,0.019719050265848637,0.03680889308452606,0.01107025146484375
road491_png.rf.878b3a369b2f57b3edeb679ff3e03c23.jpg,1,0.007821890525519848,0.019686186831677333,0.012432392686605453,0.038301910914015025,0.0029354095458984375
road491_png.rf.878b3a369b2f57b3edeb679ff3e03c23.jpg,0,0.016460712533444166,0.07001202367246151,0.015981820411980152,0.03650841489434242,0.0023593902587890625
road491_png.rf.878b3a369b2f57b3edeb679ff3e03c23.jpg,0,0.40985578298568726,0.6123798191547394,0.012019217014312744,0.034855782985687256,0.00206756591796875
road506_png.rf.7a13ac3369dd9c4a13997267c82b32a6.jpg,12,0.31317608803510666,0.6748798489570618,0.23903246223926544,0.1875,0.95654296875
road519_png.rf.aa9e93bebe13bca1fd49aa4b08f47354.jpg,12,0.5805288553237915,0.4705529063940048,0.0913461446762085,0.06850960850715637,0.93701171875
road519_png.rf.aa9e93bebe13bca1fd49aa4b08f47354.jpg,3,0.2617187649011612,0.793870210647583,0.009615391492843628,0.015625,0.00359344482421875
road519_png.rf.aa9e93bebe13bca1fd49aa4b08f47354.jpg,1,0.8834134638309479,0.7367788702249527,0.23317307233810425,0.5252403914928436,0.0020580291748046875
road519_png.rf.aa9e93bebe13bca1fd49aa4b08f47354.jpg,0,0.8870192468166351,0.7620192468166351,0.22596150636672974,0.47596150636672974,0.001949310302734375
road51_png.rf.049d6ceefd959818a9f59c81f8d1387a.jpg,0,0.5528846383094788,0.5042067617177963,0.1274038553237915,0.3149038851261139,0.218017578125
road51_png.rf.049d6ceefd959818a9f59c81f8d1387a.jpg,1,0.5510817617177963,0.504807710647583,0.13581731915473938,0.3125,0.07135009765625
road520_png.rf.937374420bcb13bddc7b27ad6128d860.jpg,12,0.6356671154499054,0.40895433723926544,0.15895432233810425,0.12259617447853088,0.9345703125
road554_png.rf.534262cf45c8f7f6ad9e709bfa74bd81.jpg,8,0.38311299681663513,0.7115384936332703,0.176682710647583,0.13701927661895752,0.9306640625
road554_png.rf.534262cf45c8f7f6ad9e709bfa74bd81.jpg,3,0.15831580758094788,0.9945913553237915,0.1064453125,0.010817289352416992,0.0021820068359375
road573_png.rf.692497fab5c04bfffa1d5f4b2b285213.jpg,8,0.3774038627743721,0.6568509936332703,0.3064904063940048,0.24399042129516602,0.955078125
road574_png.rf.e9300ee48cadd50aff3821e5d303d293.jpg,8,0.49098558723926544,0.661057710647583,0.40024039149284363,0.311298131942749,0.943359375
road574_png.rf.e9300ee48cadd50aff3821e5d303d293.jpg,11,0.9939903914928436,0.9909856021404266,0.012019217014312744,0.01802879571914673,0.0014781951904296875
road576_png.rf.f46db39f9f64118df1377c6196897c25.jpg,8,0.2563100978732109,0.33323317766189575,0.12800480425357819,0.0961538553237915,0.921875
road576_png.rf.f46db39f9f64118df1377c6196897c25.jpg,1,0.8822115659713745,0.5342548489570618,0.026442289352416992,0.03125,0.0018968582153320312
road582_png.rf.930fbae49546d10b46e1f533c4e0a291.jpg,1,0.6442307829856873,0.621995210647583,0.052884578704833984,0.10576927661895752,0.72021484375
road582_png.rf.930fbae49546d10b46e1f533c4e0a291.jpg,1,0.35516826808452606,0.36598558723926544,0.055288463830947876,0.10456731915473938,0.66015625
road582_png.rf.930fbae49546d10b46e1f533c4e0a291.jpg,0,0.35516826808452606,0.364182710647583,0.055288463830947876,0.10576921701431274,0.62060546875
road582_png.rf.930fbae49546d10b46e1f533c4e0a291.jpg,0,0.8185096681118011,0.7992788851261139,0.019230782985687256,0.019230782985687256,0.0391845703125
road582_png.rf.930fbae49546d10b46e1f533c4e0a291.jpg,0,0.8233173191547394,0.798677921295166,0.030048072338104248,0.021634578704833984,0.0162811279296875
road582_png.rf.930fbae49546d10b46e1f533c4e0a291.jpg,0,0.8100962042808533,0.7980769574642181,0.033653855323791504,0.019230782985687256,0.00701141357421875
road582_png.rf.930fbae49546d10b46e1f533c4e0a291.jpg,1,0.2992788553237915,0.8004808127880096,0.01742786169052124,0.012019217014312744,0.002002716064453125
road585_png.rf.9f55a59547b49a85d4b9012e0f24859c.jpg,12,0.5012019276618958,0.3197115510702133,0.1382211446762085,0.10877403616905212,0.927734375
road587_png.rf.a53ec0d32057731c117123acb2f3b4e1.jpg,12,0.45432694256305695,0.517427921295166,0.06971153616905212,0.057091355323791504,0.865234375
road587_png.rf.a53ec0d32057731c117123acb2f3b4e1.jpg,1,0.12184495478868484,0.6965144574642181,0.018629804253578186,0.06370192766189575,0.0838623046875
road587_png.rf.a53ec0d32057731c117123acb2f3b4e1.jpg,10,0.41225962340831757,0.7187500298023224,0.009615391492843628,0.016826927661895752,0.0069580078125
road587_png.rf.a53ec0d32057731c117123acb2f3b4e1.jpg,1,0.034179688431322575,0.6550481021404266,0.021259015426039696,0.05769234895706177,0.0029926300048828125
road587_png.rf.a53ec0d32057731c117123acb2f3b4e1.jpg,1,0.034893330186605453,0.6406250298023224,0.027794472873210907,0.026442348957061768,0.00206756591796875
road587_png.rf.a53ec0d32057731c117123acb2f3b4e1.jpg,1,0.03470552992075682,0.6412259936332703,0.019080528989434242,0.02283656597137451,0.0020580291748046875
road596_png.rf.11f43967e3d8f54a7c94b5810f527f23.jpg,12,0.5054086744785309,0.3876201957464218,0.10817307233810425,0.08774039149284363,0.9423828125
road596_png.rf.11f43967e3d8f54a7c94b5810f527f23.jpg,4,0.34743091091513634,0.6021634936332703,0.6080228760838509,0.650240421295166,0.00133514404296875
road596_png.rf.11f43967e3d8f54a7c94b5810f527f23.jpg,4,0.5219351202249527,0.6724759936332703,0.6652644574642181,0.5901442766189575,0.0012302398681640625
road59_png.rf.f43173a745a9712aebbbc8f919e0fff6.jpg,14,0.6971154063940048,0.5009014531970024,0.49038460850715637,0.6328125149011612,0.95361328125
road604_png.rf.78092f95d0c775d7e2b266dee85e6c5d.jpg,12,0.33360879123210907,0.2944711670279503,0.15489783883094788,0.12259615957736969,0.935546875
road604_png.rf.78092f95d0c775d7e2b266dee85e6c5d.jpg,0,0.3587740510702133,0.06077224016189575,0.02043268084526062,0.018479570746421814,0.00243377685546875
road613_png.rf.560c13a685d02ca31a65b6b2b172772a.jpg,10,0.5618990659713745,0.5162259936332703,0.09014427661895752,0.06971156597137451,0.8642578125
road613_png.rf.560c13a685d02ca31a65b6b2b172772a.jpg,1,0.8317308127880096,0.32391826808452606,0.02163463830947876,0.031850963830947876,0.0012941360473632812
road619_png.rf.afe775af026ad763791eed33be445f64.jpg,8,0.5288461595773697,0.4350961893796921,0.17427882552146912,0.13822117447853088,0.93115234375
road619_png.rf.afe775af026ad763791eed33be445f64.jpg,9,0.489182710647583,0.3149038553237915,0.0913461446762085,0.06370192766189575,0.00443267822265625
road619_png.rf.afe775af026ad763791eed33be445f64.jpg,8,0.35516828298568726,0.32992789149284363,0.04807692766189575,0.019230782985687256,0.003765106201171875
road619_png.rf.afe775af026ad763791eed33be445f64.jpg,9,0.9050481021404266,0.7385817468166351,0.03725963830947876,0.019230782985687256,0.0013151168823242188
road629_png.rf.79a049eae4f765c580544c533220d5f5.jpg,9,0.6652644574642181,0.37289664149284363,0.34134620428085327,0.26983171701431274,0.94140625
road62_png.rf.b3288434b3cf3e2b6d2f057c1f5a0502.jpg,14,0.6382211744785309,0.3973107188940048,0.32932692766189575,0.23302283883094788,0.93896484375
road633_png.rf.282d128c502ba602126742a5064cd054.jpg,14,0.39513222873210907,0.31700722873210907,0.13341346383094788,0.10456731915473938,0.9658203125
road639_png.rf.74306332af06fee257b44f5dd9ae02fb.jpg,11,0.5390625,0.6260517239570618,0.1382211446762085,0.1108773946762085,0.92724609375
road639_png.rf.74306332af06fee257b44f5dd9ae02fb.jpg,9,0.07624699734151363,0.775240421295166,0.06715745106339455,0.052884578704833984,0.92138671875
road639_png.rf.74306332af06fee257b44f5dd9ae02fb.jpg,1,0.46153847873210907,0.01408503670245409,0.05048075318336487,0.02817007340490818,0.0019121170043945312
road639_png.rf.74306332af06fee257b44f5dd9ae02fb.jpg,1,0.9903846383094788,0.17311448603868484,0.01923072338104248,0.11651141941547394,0.0012998580932617188
road640_png.rf.d095777d03f03f86a0b6b1f5b32dfdd5.jpg,9,0.24338943511247635,0.48557695746421814,0.07211540639400482,0.05288463830947876,0.96142578125
road640_png.rf.d095777d03f03f86a0b6b1f5b32dfdd5.jpg,11,0.7836538553237915,0.3227163553237915,0.15625,0.12379807233810425,0.9248046875
road640_png.rf.d095777d03f03f86a0b6b1f5b32dfdd5.jpg,0,0.45913463830947876,0.007155198532927898,0.08533656597137451,0.014235276870749658,0.0030040740966796875
road640_png.rf.d095777d03f03f86a0b6b1f5b32dfdd5.jpg,1,0.4585336744785309,0.0060190054809936555,0.08233171701431274,0.011962890766881173,0.00234222412109375
road64_png.rf.bf315b45291d211d2e01926d50ddfddf.jpg,14,0.5456731095910072,0.4795673405751586,0.7968750447034836,0.9026442933827639,0.9599609375
road650_png.rf.b4086d2eec2b5bfe4465ae484a3b762f.jpg,9,0.4837740510702133,0.3188101053237915,0.12019231915473938,0.09735578298568726,0.85986328125
road652_png.rf.e82e3cfaed8d2378962fd6c1380f5d02.jpg,8,0.48106972873210907,0.45763222873210907,0.06550481915473938,0.048076897859573364,0.88330078125
road652_png.rf.e82e3cfaed8d2378962fd6c1380f5d02.jpg,10,0.28635819256305695,0.4741586744785309,0.04867789149284363,0.03605771064758301,0.84814453125
road652_png.rf.e82e3cfaed8d2378962fd6c1380f5d02.jpg,12,0.2869591563940048,0.4756610840559006,0.04867789149284363,0.03425481915473938,0.037322998046875
road652_png.rf.e82e3cfaed8d2378962fd6c1380f5d02.jpg,14,0.2860576957464218,0.43329328298568726,0.047475963830947876,0.03725963830947876,0.0143890380859375
road652_png.rf.e82e3cfaed8d2378962fd6c1380f5d02.jpg,9,0.2860576957464218,0.43329328298568726,0.047475963830947876,0.03786057233810425,0.008514404296875
road652_png.rf.e82e3cfaed8d2378962fd6c1380f5d02.jpg,9,0.28695914149284363,0.4555288553237915,0.04807692766189575,0.0757211446762085,0.00547027587890625
road652_png.rf.e82e3cfaed8d2378962fd6c1380f5d02.jpg,0,0.43088944256305695,0.0062255859375,0.10877403616905212,0.012451171875,0.001926422119140625
road653_png.rf.a69e562a3dab509d536c1f6d7689c4de.jpg,8,0.5721153914928436,0.5736178159713745,0.06850963830947876,0.057091355323791504,0.9013671875
road653_png.rf.a69e562a3dab509d536c1f6d7689c4de.jpg,10,0.33413462340831757,0.5955528914928436,0.05168268084526062,0.043269217014312744,0.8115234375
road653_png.rf.a69e562a3dab509d536c1f6d7689c4de.jpg,8,0.33413462340831757,0.5952524244785309,0.05168268084526062,0.04146629571914673,0.12127685546875
road653_png.rf.a69e562a3dab509d536c1f6d7689c4de.jpg,5,0.33473558723926544,0.547776460647583,0.05288460850715637,0.04627406597137451,0.006744384765625
road654_png.rf.dccac1ff09c216df1ecd3c90e1d3923b.jpg,8,0.42548078298568726,0.5000000298023224,0.08173078298568726,0.06370192766189575,0.8984375
road654_png.rf.dccac1ff09c216df1ecd3c90e1d3923b.jpg,10,0.13694411143660545,0.5216346383094788,0.05874399095773697,0.046875,0.87060546875
road654_png.rf.dccac1ff09c216df1ecd3c90e1d3923b.jpg,1,0.10892428457736969,0.14580829441547394,0.015625,0.013070911169052124,0.0034160614013671875
road654_png.rf.dccac1ff09c216df1ecd3c90e1d3923b.jpg,0,0.3852163702249527,0.005868765454579261,0.09435096383094788,0.011662410714052385,0.0023593902587890625
road654_png.rf.dccac1ff09c216df1ecd3c90e1d3923b.jpg,11,0.13927284255623817,0.46995194256305695,0.05649038404226303,0.05048075318336487,0.0017070770263671875
road654_png.rf.dccac1ff09c216df1ecd3c90e1d3923b.jpg,5,0.14002404361963272,0.46995194256305695,0.05829326808452606,0.05108174681663513,0.0014781951904296875
road654_png.rf.dccac1ff09c216df1ecd3c90e1d3923b.jpg,0,0.39332933723926544,0.008375901452382095,0.11358174681663513,0.01620718147023581,0.0013093948364257812
road654_png.rf.dccac1ff09c216df1ecd3c90e1d3923b.jpg,10,0.1391226053237915,0.4702524244785309,0.05649039149284363,0.049278855323791504,0.001129150390625
road655_png.rf.ff15054285f0f0f70cd01a48ab24b450.jpg,10,0.2959735691547394,0.5618990361690521,0.0625,0.050480782985687256,0.9306640625
road655_png.rf.ff15054285f0f0f70cd01a48ab24b450.jpg,8,0.6466346383094788,0.5282451957464218,0.09014427661895752,0.07391825318336487,0.92041015625
road655_png.rf.ff15054285f0f0f70cd01a48ab24b450.jpg,5,0.2959735691547394,0.5054086744785309,0.06670671701431274,0.05649036169052124,0.1143798828125
road655_png.rf.ff15054285f0f0f70cd01a48ab24b450.jpg,0,0.6078726351261139,0.007718600070802495,0.11598557233810425,0.014160156773868948,0.0016422271728515625
road65_png.rf.35a17912d8a5df128c238eff97db75eb.jpg,14,0.520432710647583,0.4564303010702133,0.4663461446762085,0.3155048191547394,0.953125
road65_png.rf.35a17912d8a5df128c238eff97db75eb.jpg,14,0.20177284628152847,0.1562500074505806,0.13731972873210907,0.06129808723926544,0.01751708984375
road65_png.rf.35a17912d8a5df128c238eff97db75eb.jpg,14,0.2109750732779503,0.3218149095773697,0.12672777473926544,0.06730768084526062,0.0083160400390625
road65_png.rf.35a17912d8a5df128c238eff97db75eb.jpg,8,0.2085336595773697,0.15489783883094788,0.11658653616905212,0.05979567766189575,0.001987457275390625
road661_png.rf.9b3a953ded6512ace828850f97be4472.jpg,8,0.5162259787321091,0.6406250298023224,0.25360575318336487,0.20432692766189575,0.94921875
road661_png.rf.9b3a953ded6512ace828850f97be4472.jpg,1,0.8305288851261139,0.005864070262759924,0.04807692766189575,0.011728140525519848,0.0030040740966796875
road661_png.rf.9b3a953ded6512ace828850f97be4472.jpg,0,0.8365384936332703,0.007483849556592759,0.060096144676208496,0.014742338520591147,0.0014104843139648438
road666_png.rf.7d914d9d62e7d0fcc23d5bce18bb5d3c.jpg,10,0.5570913702249527,0.6911057829856873,0.3665865361690521,0.2992788553237915,0.93994140625
road666_png.rf.7d914d9d62e7d0fcc23d5bce18bb5d3c.jpg,5,0.7956731021404266,0.005803035106509924,0.06971150636672974,0.011606070213019848,0.0011119842529296875
road673_png.rf.4180f0a6afa7416d52c729d8b9305d75.jpg,14,0.33383414149284363,0.44951924681663513,0.0625,0.05168271064758301,0.931640625
road673_png.rf.4180f0a6afa7416d52c729d8b9305d75.jpg,10,0.7199519574642181,0.5258413851261139,0.007211506366729736,0.016826927661895752,0.00127410888671875
road691_png.rf.3ca3931933e5623e51596577124c3447.jpg,5,0.5036057680845261,0.35366587340831757,0.16225960850715637,0.12439903616905212,0.9267578125
road691_png.rf.3ca3931933e5623e51596577124c3447.jpg,3,0.5000000298023224,0.5441706776618958,0.16225963830947876,0.1225961446762085,0.9111328125
road692_png.rf.428a4cfb2f374f0acb60ffc5c57e0750.jpg,5,0.4471154063940048,0.3314302936196327,0.22956731915473938,0.17548076808452606,0.9658203125
road692_png.rf.428a4cfb2f374f0acb60ffc5c57e0750.jpg,3,0.4408053010702133,0.6048678159713745,0.23016825318336487,0.1772836446762085,0.94775390625
road701_png.rf.cdb390be5b29eb46e8125d30c802cde0.jpg,5,0.8918269276618958,0.3822866678237915,0.2163461446762085,0.1909555196762085,0.962890625
road701_png.rf.cdb390be5b29eb46e8125d30c802cde0.jpg,3,0.895432710647583,0.6741286218166351,0.20913457870483398,0.18539661169052124,0.955078125
road701_png.rf.cdb390be5b29eb46e8125d30c802cde0.jpg,0,0.4272836744785309,0.9903846681118011,0.012019217014312744,0.016826927661895752,0.005161285400390625
road701_png.rf.cdb390be5b29eb46e8125d30c802cde0.jpg,0,0.6039663553237915,0.9903846681118011,0.018028855323791504,0.016826927661895752,0.0035381317138671875
road701_png.rf.cdb390be5b29eb46e8125d30c802cde0.jpg,0,0.14438101649284363,0.8179086744785309,0.016225963830947876,0.008413493633270264,0.00206756591796875
road708_png.rf.d9bf7da6e0e73af3295909a18a2cabee.jpg,5,0.5231370478868484,0.4393029063940048,0.24579331278800964,0.1899038851261139,0.9580078125
road708_png.rf.d9bf7da6e0e73af3295909a18a2cabee.jpg,3,0.5270432978868484,0.7307692468166351,0.23798081278800964,0.18269234895706177,0.93017578125
road708_png.rf.d9bf7da6e0e73af3295909a18a2cabee.jpg,13,0.9933894276618958,0.7301683127880096,0.013221144676208496,0.08774036169052124,0.0018825531005859375
road709_png.rf.4247ab0b03caf6c144ac9d5203850b81.jpg,5,0.4882812798023224,0.5024038702249527,0.07632213830947876,0.05889424681663513,0.900390625
road709_png.rf.4247ab0b03caf6c144ac9d5203850b81.jpg,3,0.486177921295166,0.5940505266189575,0.07512021064758301,0.0546875,0.83447265625
road716_png.rf.b9085b6c292ddd763a6e1481465dd3cd.jpg,5,0.6219952404499054,0.5540865659713745,0.06370192766189575,0.05168271064758301,0.89111328125
road716_png.rf.b9085b6c292ddd763a6e1481465dd3cd.jpg,3,0.533052921295166,0.5489783883094788,0.0625,0.045072078704833984,0.88623046875
road720_png.rf.bdc71460f5121259128f84a720780e9e.jpg,8,0.38070914149284363,0.520432710647583,0.0913461446762085,0.07752406597137451,0.892578125
road720_png.rf.bdc71460f5121259128f84a720780e9e.jpg,1,0.5378606021404266,0.6176382303237915,0.019230782985687256,0.021935105323791504,0.0186920166015625
road720_png.rf.bdc71460f5121259128f84a720780e9e.jpg,1,0.5423678159713745,0.6171875298023224,0.013221144676208496,0.020432651042938232,0.01358795166015625
road720_png.rf.bdc71460f5121259128f84a720780e9e.jpg,1,0.5426682829856873,0.6304086744785309,0.015625,0.04927879571914673,0.00453948974609375
road720_png.rf.bdc71460f5121259128f84a720780e9e.jpg,0,0.5934495329856873,0.5018029063940048,0.02283656597137451,0.08894231915473938,0.0015850067138671875
road743_png.rf.09b77e4a47a21b7c3482c28b37c86ecb.jpg,5,0.27073318511247635,0.37920674681663513,0.09314905107021332,0.07451921701431274,0.94189453125
road743_png.rf.09b77e4a47a21b7c3482c28b37c86ecb.jpg,3,0.25901443511247635,0.4843750298023224,0.08954326808452606,0.07391828298568726,0.86865234375
road743_png.rf.09b77e4a47a21b7c3482c28b37c86ecb.jpg,1,0.45733174681663513,0.015352690308645833,0.0234375,0.030404899836867116,0.0019044876098632812
road747_png.rf.66031af78137deac5c6878292d9ce7db.jpg,5,0.890625,0.34254809468984604,0.21875,0.1929086595773697,0.974609375
road747_png.rf.66031af78137deac5c6878292d9ce7db.jpg,3,0.8804086744785309,0.6287560164928436,0.23798078298568726,0.19200724363327026,0.9541015625
road747_png.rf.66031af78137deac5c6878292d9ce7db.jpg,0,0.14580830186605453,0.008131761318963981,0.14528246223926544,0.01624474258915143,0.0135345458984375
road747_png.rf.66031af78137deac5c6878292d9ce7db.jpg,0,0.21995193511247635,0.10216346755623817,0.03365384042263031,0.026442311704158783,0.0029239654541015625
road747_png.rf.66031af78137deac5c6878292d9ce7db.jpg,5,0.8846153914928436,0.4843750298023224,0.23076921701431274,0.06069713830947876,0.0020999908447265625
road747_png.rf.66031af78137deac5c6878292d9ce7db.jpg,9,0.640625,0.59375,0.028846144676208496,0.044471144676208496,0.0017824172973632812
road747_png.rf.66031af78137deac5c6878292d9ce7db.jpg,0,0.2768930494785309,0.011005108535755426,0.13251203298568726,0.02133413532283157,0.0011157989501953125
road760_png.rf.cb25cb1c5c71e6bbf07a9dc3b11915d2.jpg,3,0.48798076808452606,0.3570462763309479,0.20913460850715637,0.1645132303237915,0.927734375
road770_png.rf.192c2e4a2994c3c1bdfa14f69586392c.jpg,12,0.517427921295166,0.4483173340559006,0.09855771064758301,0.07872596383094788,0.90576171875
road770_png.rf.192c2e4a2994c3c1bdfa14f69586392c.jpg,1,0.9663462042808533,0.28335337340831757,0.0625,0.027644246816635132,0.03790283203125
road770_png.rf.192c2e4a2994c3c1bdfa14f69586392c.jpg,14,0.9663462042808533,0.2826021760702133,0.0625,0.02824518084526062,0.006191253662109375
road770_png.rf.192c2e4a2994c3c1bdfa14f69586392c.jpg,14,0.9789663851261139,0.28185097873210907,0.039663493633270264,0.027944713830947876,0.00250244140625
road773_png.rf.b467561d9bc1abfaa69c770187f44c38.jpg,9,0.6478365659713745,0.4951923191547394,0.0625,0.050480782985687256,0.291015625
road773_png.rf.b467561d9bc1abfaa69c770187f44c38.jpg,12,0.6478365659713745,0.4951923191547394,0.0625,0.050480782985687256,0.2451171875
road773_png.rf.b467561d9bc1abfaa69c770187f44c38.jpg,13,0.6478365659713745,0.49579326808452606,0.0625,0.05048075318336487,0.2186279296875
road773_png.rf.b467561d9bc1abfaa69c770187f44c38.jpg,1,0.895432710647583,0.47686299681663513,0.013221144676208496,0.012019217014312744,0.0014553070068359375
road773_png.rf.b467561d9bc1abfaa69c770187f44c38.jpg,0,0.9014423191547394,0.48076924681663513,0.016826927661895752,0.012019217014312744,0.001056671142578125
road774_png.rf.01952886ddecdd8280c5df688e7f3f0e.jpg,13,0.6586538851261139,0.43569713830947876,0.06850963830947876,0.058894217014312744,0.63330078125
road774_png.rf.01952886ddecdd8280c5df688e7f3f0e.jpg,9,0.6592548191547394,0.434495210647583,0.06610578298568726,0.058894217014312744,0.302490234375
road774_png.rf.01952886ddecdd8280c5df688e7f3f0e.jpg,3,0.3470553122460842,0.06265024439926492,0.5955529287457466,0.1250000080181053,0.0838623046875
road774_png.rf.01952886ddecdd8280c5df688e7f3f0e.jpg,10,0.35366588458418846,0.05821815104718553,0.5931490734219551,0.11613582131394651,0.0391845703125
road774_png.rf.01952886ddecdd8280c5df688e7f3f0e.jpg,5,0.3494591359049082,0.06663161516189575,0.5979567281901836,0.1332632303237915,0.037750244140625
road774_png.rf.01952886ddecdd8280c5df688e7f3f0e.jpg,0,0.7590144574642181,0.44951924681663513,0.010817348957061768,0.012019217014312744,0.0058441162109375
road774_png.rf.01952886ddecdd8280c5df688e7f3f0e.jpg,0,0.17548077553510666,0.6724759936332703,0.015024051070213318,0.021634578704833984,0.0020198822021484375
road774_png.rf.01952886ddecdd8280c5df688e7f3f0e.jpg,1,0.009483924426604062,0.5640024095773697,0.018047626479528844,0.16887018084526062,0.0013885498046875
road794_png.rf.3569e6160a38765029861dd0a34ebfdd.jpg,13,0.4453125149011612,0.6099759638309479,0.20552882552146912,0.15985578298568726,0.9365234375
road794_png.rf.3569e6160a38765029861dd0a34ebfdd.jpg,9,0.08456655777990818,0.944110631942749,0.050518330186605453,0.04206728935241699,0.2254638671875
road794_png.rf.3569e6160a38765029861dd0a34ebfdd.jpg,12,0.08451022207736969,0.9441106021404266,0.049729570746421814,0.04086536169052124,0.056640625
road794_png.rf.3569e6160a38765029861dd0a34ebfdd.jpg,3,0.08516752161085606,0.944110631942749,0.05111929401755333,0.04206728935241699,0.01490020751953125
road794_png.rf.3569e6160a38765029861dd0a34ebfdd.jpg,5,0.24429086595773697,0.5540865361690521,0.03245191276073456,0.024639427661895752,0.003429412841796875
road794_png.rf.3569e6160a38765029861dd0a34ebfdd.jpg,0,0.2686298117041588,0.2914663702249527,0.049879804253578186,0.027944713830947876,0.00254058837890625
road794_png.rf.3569e6160a38765029861dd0a34ebfdd.jpg,0,0.25796275585889816,0.2905649095773697,0.030048087239265442,0.027644246816635132,0.0013990402221679688
road803_png.rf.ec1de6db189d7a63e98b91529236a7d1.jpg,3,0.5294471383094788,0.5883413553237915,0.10096156597137451,0.0805288553237915,0.90283203125
road804_png.rf.c07a9b7b679e771fad740f296ee3a8f7.jpg,3,0.6556490659713745,0.4936899095773697,0.129807710647583,0.10336539149284363,0.8974609375
road804_png.rf.c07a9b7b679e771fad740f296ee3a8f7.jpg,0,0.005427434080047533,0.8840144574642181,0.010329026787076145,0.13341349363327026,0.0103302001953125
road811_png.rf.e8ae9aefbf35658164ee88a52ed39bd8.jpg,13,0.45432692766189575,0.5150240659713745,0.174879789352417,0.13701927661895752,0.92822265625
road811_png.rf.e8ae9aefbf35658164ee88a52ed39bd8.jpg,4,0.20643030107021332,0.7848558127880096,0.41286060214042664,0.39423078298568726,0.002002716064453125
road822_png.rf.b3ba7f5457042a083bad8aac3fe5f819.jpg,14,0.45733174681663513,0.27073317766189575,0.20673078298568726,0.1664663553237915,0.93994140625
road822_png.rf.b3ba7f5457042a083bad8aac3fe5f819.jpg,1,0.47926683723926544,0.5570913702249527,0.14302882552146912,0.27524039149284363,0.9306640625
road822_png.rf.b3ba7f5457042a083bad8aac3fe5f819.jpg,0,0.16240986436605453,0.8629807829856873,0.05618990957736969,0.033653855323791504,0.004627227783203125
road836_png.rf.05522d5697471753f15583e9c74d9908.jpg,12,0.5865384936332703,0.38731972873210907,0.19951927661895752,0.15685096383094788,0.939453125
road836_png.rf.05522d5697471753f15583e9c74d9908.jpg,0,0.004840557643547072,0.5847356021404266,0.009624775138945552,0.043269217014312744,0.006744384765625
road836_png.rf.05522d5697471753f15583e9c74d9908.jpg,0,0.8750000298023224,0.9945913553237915,0.00961536169052124,0.010817289352416992,0.0011425018310546875
road841_png.rf.7ddce1ff42545b101a28f63e6a1e5af7.jpg,12,0.4296875149011612,0.40745194256305695,0.13581731915473938,0.10456731915473938,0.92626953125
road842_png.rf.eaef28c5ea8a82fe3cfba78634bebf18.jpg,12,0.3338341489434242,0.44411060214042664,0.16887019574642181,0.13100963830947876,0.9365234375
road84_png.rf.3c4a24183c70e3af08fc01ae65761c88.jpg,14,0.49579328298568726,0.29507212340831757,0.260817289352417,0.18028846383094788,0.94677734375
road850_png.rf.74fa86d3aaa9d85f0c87bf9bb5ce433e.jpg,12,0.29552285373210907,0.32992789149284363,0.06039664149284363,0.04807692766189575,0.865234375
road850_png.rf.74fa86d3aaa9d85f0c87bf9bb5ce433e.jpg,10,0.004976713098585606,0.47536058723926544,0.009953426197171211,0.021634608507156372,0.0010280609130859375
road851_png.rf.30b2392d540fed2bdafd783c8defefb9.jpg,12,0.41526444256305695,0.32098859548568726,0.07091346383094788,0.05754208564758301,0.93017578125
road856_png.rf.c56e130a9afef0aa81d3359ce467f4b1.jpg,12,0.5084134787321091,0.23046875,0.14663460850715637,0.11598557233810425,0.908203125
road859_png.rf.f0e4bbd39d237c79817d4ade35676364.jpg,12,0.46995194256305695,0.4062500149011612,0.08233174681663513,0.06370189785957336,0.9140625
road859_png.rf.f0e4bbd39d237c79817d4ade35676364.jpg,1,0.008544921875,0.10922476276755333,0.01708984375,0.022235579788684845,0.021697998046875
road859_png.rf.f0e4bbd39d237c79817d4ade35676364.jpg,0,0.005037748189351987,0.39182694256305695,0.009756235536769964,0.07091346383094788,0.01312255859375
road859_png.rf.f0e4bbd39d237c79817d4ade35676364.jpg,0,0.005061223280790728,0.4140625149011612,0.009990986218326725,0.11177882552146912,0.003780364990234375
road859_png.rf.f0e4bbd39d237c79817d4ade35676364.jpg,0,0.008699857629835606,0.11185396835207939,0.01739971525967121,0.02764422446489334,0.0012063980102539062
road85_png.rf.86fab2367257fba23a95cad102a7dd82.jpg,14,0.5237379968166351,0.5414663553237915,0.49098557233810425,0.364182710647583,0.94873046875
road865_png.rf.d20a4a3f4030905929c2739f03eba9b8.jpg,10,0.5814303159713745,0.2569110617041588,0.11237978935241699,0.09014423191547394,0.9541015625
road865_png.rf.d20a4a3f4030905929c2739f03eba9b8.jpg,7,0.9927884936332703,0.6310096383094788,0.014423012733459473,0.028846144676208496,0.0014781951904296875
road865_png.rf.d20a4a3f4030905929c2739f03eba9b8.jpg,9,0.9927884936332703,0.6286058127880096,0.014423012733459473,0.030048072338104248,0.0014495849609375
road86_png.rf.618acea5b57f584ad3cf0c2ddd8be8b3.jpg,14,0.5015024095773697,0.509014442563057,0.2806490361690521,0.40745195746421814,0.92626953125
road86_png.rf.618acea5b57f584ad3cf0c2ddd8be8b3.jpg,0,0.5156250149011612,0.012986403318791417,0.07752403616905212,0.02586012634128565,0.003429412841796875
road86_png.rf.618acea5b57f584ad3cf0c2ddd8be8b3.jpg,1,0.010929988697171211,0.5841346383094788,0.021859977394342422,0.0913461446762085,0.0014104843139648438
road872_png.rf.d95002240567bc0114365d0ba181071f.jpg,8,0.3359375149011612,0.5492788553237915,0.10757210850715637,0.08533656597137451,0.9111328125
road872_png.rf.d95002240567bc0114365d0ba181071f.jpg,1,0.7608173489570618,0.671875,0.04206728935241699,0.033653855323791504,0.08123779296875
road872_png.rf.d95002240567bc0114365d0ba181071f.jpg,1,0.025461051613092422,0.11343149468302727,0.01833871752023697,0.01592547446489334,0.00595855712890625
road872_png.rf.d95002240567bc0114365d0ba181071f.jpg,1,0.7590144574642181,0.684495210647583,0.034855782985687256,0.060096144676208496,0.00394439697265625
road872_png.rf.d95002240567bc0114365d0ba181071f.jpg,10,0.6105769574642181,0.704927921295166,0.016826927661895752,0.040865421295166016,0.00284576416015625
road876_png.rf.723330bcac2a5e357c0a325590dbff3c.jpg,8,0.4789663553237915,0.36508414149284363,0.2271634340286255,0.1772836446762085,0.935546875
road876_png.rf.723330bcac2a5e357c0a325590dbff3c.jpg,14,0.3001802861690521,0.7638221383094788,0.04807692766189575,0.046875,0.7705078125
road876_png.rf.723330bcac2a5e357c0a325590dbff3c.jpg,1,0.9350962042808533,0.3311298191547394,0.026442289352416992,0.012019217014312744,0.0014209747314453125
road876_png.rf.723330bcac2a5e357c0a325590dbff3c.jpg,14,0.4014423191547394,0.7758413851261139,0.020432710647583008,0.030048072338104248,0.00128936767578125
road94_png.rf.77920ec51ee4fe99a6fb6f8d99f67954.jpg,14,0.5144230797886848,0.5155498906970024,0.5336538404226303,0.5987079292535782,0.95654296875
road94_png.rf.77920ec51ee4fe99a6fb6f8d99f67954.jpg,14,0.6209435164928436,0.5102163469418883,0.7581129670143127,0.9795673061162233,0.00157928466796875
