image_id,class_id,x_center,y_center,width,height,confidence
000001_jpg.rf.5eb4f984823b1a44afc9bf98804daa50.jpg,7,0.2734310974602185,0.3350424754198112,0.408334143357761,0.30200241516303283,0.927001953125
000002_jpg.rf.d65ebeef4d1cb26e3fc1a826770b729f.jpg,7,0.6683345400865832,0.5226432627392694,0.2594847751506252,0.6172320066946434,0.808349609375
000002_jpg.rf.d65ebeef4d1cb26e3fc1a826770b729f.jpg,8,0.6778846383094788,0.5187049359083176,0.256009578704834,0.6104266941547394,0.031402587890625
000004_jpg.rf.00126fe7725236ec5dc849bac78543c2.jpg,7,0.5536321653980328,0.31990027541770755,0.38370662014848267,0.249632368277683,0.929443359375
000004_jpg.rf.00126fe7725236ec5dc849bac78543c2.jpg,8,0.5691106021404266,0.5084134787321091,0.054086506366729736,0.04206731915473938,0.0450439453125
000004_jpg.rf.00126fe7725236ec5dc849bac78543c2.jpg,1,0.621995210647583,0.6250000298023224,0.1069711446762085,0.06730765104293823,0.009307861328125
000004_jpg.rf.00126fe7725236ec5dc849bac78543c2.jpg,1,0.9645432829856873,0.2767427861690521,0.013221144676208496,0.016826927661895752,0.007625579833984375
000004_jpg.rf.00126fe7725236ec5dc849bac78543c2.jpg,1,0.9603365659713745,0.27704328298568726,0.018028855323791504,0.018629789352416992,0.0025691986083984375
000004_jpg.rf.00126fe7725236ec5dc849bac78543c2.jpg,0,0.512620210647583,0.5582932829856873,0.01141822338104248,0.03846156597137451,0.0018033981323242188
000004_jpg.rf.00126fe7725236ec5dc849bac78543c2.jpg,0,0.03701547486707568,0.4885817617177963,0.05389873776584864,0.024038463830947876,0.0016622543334960938
00000_00000_00002_png.rf.109f031ac8e60eba952da43b054389c0.jpg,6,0.5267562414219622,0.5109418503317572,0.5805685291698222,0.5802389141122606,0.91748046875
00000_00000_00002_png.rf.109f031ac8e60eba952da43b054389c0.jpg,6,0.2803485691547394,0.7037259936332703,0.5606971383094788,0.5901442766189575,0.0015134811401367188
00000_00000_00003_png.rf.e1d0c6904cad2c27548ec3c332b2e088.jpg,6,0.5192519566962417,0.5007480431190678,0.5779980693904447,0.5732940456397096,0.918701171875
00000_00000_00003_png.rf.e1d0c6904cad2c27548ec3c332b2e088.jpg,6,0.27524039149284363,0.6418269574642181,0.5504807829856873,0.7115384936332703,0.01287841796875
00000_00000_00003_png.rf.e1d0c6904cad2c27548ec3c332b2e088.jpg,6,0.859375,0.10126202553510666,0.28125,0.20252405107021332,0.0015859603881835938
00000_00000_00008_png.rf.823f2aa00055169915d8979d389796eb.jpg,6,0.5145445739467178,0.5032068213456841,0.6523092598008198,0.6330401604516844,0.91845703125
00000_00000_00008_png.rf.823f2aa00055169915d8979d389796eb.jpg,6,0.06745793670415878,0.11613582074642181,0.13491587340831757,0.23227164149284363,0.0284271240234375
00000_00000_00008_png.rf.823f2aa00055169915d8979d389796eb.jpg,1,0.5606971383094788,0.017437275499105453,0.03545677661895752,0.03487455099821091,0.01180267333984375
00000_00000_00008_png.rf.823f2aa00055169915d8979d389796eb.jpg,1,0.13596754893660545,0.20237381011247635,0.028245188295841217,0.056790873408317566,0.0017557144165039062
00000_00000_00010_png.rf.ea7f6dcad45043cc1275a3722f259c45.jpg,6,0.5084255920633255,0.5246757523042693,0.6747709381348188,0.6809257561045787,0.92138671875
00000_00000_00010_png.rf.ea7f6dcad45043cc1275a3722f259c45.jpg,6,0.29477164837589953,0.6400240510702133,0.58894233519095,0.7199518978595734,0.004390716552734375
00000_00000_00010_png.rf.ea7f6dcad45043cc1275a3722f259c45.jpg,6,0.07282902988663409,0.08954327553510666,0.14505709821241908,0.17908655107021332,0.0018682479858398438
00000_00000_00011_png.rf.d273eb7959d82848c1bbf816e503a7cc.jpg,6,0.5462489666151569,0.5631260817617546,0.6814736883910208,0.6730434843090722,0.929443359375
00000_00000_00011_png.rf.d273eb7959d82848c1bbf816e503a7cc.jpg,6,0.8870192766189575,0.07102614641189575,0.223557710647583,0.1420522928237915,0.005664825439453125
00000_00000_00011_png.rf.d273eb7959d82848c1bbf816e503a7cc.jpg,6,0.11117789149284363,0.13018330474733375,0.22235578298568726,0.25946516712429,0.005451202392578125
00000_00000_00016_png.rf.501890d4ac7f8422f349833245d7abc0.jpg,6,0.5150144041787471,0.5052367409937576,0.7235576957464218,0.7629544376982158,0.928466796875
00000_00000_00017_png.rf.af8c4a23f87c883e6c718be719d78834.jpg,6,0.5334629620582882,0.5267354103052196,0.7561252743605111,0.7343750225350982,0.922607421875
00000_00000_00019_png.rf.5e0626fb5f6c03e2137b454192d1a6ea.jpg,6,0.5107089399909761,0.518936755991518,0.7718513966370053,0.8010688965786706,0.93408203125
00000_00000_00019_png.rf.5e0626fb5f6c03e2137b454192d1a6ea.jpg,0,0.03483699147909647,0.47235579043626785,0.06944862236559857,0.5144231170415878,0.0021572113037109375
00000_00000_00023_png.rf.ba3c9472391c55dddbea2b609d7c95ef.jpg,6,0.5137496141331463,0.5086984073678995,0.7968128800777526,0.801133546464402,0.9345703125
00000_00000_00023_png.rf.ba3c9472391c55dddbea2b609d7c95ef.jpg,14,0.23317308723926544,0.05848107114434242,0.4663461744785309,0.11696214228868484,0.0016880035400390625
00000_00000_00024_png.rf.b7b5b6753ff94db8b6ad0904043f5c47.jpg,6,0.5102814418899213,0.5060425896787297,0.8303108275921524,0.8364725312901234,0.9345703125
00000_00000_00028_png.rf.79164ee5db8dd374dee79d309ae3276d.jpg,6,0.5021901803135436,0.5084134806322115,0.8441048984499256,0.8437983667855943,0.934814453125
00000_00000_00028_png.rf.79164ee5db8dd374dee79d309ae3276d.jpg,0,0.05645282752811909,0.9843750298023224,0.022686298936605453,0.031249940395355225,0.004062652587890625
00000_00000_00028_png.rf.79164ee5db8dd374dee79d309ae3276d.jpg,1,0.006859412882477045,0.48076923191547394,0.01371882576495409,0.09855768084526062,0.00206756591796875
00000_00000_00028_png.rf.79164ee5db8dd374dee79d309ae3276d.jpg,1,0.12965745478868484,0.9792668521404266,0.034254804253578186,0.04146629571914673,0.0018253326416015625
00000_00001_00001_png.rf.0a5c9b8c2585b556bb0176c33d8ba594.jpg,6,0.510533715553631,0.4965213000044128,0.5612727824662695,0.5747564784462088,0.921630859375
00000_00001_00001_png.rf.0a5c9b8c2585b556bb0176c33d8ba594.jpg,6,0.309495210647583,0.6515925824642181,0.618990421295166,0.6944110989570618,0.00579833984375
00000_00001_00004_png.rf.6bcd3ab2c19f9e4ed176d96f7f73e084.jpg,6,0.5406754168351804,0.5327647277220028,0.5759043032024789,0.5906297505371214,0.93017578125
00000_00001_00004_png.rf.6bcd3ab2c19f9e4ed176d96f7f73e084.jpg,6,0.3003305494785309,0.7127403914928436,0.6006610989570618,0.5745192170143127,0.0015735626220703125
00000_00001_00005_png.rf.39fe79ecb0b552859813e4daf4a2edc2.jpg,6,0.5336443004606117,0.5399517354105072,0.5649798535537381,0.5810689673811205,0.928466796875
00000_00001_00005_png.rf.39fe79ecb0b552859813e4daf4a2edc2.jpg,6,0.3161057784454897,0.7122896760702133,0.6274038644041866,0.5754206478595734,0.0027141571044921875
00000_00001_00009_png.rf.841cc50cd27e97581eb6d0234bc4bb46.jpg,6,0.5392658207809732,0.5109830089948786,0.5920179580510694,0.6252078469129652,0.93115234375
00000_00001_00009_png.rf.841cc50cd27e97581eb6d0234bc4bb46.jpg,6,0.09690505266189575,0.09622897207736969,0.1938101053237915,0.19245794415473938,0.01290130615234375
00000_00001_00009_png.rf.841cc50cd27e97581eb6d0234bc4bb46.jpg,10,0.09247296303510666,0.09352464228868484,0.18494592607021332,0.1870492845773697,0.002956390380859375
00000_00001_00009_png.rf.841cc50cd27e97581eb6d0234bc4bb46.jpg,7,0.09390024095773697,0.09307391941547394,0.18780048191547394,0.18614783883094788,0.0026092529296875
00000_00001_00009_png.rf.841cc50cd27e97581eb6d0234bc4bb46.jpg,1,0.8365384936332703,0.9843750596046448,0.03605771064758301,0.028846144676208496,0.0024051666259765625
00000_00001_00009_png.rf.841cc50cd27e97581eb6d0234bc4bb46.jpg,6,0.30408656143117696,0.6951622664928436,0.6033654303755611,0.6096754670143127,0.0019426345825195312
00000_00001_00014_png.rf.f4a23099ee55a117ddbdf614f0060111.jpg,6,0.5329186983373326,0.49610251206645745,0.6348254922069091,0.6850495221591076,0.930908203125
00000_00001_00014_png.rf.f4a23099ee55a117ddbdf614f0060111.jpg,6,0.2857572138309479,0.7092848569154739,0.5715144276618958,0.5814302861690521,0.002269744873046875
00000_00001_00015_png.rf.38a3cfcf656efbce048431b7df469837.jpg,6,0.530968952154585,0.5090455168141315,0.6309474973542115,0.658607271959083,0.925537109375
00000_00001_00015_png.rf.38a3cfcf656efbce048431b7df469837.jpg,6,0.05803034971177112,0.6646634787321091,0.1156099782383535,0.6153846085071564,0.00522613525390625
00000_00001_00015_png.rf.38a3cfcf656efbce048431b7df469837.jpg,6,0.22355770034482703,0.7028245329856873,0.4441105929436162,0.5943509340286255,0.0022258758544921875
00000_00001_00017_png.rf.2512e4fa7c72637e03252940dd911882.jpg,6,0.5680507838226868,0.5375655424303174,0.6834364227679537,0.6578684108430757,0.932861328125
00000_00001_00017_png.rf.2512e4fa7c72637e03252940dd911882.jpg,1,0.4014423191547394,0.014582707546651363,0.04206728935241699,0.029165415093302727,0.0087890625
00000_00001_00017_png.rf.2512e4fa7c72637e03252940dd911882.jpg,6,0.31610578298568726,0.7103365510702133,0.6322115659713745,0.5793268978595734,0.00783538818359375
00000_00001_00017_png.rf.2512e4fa7c72637e03252940dd911882.jpg,6,0.11268028961058008,0.08698918670415878,0.2250600984407356,0.17397837340831757,0.004459381103515625
00000_00001_00019_png.rf.7df817b331a58bfe6f42b04b59ffee4b.jpg,6,0.5400618272786788,0.5037106337036585,0.6991419532880918,0.6967380976179448,0.92431640625
00000_00001_00019_png.rf.7df817b331a58bfe6f42b04b59ffee4b.jpg,1,0.15655048936605453,0.15347056090831757,0.026141837239265442,0.03140023350715637,0.00396728515625
00000_00001_00019_png.rf.7df817b331a58bfe6f42b04b59ffee4b.jpg,6,0.2977764653041959,0.7210036069154739,0.5847356226295233,0.5579927861690521,0.0015926361083984375
00000_00001_00022_png.rf.86a6404cd77a9c80b0cc735b19b763cb.jpg,6,0.5324429943207474,0.524422151898603,0.7401163943357346,0.742901230054758,0.9189453125
00000_00001_00023_png.rf.ad5e845504342a9c0c6a4c734e99f8f2.jpg,6,0.5216554954753784,0.48534589213515966,0.7330480030729004,0.7556309590545081,0.9287109375
00000_00002_00000_png.rf.a6b7c53f9c779067be91c4d331bed12d.jpg,6,0.568019059965335,0.49745849594770675,0.5375627653769762,0.5447129818429035,0.919189453125
00000_00002_00006_png.rf.38607fba142760f6d61a8806ae748fcc.jpg,6,0.5245846506074292,0.5240625374365685,0.5924340726110698,0.5876719454976771,0.923828125
00000_00002_00006_png.rf.38607fba142760f6d61a8806ae748fcc.jpg,1,0.9164663851261139,0.018770658200082835,0.04447120428085327,0.0373159558075713,0.0018978118896484375
00000_00002_00006_png.rf.38607fba142760f6d61a8806ae748fcc.jpg,14,0.7621694803237915,0.018488958477973938,0.475661039352417,0.036977916955947876,0.0016489028930664062
00000_00002_00014_png.rf.851465423d63cf26575590f762af5c2b.jpg,6,0.5335139801110018,0.5018051006112558,0.6541258951017878,0.6736364508377312,0.94091796875
00000_00002_00029_png.rf.f584d2f610afde0abb821fe96a348203.jpg,6,0.5127388693773162,0.5073690750948545,0.8140558860710219,0.8350409246129983,0.93603515625
00000_00002_00029_png.rf.f584d2f610afde0abb821fe96a348203.jpg,1,0.7704327404499054,0.840745210647583,0.04567307233810425,0.013221144676208496,0.0022430419921875
00000_00002_00029_png.rf.f584d2f610afde0abb821fe96a348203.jpg,0,0.775240421295166,0.8377403914928436,0.046875,0.014423072338104248,0.0017557144165039062
00000_00002_00029_png.rf.f584d2f610afde0abb821fe96a348203.jpg,0,0.20913462340831757,0.14385517686605453,0.021033644676208496,0.017728373408317566,0.0015201568603515625
00000_00003_00002_png.rf.76d9ce9f361d1b20eb1b0d5c4d9356b7.jpg,6,0.5375773000544396,0.5376329369950985,0.5353489096299775,0.5797087804248682,0.926513671875
00000_00003_00002_png.rf.e634a332d201c84f03eac04d4a8b22ee.jpg,6,0.5375773000544396,0.5376329369950985,0.5353489096299775,0.5797087804248682,0.926513671875
00000_00003_00008_png.rf.374fb6d685cf80341eced8c159f48659.jpg,6,0.5218829439152165,0.5200987682238076,0.6140718631511252,0.6219311525967041,0.925048828125
00000_00003_00010_png.rf.8d0b8153b699be93838f2ab1adb3c5f5.jpg,6,0.5348867409166087,0.49804513625689983,0.6140362622333275,0.6414243323972493,0.937255859375
00000_00003_00010_png.rf.8d0b8153b699be93838f2ab1adb3c5f5.jpg,9,0.6274038553237915,0.6123798117041588,0.7259615659713745,0.7752403765916824,0.0016756057739257812
00000_00003_00012_png.rf.246a45eeb77623d43d7d35292c01e488.jpg,6,0.5318890670880211,0.5457884107007435,0.6597795764715408,0.6847385410091515,0.92431640625
00000_00003_00012_png.rf.246a45eeb77623d43d7d35292c01e488.jpg,1,0.4943234038913951,0.0469309453639914,0.5201054938821231,0.09375329343886936,0.04863739013671875
00000_00003_00012_png.rf.246a45eeb77623d43d7d35292c01e488.jpg,0,0.45703125,0.048753008246421814,0.3647836446762085,0.09750601649284363,0.004528045654296875
00000_00003_00016_png.rf.119a4465c771266fa404e7bbbcb718cd.jpg,6,0.5325739650461758,0.5329901978275104,0.6920386090146345,0.6892151338657267,0.924072265625
00000_00003_00016_png.rf.119a4465c771266fa404e7bbbcb718cd.jpg,1,0.49581246788572303,0.04193897466126478,0.5980858707565401,0.08374453204187476,0.014725685119628906
00000_00003_00020_png.rf.92fbe7c2ac68b3f455aada3b8b02aa12.jpg,6,0.49368464748605567,0.5058250564117033,0.7487769903797423,0.7405002345777002,0.930419921875
00000_00003_00020_png.rf.92fbe7c2ac68b3f455aada3b8b02aa12.jpg,11,0.27734375,0.7286658734083176,0.5546875,0.5426682531833649,0.0107421875
00000_00003_00028_png.rf.0be3aff7a8d535bb23aed121db9871f4.jpg,6,0.5012467707384122,0.49808051507309004,0.7912838501688191,0.7906022856159816,0.9228515625
00000_00003_00028_png.rf.0be3aff7a8d535bb23aed121db9871f4.jpg,1,0.4399038553237915,0.028695914894342422,0.4663461446762085,0.057391829788684845,0.0023040771484375
00000_00003_00028_png.rf.5b6b19270267f8aa19060cc871d01b54.jpg,6,0.5012467707384122,0.49808051507309004,0.7912838501688191,0.7906022856159816,0.9228515625
00000_00003_00028_png.rf.5b6b19270267f8aa19060cc871d01b54.jpg,1,0.4399038553237915,0.028695914894342422,0.4663461446762085,0.057391829788684845,0.0023040771484375
00000_00004_00000_png.rf.2035c6eac81cf733715d605be8b19a3d.jpg,6,0.5265724692234228,0.5302349309217914,0.7850826021445408,0.7681422574526378,0.928955078125
00000_00004_00023_png.rf.e766ea5b2f7fb6f86cb29bb721ef7120.jpg,6,0.5185329175120249,0.5185522598667919,0.8245746379747441,0.8397676218398578,0.9326171875
00000_00005_00004_png.rf.3b1da84bffee4d187959b6d9fa49ef41.jpg,6,0.5449449898100001,0.5385263779969028,0.5374708741557862,0.5744327142544177,0.9267578125
00000_00005_00004_png.rf.3b1da84bffee4d187959b6d9fa49ef41.jpg,6,0.5637019500136375,0.185546875,0.6802885085344315,0.37109375,0.1536865234375
00000_00005_00004_png.rf.e5420c1cd4e614fb9a0c6bad2967f7ae.jpg,6,0.5449449898100001,0.5385263779969028,0.5374708741557862,0.5744327142544177,0.9267578125
00000_00005_00004_png.rf.e5420c1cd4e614fb9a0c6bad2967f7ae.jpg,6,0.5637019500136375,0.185546875,0.6802885085344315,0.37109375,0.1536865234375
00000_00005_00006_png.rf.74594564734029824f07e7ec6f437ffa.jpg,6,0.5512640502933492,0.4864922177761965,0.5729426787683691,0.6364157821404129,0.93310546875
00000_00005_00006_png.rf.74594564734029824f07e7ec6f437ffa.jpg,1,0.7031250298023224,0.01894906908273697,0.03605765104293823,0.03789813816547394,0.008758544921875
00000_00005_00007_png.rf.f035d5f40157b6e8ad96e569ab3c8dbf.jpg,6,0.5486928474837245,0.5062022085677195,0.5769529843198661,0.6319061112667316,0.927978515625
00000_00005_00016_png.rf.868eac740114de5a72281450cae54d4b.jpg,6,0.5237450698414704,0.487240182102545,0.6561088025499089,0.7112027108866023,0.924560546875
00000_00005_00018_png.rf.20ae5dc6f9775df0c040611697a1f4a4.jpg,6,0.5198697457551266,0.5009457885402522,0.7103112276459016,0.724658316694145,0.9267578125
00000_00005_00019_png.rf.5c7911d1c82f2a8974b1476efab21a32.jpg,6,0.5160912815691259,0.48495731789024366,0.7286099096633765,0.7607551362167362,0.931884765625
00000_00005_00021_png.rf.69bd0c31c470a36e351d9bf107e017db.jpg,6,0.5339473716128312,0.5178190726167609,0.7466742824242109,0.7908374839376333,0.92529296875
00000_00005_00022_png.rf.6e64e5ed69bbf31356e5329842003956.jpg,6,0.5210892690970444,0.47840710785964624,0.7647320863200288,0.7775330390393358,0.9287109375
00000_00006_00004_png.rf.49287ea2187ee3e2492f3490bea0b932.jpg,6,0.5021996434427902,0.5120635436405065,0.5992183204535341,0.6189571941493529,0.927490234375
00000_00006_00004_png.rf.49287ea2187ee3e2492f3490bea0b932.jpg,9,0.7160456776618958,0.4981971222732682,0.5679086446762085,0.9951923214248382,0.0186309814453125
00000_00006_00004_png.rf.49287ea2187ee3e2492f3490bea0b932.jpg,6,0.2579627519007772,0.7127403914928436,0.5117187728174031,0.5745192170143127,0.01280975341796875
00000_00006_00004_png.rf.49287ea2187ee3e2492f3490bea0b932.jpg,6,0.9633413851261139,0.671875,0.07091349363327026,0.65625,0.0038776397705078125
00000_00006_00005_png.rf.80f7b8a9aa386fad4e88deb0751d44db.jpg,6,0.5448933818096493,0.5186478440129795,0.6011029606769263,0.6195253489145345,0.9287109375
00000_00006_00008_png.rf.6e64e50bce5346d9caec663b34ee71b3.jpg,6,0.530953547574162,0.490093484052701,0.6465920370552967,0.6519713780210102,0.936279296875
00000_00006_00017_png.rf.66c94793170aa8f8054e5832ce0305e0.jpg,6,0.4947698095578179,0.5168577196146441,0.7496226404256381,0.7438673648614524,0.929931640625
00000_00006_00023_png.rf.4c75431aed70e19f6bd3c2f5ccf07391.jpg,6,0.4910173296198417,0.49637309586106243,0.7829154316528688,0.7505058021112662,0.929443359375
00000_00006_00023_png.rf.4c75431aed70e19f6bd3c2f5ccf07391.jpg,1,0.09164663748379098,0.2465444803237915,0.18299279418715741,0.493088960647583,0.00347900390625
000011_jpg.rf.fa32ab1ecb9f791f607dcaecb05a8dd7.jpg,7,0.5528900977388264,0.44140189961989407,0.6093772254949904,0.7295607842848733,0.94189453125
000011_jpg.rf.fa32ab1ecb9f791f607dcaecb05a8dd7.jpg,0,0.3441409136882958,0.2362493595962612,0.01541496065954756,0.015542344440246353,0.008708953857421875
000011_jpg.rf.fa32ab1ecb9f791f607dcaecb05a8dd7.jpg,7,0.6364182829856873,0.6018629968166351,0.015625,0.018629848957061768,0.004688262939453125
000011_jpg.rf.fa32ab1ecb9f791f607dcaecb05a8dd7.jpg,7,0.4546274244785309,0.6292067468166351,0.010817289352416992,0.010817348957061768,0.002471923828125
000011_jpg.rf.fa32ab1ecb9f791f607dcaecb05a8dd7.jpg,0,0.3383413553237915,0.610276460647583,0.013221144676208496,0.015024065971374512,0.0021648406982421875
000013_jpg.rf.c2947bdf01306795dc799928eec4c157.jpg,7,0.5969250677250975,0.5031145718856875,0.28884302434042614,0.3357570260237193,0.816162109375
000013_jpg.rf.c2947bdf01306795dc799928eec4c157.jpg,13,0.5955529063940048,0.501201942563057,0.28485575318336487,0.33173081278800964,0.049224853515625
000013_jpg.rf.c2947bdf01306795dc799928eec4c157.jpg,9,0.2265625074505806,0.4789663702249527,0.03545673191547394,0.05889424681663513,0.01557159423828125
000013_jpg.rf.c2947bdf01306795dc799928eec4c157.jpg,0,0.9855769574642181,0.3149038702249527,0.026442348957061768,0.022836536169052124,0.002651214599609375
000016_jpg.rf.f4568240f9384349bcefdd70e594b519.jpg,7,0.5046533411107929,0.3288803370725544,0.37410020568519947,0.2584200769670657,0.932861328125
000016_jpg.rf.f4568240f9384349bcefdd70e594b519.jpg,3,0.6790865659713745,0.9831731021404266,0.03846156597137451,0.030048072338104248,0.0060272216796875
000016_jpg.rf.f4568240f9384349bcefdd70e594b519.jpg,0,0.9659344255924225,0.4647658577669568,0.011262438914956041,0.013599533725886848,0.004807472229003906
000016_jpg.rf.f4568240f9384349bcefdd70e594b519.jpg,0,0.9657452404499054,0.4561298340559006,0.012019217014312744,0.02644231915473938,0.0028438568115234375
000016_jpg.rf.f4568240f9384349bcefdd70e594b519.jpg,0,0.993990421295166,0.54296875,0.010817289352416992,0.010817289352416992,0.002471923828125
00001_00004_00003_png.rf.806b4f93884a4afa323c90f720993988.jpg,7,0.5065810583735318,0.5214080031694764,0.7311437441406696,0.7163067955732036,0.938720703125
00001_00004_00003_png.rf.806b4f93884a4afa323c90f720993988.jpg,6,0.300180293052108,0.7292668372392654,0.599759624543367,0.5414663255214691,0.0032444000244140625
00001_00004_00017_png.rf.59c17684b246375c90a66c80185ac3f6.jpg,7,0.5309444333757866,0.5377316178923652,0.6411953660028225,0.6367136765725823,0.94873046875
00001_00005_00008_png.rf.40d0da91ea6cc55d098dfc3e32176ed4.jpg,7,0.5429496114171939,0.5575376663077888,0.6177693363844128,0.6151121750701917,0.941650390625
00001_00005_00008_png.rf.40d0da91ea6cc55d098dfc3e32176ed4.jpg,9,0.7004206776618958,0.6478365659713745,0.5991586446762085,0.701923131942749,0.0026397705078125
00001_00006_00002_png.rf.96807e7b1631778e556feedd6982218b.jpg,7,0.521776302980059,0.5215101298109107,0.7189373050675716,0.763429055099637,0.94091796875
00001_00006_00002_png.rf.96807e7b1631778e556feedd6982218b.jpg,1,0.012817383743822575,0.025503306578684715,0.02563476748764515,0.05093149296226329,0.002323150634765625
00001_00007_00010_png.rf.3b97ab40ade2235e54b1cd674fd40148.jpg,7,0.5032860802272011,0.5075257699562057,0.7926518217655378,0.7974265471536673,0.934814453125
00001_00007_00010_png.rf.3b97ab40ade2235e54b1cd674fd40148.jpg,3,0.4603365510702133,0.552584171295166,0.022836536169052124,0.028245210647583008,0.0033206939697265625
00001_00007_00010_png.rf.3b97ab40ade2235e54b1cd674fd40148.jpg,1,0.7433894574642181,0.8834134936332703,0.02524036169052124,0.06971156597137451,0.0020904541015625
00001_00011_00007_png.rf.5a1e3a0bff0fdeddae8d3884cc1d0a55.jpg,7,0.5148742532469055,0.5327600658115984,0.6529371097718355,0.6165797737595236,0.950439453125
00001_00019_00018_png.rf.8317748f9fc7b4fb05cd6370b0c409fa.jpg,7,0.5093124499717324,0.5381833728441258,0.6940660169290513,0.6910859573747694,0.947265625
00001_00020_00012_png.rf.0c2732ec2a3ed93214b1e41395ad7a2b.jpg,7,0.48552786961336936,0.5228996617994316,0.7582732788814699,0.7625290761656609,0.941650390625
00001_00020_00012_png.rf.0c2732ec2a3ed93214b1e41395ad7a2b.jpg,10,0.6852464079856873,0.5423678010702133,0.333834171295166,0.4405048191547394,0.0027141571044921875
00001_00023_00025_png.rf.2626b0368405fa35ce5519d212ab019c.jpg,7,0.4861654446661426,0.5432717365683947,0.7379608613543563,0.7121120405160103,0.94287109375
00001_00024_00015_png.rf.27b7f5a37c32be10469b7fb9e6859a54.jpg,7,0.556317936303359,0.5376242389136408,0.5567395754092972,0.5756544950391675,0.94384765625
00001_00024_00015_png.rf.27b7f5a37c32be10469b7fb9e6859a54.jpg,0,0.5943509936332703,0.04710036115284311,0.650240421295166,0.09390024152526166,0.025726318359375
00001_00024_00019_png.rf.201dbcf518f485213be0896d36c866f2.jpg,7,0.5533540505297739,0.5499395169869116,0.6071781280736619,0.6135115376062994,0.940185546875
00001_00025_00010_png.rf.4647a0ab875d1ff161faaeb4eef72b27.jpg,7,0.515295908399639,0.5069152456246054,0.6100221453805434,0.6730533752472898,0.951904296875
00001_00025_00021_png.rf.71e8b5a711e8a7d62315c724fdf9e61b.jpg,7,0.5046610922106602,0.5474759823678538,0.7448124245452339,0.7511152771977252,0.944580078125
00001_00028_00009_png.rf.d3776cc5b7ff2e6f019157bcde378ab7.jpg,7,0.5425438099119761,0.5189636337411253,0.5777064363341455,0.6724699359935025,0.944580078125
00001_00028_00009_png.rf.d3776cc5b7ff2e6f019157bcde378ab7.jpg,6,0.9559110945724432,0.48328096772564616,0.08817781085511356,0.6068589600628468,0.4818115234375
00001_00028_00009_png.rf.d3776cc5b7ff2e6f019157bcde378ab7.jpg,7,0.9549278914928436,0.4720552936196327,0.09014421701431274,0.5871394127607346,0.188720703125
00001_00028_00009_png.rf.d3776cc5b7ff2e6f019157bcde378ab7.jpg,9,0.7474459260702133,0.7388822138309479,0.5051081478595734,0.5222355723381042,0.0016298294067382812
00001_00030_00007_png.rf.97236f8f38630a2e52d58e3e34c9adce.jpg,7,0.5163807429386695,0.512320745886984,0.5573626711116512,0.6868890135321395,0.947998046875
00001_00030_00007_png.rf.97236f8f38630a2e52d58e3e34c9adce.jpg,9,0.4555288553237915,0.006474421614257153,0.015625,0.012479342010919936,0.0032825469970703125
00001_00030_00007_png.rf.97236f8f38630a2e52d58e3e34c9adce.jpg,6,0.7417367845773697,0.7181490510702133,0.5165264308452606,0.5637018978595734,0.0021152496337890625
00001_00030_00007_png.rf.97236f8f38630a2e52d58e3e34c9adce.jpg,14,0.6352163553237915,0.9507211744785309,0.2632211446762085,0.09855765104293823,0.0015802383422851562
00001_00031_00010_png.rf.3117240f6b207aa89ea9e14bb8f93e58.jpg,7,0.5430446090818003,0.5262416459061015,0.572451051688329,0.588636159253635,0.9501953125
00001_00031_00010_png.rf.3117240f6b207aa89ea9e14bb8f93e58.jpg,1,0.2460937649011612,0.030329778790473938,0.14903846383094788,0.060659557580947876,0.00269317626953125
00001_00031_00010_png.rf.3117240f6b207aa89ea9e14bb8f93e58.jpg,0,0.2407226711511612,0.027794472873210907,0.19704028964042664,0.055588945746421814,0.0020999908447265625
00001_00031_00010_png.rf.3117240f6b207aa89ea9e14bb8f93e58.jpg,9,0.6571514457464218,0.5042067607864738,0.6856971085071564,0.960336597636342,0.001987457275390625
00001_00031_00012_png.rf.51847911c211fcbfe57fb26f390b07c0.jpg,7,0.5353355009529702,0.5086834736277194,0.5981027263686989,0.6255501819334977,0.952880859375
00001_00034_00017_png.rf.6ba1b8dfc5d3a83dfc305f8421532d46.jpg,7,0.5291357152019629,0.5390990016993027,0.6910766190419791,0.7162877941656655,0.945068359375
00001_00034_00017_png.rf.6ba1b8dfc5d3a83dfc305f8421532d46.jpg,1,0.16781851649284363,0.01481745857745409,0.03515625,0.02963491715490818,0.0023403167724609375
00001_00037_00009_png.rf.98442136f1fcf52990902250291c48e9.jpg,7,0.5171257342888462,0.5055667822591721,0.5984846335880217,0.5879846617175687,0.946044921875
00001_00037_00009_png.rf.98442136f1fcf52990902250291c48e9.jpg,14,0.17037260194774717,0.01913687027990818,0.3371394344139844,0.03827374055981636,0.0211944580078125
00001_00037_00018_png.rf.fdbd3c3ecaa77be61cff73f08ee1dbba.jpg,7,0.5036143495975456,0.5330786246965831,0.7384359732792072,0.7186300006976541,0.941162109375
00001_00037_00018_png.rf.fdbd3c3ecaa77be61cff73f08ee1dbba.jpg,14,0.3194110691547394,0.7076322138309479,0.6388221383094788,0.5847355723381042,0.0038471221923828125
00001_00040_00008_png.rf.5f47667bf822034a38b87b869d4996a0.jpg,7,0.5184753305834059,0.5369608509100122,0.6336680064946567,0.6568067265879727,0.9482421875
00001_00040_00008_png.rf.5f47667bf822034a38b87b869d4996a0.jpg,14,0.5366586893796921,0.9477163851261139,0.4687500298023224,0.10336536169052124,0.0767822265625
00001_00040_00008_png.rf.5f47667bf822034a38b87b869d4996a0.jpg,7,0.5474759787321091,0.9555288553237915,0.4218750298023224,0.08894228935241699,0.00251007080078125
00001_00040_00008_png.rf.5f47667bf822034a38b87b869d4996a0.jpg,11,0.5531851202249527,0.9567307829856873,0.41766831278800964,0.08653843402862549,0.0016880035400390625
00001_00041_00006_png.rf.492993b80ba8dce4cc3c8ba55b79cb31.jpg,7,0.5117159827301899,0.5378466834900556,0.6760316669113107,0.6910668465274352,0.94921875
00001_00056_00005_png.rf.e3e2afe6d8714eeb65b9fe81bffb8533.jpg,7,0.5258006864478971,0.5264423154798694,0.6898062499409725,0.6964737663374228,0.93798828125
00001_00056_00005_png.rf.e3e2afe6d8714eeb65b9fe81bffb8533.jpg,13,0.10486779361963272,0.3281250149011612,0.008112981915473938,0.02043268084526062,0.007419586181640625
00001_00056_00007_png.rf.2be0d27329c93a51dbec70f7f6936811.jpg,7,0.5014183321457097,0.5042213777722919,0.7053680122130096,0.7721844351364177,0.943115234375
00001_00056_00007_png.rf.2be0d27329c93a51dbec70f7f6936811.jpg,9,0.6899038553237915,0.5132211744785309,0.614182710647583,0.9326923489570618,0.0028533935546875
00001_00059_00001_png.rf.f0c4ab06e4825e6f85bd1aa7045bf7c2.jpg,7,0.5636932195051771,0.5192264251550007,0.5636757881824311,0.6478452816327475,0.94189453125
00001_00059_00001_png.rf.f0c4ab06e4825e6f85bd1aa7045bf7c2.jpg,6,0.6646634787321091,0.17052283883094788,0.6406250298023224,0.34104567766189575,0.02960205078125
00001_00059_00001_png.rf.f0c4ab06e4825e6f85bd1aa7045bf7c2.jpg,14,0.6694711893796921,0.19245794415473938,0.6322115957736969,0.38491588830947876,0.0159912109375
00001_00059_00001_png.rf.f0c4ab06e4825e6f85bd1aa7045bf7c2.jpg,7,0.6394231021404266,0.3365384712815285,0.6129807829856873,0.6177884787321091,0.00600433349609375
00001_00059_00001_png.rf.f0c4ab06e4825e6f85bd1aa7045bf7c2.jpg,1,0.9615384936332703,0.050706133246421814,0.03846156597137451,0.10141226649284363,0.001728057861328125
00001_00066_00005_png.rf.b88a1804a44f6e513c39d3119d72baee.jpg,7,0.5505143881700238,0.5237520018025585,0.6850737856920832,0.6928582981413937,0.943359375
00001_00066_00005_png.rf.b88a1804a44f6e513c39d3119d72baee.jpg,14,0.9762763778738754,0.4938634580442607,0.047447244252249,0.5581827003469944,0.020477294921875
00001_00066_00005_png.rf.b88a1804a44f6e513c39d3119d72baee.jpg,14,0.9663461744785309,0.4014423154294491,0.06730765104293823,0.6730769351124763,0.003307342529296875
00001_00066_00005_png.rf.b88a1804a44f6e513c39d3119d72baee.jpg,14,0.9843750298023224,0.5033053010702133,0.031249940395355225,0.46694710850715637,0.00176239013671875
00001_00066_00018_png.rf.ea5065ed23c168fe2b63e7a8f5d839c1.jpg,7,0.5516771065189994,0.48875020544043224,0.768613018188191,0.81096115509051,0.94189453125
00001_00067_00009_png.rf.ae479bfc362a2451572b0f16535561b0.jpg,7,0.51862982660532,0.5320143864684685,0.6279617428235793,0.6859617107855388,0.949951171875
00001_00067_00010_png.rf.90dbae774974b5231715ab3e1c331c14.jpg,7,0.519523947346183,0.5306549051141959,0.6568363287209914,0.7217284761019713,0.952392578125
00001_00068_00006_png.rf.cdc0829f9edf6c7730f639bede108a4e.jpg,7,0.5097666846018859,0.5519505964283657,0.5730008337643845,0.5667830823762129,0.947998046875
00001_00068_00006_png.rf.cdc0829f9edf6c7730f639bede108a4e.jpg,6,0.49767129123210907,0.2143930345773697,0.4878305494785309,0.4287860691547394,0.064697265625
00001_00068_00006_png.rf.cdc0829f9edf6c7730f639bede108a4e.jpg,7,0.49338944256305695,0.26923078298568726,0.5144231021404266,0.5384615659713745,0.01024627685546875
00001_00070_00012_png.rf.eba0ec2077e1a2951e7ba846ebc3f97d.jpg,7,0.4867710441505956,0.5150357882343282,0.7271244118598099,0.7439513470207296,0.938720703125
000020_jpg.rf.2f0901cbff62fb4830e39d5d5e46ad39.jpg,7,0.5047989464321335,0.3633331942210182,0.7788636731071074,0.5594264013376804,0.9384765625
000020_jpg.rf.2f0901cbff62fb4830e39d5d5e46ad39.jpg,5,0.6260516941547394,0.11583534255623817,0.02914661169052124,0.024489186704158783,0.00502777099609375
000020_jpg.rf.2f0901cbff62fb4830e39d5d5e46ad39.jpg,1,0.5222356021404266,0.0065964919958787505,0.01742786169052124,0.013042743601545226,0.004909515380859375
000020_jpg.rf.2f0901cbff62fb4830e39d5d5e46ad39.jpg,1,0.5162259638309479,0.006713867653161287,0.019230782985687256,0.013427735306322575,0.0045623779296875
000023_jpg.rf.147364eb3bc656deef873e1f9aadefa3.jpg,7,0.4960626562050481,0.45353766835452175,0.5745841101240352,0.37416407910538163,0.942626953125
000023_jpg.rf.147364eb3bc656deef873e1f9aadefa3.jpg,0,0.34175645893182216,0.9885397282073168,0.2027636972869315,0.022920543585366326,0.0035190582275390625
000025_jpg.rf.0159a012742956804d362365998132f7.jpg,7,0.45389258461300674,0.3235859667642812,0.14847679117122436,0.2170107771190206,0.9189453125
000025_jpg.rf.0159a012742956804d362365998132f7.jpg,9,0.6670673191547394,0.48106972873210907,0.024038493633270264,0.02824518084526062,0.003307342529296875
000025_jpg.rf.0159a012742956804d362365998132f7.jpg,9,0.1796875074505806,0.926682710647583,0.03245191276073456,0.033653855323791504,0.0019502639770507812
00002_00000_00021_png.rf.e68063086859a10db07ea12c37e52199.jpg,9,0.46605098255481586,0.4980018432889104,0.8562747806022993,0.8765925773076773,0.954833984375
00002_00000_00021_png.rf.e68063086859a10db07ea12c37e52199.jpg,9,0.28365385305369273,0.7342247664928436,0.564903859863989,0.5315504670143127,0.0016241073608398438
00002_00002_00006_png.rf.a5efd17b8611e692e8bce402eb3b86b0.jpg,9,0.49271335835640245,0.5252341731007282,0.5591665294537177,0.5776530566123815,0.9521484375
00002_00002_00026_png.rf.574b361bdf1b724030164ec780ca3236.jpg,9,0.5009428744202916,0.5125072460227958,0.8131838211786875,0.8002990434833361,0.95654296875
00002_00002_00028_png.rf.f65c7aefe974cd45269be85afb390fe7.jpg,9,0.5030275756491782,0.5121538622113818,0.808333110558624,0.8368873124429254,0.954833984375
00002_00004_00026_png.rf.e08350cc250857c28ec1d619fb871d07.jpg,9,0.5177498056590176,0.497634243078311,0.8010960449965369,0.7830671970643303,0.955810546875
00002_00004_00026_png.rf.e08350cc250857c28ec1d619fb871d07.jpg,12,0.6114783883094788,0.981370210647583,0.3804086446762085,0.037259578704833984,0.0018033981323242188
00002_00004_00026_png.rf.e08350cc250857c28ec1d619fb871d07.jpg,0,0.1996694728732109,0.12875601276755333,0.07962740957736969,0.037860579788684845,0.0017480850219726562
00002_00006_00029_png.rf.9f80d940730690b080db3edd9104061a.jpg,9,0.5151682866573823,0.5141266213052391,0.7545673702544833,0.7999519866175869,0.95166015625
00002_00009_00017_png.rf.76cbe36edd72f8ef05c8a7e1de7d9c2f.jpg,9,0.5079453056502634,0.5018065856950916,0.7250619570986082,0.7650351057258936,0.95849609375
00002_00009_00017_png.rf.76cbe36edd72f8ef05c8a7e1de7d9c2f.jpg,14,0.0327899653930217,0.4134615510702133,0.06287560379132628,0.03485575318336487,0.001567840576171875
00002_00011_00029_png.rf.9218bf68489dd27976848d871cf32f46.jpg,9,0.4837667072812716,0.49592698944749636,0.70913465321064,0.7929577569873143,0.9580078125
00002_00011_00029_png.rf.9218bf68489dd27976848d871cf32f46.jpg,14,0.5631009936332703,0.130859375,0.8713942766189575,0.26171875,0.0079803466796875
00002_00011_00029_png.rf.9218bf68489dd27976848d871cf32f46.jpg,14,0.5697115436196327,0.22806491144001484,0.8605769127607346,0.39483174309134483,0.004425048828125
00002_00012_00006_png.rf.ca4aa072eaf5140582e14ec592965ae9.jpg,9,0.5483801180439963,0.5147532471714799,0.7133251788960754,0.7386411028501161,0.951904296875
00002_00012_00006_png.rf.ca4aa072eaf5140582e14ec592965ae9.jpg,1,0.5932473964013231,0.564871079597447,0.02537153070237408,0.06523162559089679,0.025074005126953125
00002_00012_00006_png.rf.ca4aa072eaf5140582e14ec592965ae9.jpg,1,0.5943509936332703,0.47626204788684845,0.033653855323791504,0.07451924681663513,0.0026607513427734375
00002_00013_00002_png.rf.0b6b2e77383558449f4125d32e7becd9.jpg,9,0.5344085328277106,0.5318440555960994,0.5279701260772501,0.5546967558742242,0.95263671875
00002_00013_00002_png.rf.0b6b2e77383558449f4125d32e7becd9.jpg,1,0.26577524840831757,0.03093074061689549,0.039663463830947876,0.06171124084357871,0.004093170166015625
00002_00013_00002_png.rf.0b6b2e77383558449f4125d32e7becd9.jpg,1,0.2016225978732109,0.03921274095773697,0.19170673191547394,0.07842548191547394,0.0022525787353515625
00002_00013_00023_png.rf.9b31982d2f94e015a3503264b93e4600.jpg,9,0.5342548340559006,0.551673756491202,0.7043389062735004,0.6864235789464987,0.957763671875
00002_00015_00006_png.rf.f6af83f098bc43372267a8b09ca2ac72.jpg,9,0.5046590406089466,0.547339880277964,0.7016131940870922,0.6800791215483128,0.957275390625
00002_00015_00006_png.rf.f6af83f098bc43372267a8b09ca2ac72.jpg,1,0.9597356021404266,0.020094652589250472,0.08052879571914673,0.04011418498339481,0.0029449462890625
00002_00016_00000_png.rf.ef183ee432de2051a6b4ff73403c80bc.jpg,9,0.5287465592055078,0.5182088306221344,0.5639356042019176,0.6012099902226591,0.9541015625
00002_00016_00013_png.rf.6797ade511dd2424faa33b9196d1cf99.jpg,9,0.495810005272376,0.5041828611471719,0.6827257637281169,0.6929038839099102,0.952392578125
00002_00016_00027_png.rf.6866b3121b0123e588a02636ca208327.jpg,9,0.493434246051051,0.4965422439525397,0.7992968018954394,0.8313989471692046,0.94970703125
00002_00016_00027_png.rf.6866b3121b0123e588a02636ca208327.jpg,7,0.5685096383094788,0.9801682829856873,0.5120192766189575,0.03966343402862549,0.002323150634765625
00002_00017_00018_png.rf.3676c5aa3568ba151f34e4ad83d09a64.jpg,9,0.5038752114233357,0.5089937377895115,0.7320954776256097,0.7560786940718537,0.956298828125
00002_00017_00018_png.rf.3676c5aa3568ba151f34e4ad83d09a64.jpg,6,0.4744591563940048,0.9735577404499054,0.4741586744785309,0.050480782985687256,0.01427459716796875
00002_00017_00018_png.rf.3676c5aa3568ba151f34e4ad83d09a64.jpg,14,0.47776444256305695,0.9747596383094788,0.47836539149284363,0.05048072338104248,0.01068115234375
00002_00017_00018_png.rf.3676c5aa3568ba151f34e4ad83d09a64.jpg,14,0.5245643109083176,0.954026460647583,0.5806790888309479,0.09194707870483398,0.0050048828125
00002_00017_00021_png.rf.d4e4ad4ccd7d778cda3fc4ac17f529c9.jpg,9,0.5228288620138132,0.5207524133175687,0.7200134925532817,0.7403692451047702,0.95361328125
00002_00017_00021_png.rf.d4e4ad4ccd7d778cda3fc4ac17f529c9.jpg,14,0.5009014755487442,0.9693509936332703,0.46454331278800964,0.06129801273345947,0.0248870849609375
00002_00017_00021_png.rf.d4e4ad4ccd7d778cda3fc4ac17f529c9.jpg,6,0.48635297377444875,0.9705832291660051,0.40946809257845435,0.05883354166798971,0.0049495697021484375
00002_00017_00021_png.rf.d4e4ad4ccd7d778cda3fc4ac17f529c9.jpg,10,0.4868539869785309,0.9663461744785309,0.36884015798568726,0.06730765104293823,0.00461578369140625
00002_00017_00021_png.rf.d4e4ad4ccd7d778cda3fc4ac17f529c9.jpg,6,0.3677884638309479,0.7780949771404266,0.7043269276618958,0.44381004571914673,0.002788543701171875
00002_00018_00000_png.rf.608f86a34161113cb45149b33031cb4f.jpg,9,0.5373399117793417,0.5255343723060422,0.4835289071182913,0.5270953667938494,0.94677734375
00002_00018_00001_png.rf.75fb22aa5736d01cc75f5912c53053c1.jpg,9,0.5454573581410834,0.5177404890067814,0.5052987983650412,0.5715100928402144,0.9453125
00002_00021_00028_png.rf.b711e3eec093c14ad18a15ace24cc815.jpg,9,0.5088784849362039,0.5201244456750318,0.7809781145486163,0.7927357914282116,0.9609375
00002_00021_00028_png.rf.b711e3eec093c14ad18a15ace24cc815.jpg,5,0.7716346383094788,0.8656851053237915,0.4567307233810425,0.268629789352417,0.0022602081298828125
00002_00027_00010_png.rf.2e542ec2b9951cb11b3bddb90a4bcddb.jpg,9,0.5273514402596915,0.5649573848639299,0.587162868683528,0.5828903140788619,0.953857421875
00002_00027_00019_png.rf.b798b0fad245406428697baf06fd08aa.jpg,9,0.5063279054758498,0.5488526122059793,0.6984863642787617,0.6885304719726915,0.95654296875
00002_00029_00005_png.rf.eaf3386241d4b3d165ad5cfeed05f96e.jpg,9,0.5345395911001363,0.5198380382552465,0.6358550227712958,0.6370192617177963,0.957275390625
00002_00029_00005_png.rf.eaf3386241d4b3d165ad5cfeed05f96e.jpg,9,0.26442307233810425,0.7136418372392654,0.5288461446762085,0.5727163255214691,0.0018033981323242188
00002_00029_00021_png.rf.6e0a766751a8611b5eb9bf075a5843db.jpg,9,0.5019382038920708,0.5608715126514131,0.7329300883502027,0.7647626570889927,0.95751953125
00002_00029_00021_png.rf.6e0a766751a8611b5eb9bf075a5843db.jpg,13,0.6213942468166351,0.10118690505623817,0.00961536169052124,0.013221152126789093,0.005451202392578125
00002_00029_00021_png.rf.6e0a766751a8611b5eb9bf075a5843db.jpg,11,0.9591346383094788,0.9158653914928436,0.08173072338104248,0.16826921701431274,0.0035877227783203125
00002_00029_00021_png.rf.6e0a766751a8611b5eb9bf075a5843db.jpg,14,0.9477163553237915,0.9098558127880096,0.10456728935241699,0.17788463830947876,0.00206756591796875
00002_00029_00021_png.rf.6e0a766751a8611b5eb9bf075a5843db.jpg,1,0.1859600469470024,0.015268179588019848,0.09442608058452606,0.030536359176039696,0.0016298294067382812
00002_00031_00007_png.rf.2b1ddc8b14e995d413eafed07739926e.jpg,9,0.5467453837234528,0.543658360407912,0.6012712505686335,0.5773593858284873,0.953857421875
00002_00031_00028_png.rf.6f071d23e04f044981310d02000cc630.jpg,9,0.5252403952619384,0.5285527664741428,0.7055712470742883,0.7002474228891493,0.955078125
00002_00031_00028_png.rf.6f071d23e04f044981310d02000cc630.jpg,9,0.31520434987032786,0.7232572138309479,0.6280048534972593,0.5534855723381042,0.003131866455078125
00002_00031_00028_png.rf.6f071d23e04f044981310d02000cc630.jpg,0,0.2656250149011612,0.011850210838019848,0.16045674681663513,0.023700421676039696,0.0021915435791015625
00002_00033_00004_png.rf.aa287dc137abb93255fa4c9d696194f6.jpg,9,0.5253927813011243,0.5361843975861785,0.5262403514416732,0.5159811853559315,0.942138671875
00002_00037_00001_png.rf.8763a480932d750a7496967ab0999e74.jpg,9,0.47859326275645325,0.513886142335196,0.5290095485044272,0.5189938531997231,0.929443359375
00002_00048_00009_png.rf.bafb9b075eadadd9edfe89f23849a7e5.jpg,9,0.5591976414937192,0.5808089026252328,0.4994866591737703,0.5324519424182375,0.95458984375
00002_00048_00009_png.rf.bafb9b075eadadd9edfe89f23849a7e5.jpg,1,0.973557710647583,0.7729867994785309,0.05168271064758301,0.45402640104293823,0.0020999908447265625
00002_00048_00009_png.rf.bafb9b075eadadd9edfe89f23849a7e5.jpg,1,0.08330829441547394,0.01894906908273697,0.022085338830947876,0.03789813816547394,0.001636505126953125
00002_00049_00024_png.rf.d6d53dd4d97ad0df6b6357f012c469ed.jpg,9,0.5423800794932057,0.5139703358580188,0.7633192753039294,0.8152002802231938,0.951416015625
00002_00057_00021_png.rf.1ca1fbfd6dcae355f8469f0221f1d159.jpg,9,0.5186141814281588,0.5234375074505806,0.7398097648904784,0.7470629918158449,0.95654296875
00002_00060_00001_png.rf.5d26ce504b606a49ce1b84dfc60c16fe.jpg,9,0.518052614594779,0.5311199566489453,0.7602591249800262,0.7468158249652358,0.957763671875
00002_00060_00002_png.rf.c9453cdcd9cbf502cec8a641ce9206ea.jpg,9,0.5291413606316955,0.520439771780718,0.7711148773344998,0.7518629407517298,0.955810546875
00002_00062_00005_png.rf.e032b40ea2327e5c2522ded913581b61.jpg,9,0.5271897812153546,0.4951966157320498,0.6265377556246352,0.6442350944641589,0.95947265625
00002_00062_00005_png.rf.e032b40ea2327e5c2522ded913581b61.jpg,5,0.5060096411034465,0.09592848736792803,0.9519231263548136,0.18494591675698757,0.00312042236328125
00002_00062_00005_png.rf.e032b40ea2327e5c2522ded913581b61.jpg,9,0.4801682746037841,0.10051081847632304,0.9194711614400148,0.19861779070924968,0.0026721954345703125
00002_00062_00007_png.rf.bbbfeb397f679491ec7c5afad46b958b.jpg,9,0.5228252055480206,0.5080988232167026,0.6454667137217016,0.6478592419739859,0.957275390625
00002_00062_00007_png.rf.bbbfeb397f679491ec7c5afad46b958b.jpg,5,0.504807704128325,0.15625000465661287,0.9555288683623075,0.28996395133435726,0.0033588409423828125
00002_00065_00024_png.rf.c42fdae251687a0ea3eba77d62fd105f.jpg,9,0.4968588225889642,0.5373809333814071,0.7803209080599867,0.7954104028738643,0.961669921875
00002_00065_00024_png.rf.c42fdae251687a0ea3eba77d62fd105f.jpg,1,0.11808894202113152,0.029503457248210907,0.09585336595773697,0.059006914496421814,0.0019197463989257812
00003_00001_00000_png.rf.9ed87fda908a3a802ab6918948970e61.jpg,10,0.5052607654799947,0.5034197366349762,0.550664661389939,0.5609106513088673,0.927978515625
00003_00001_00005_png.rf.0c1e1a51e170ad308abedbe84f02c954.jpg,10,0.5289562426898584,0.5193211063197806,0.5640078602462314,0.5765760588635038,0.934814453125
00003_00005_00022_png.rf.ea4191f4b55acfb59bf2389f6d5c81a0.jpg,10,0.511983480969534,0.5213281885774733,0.6831621628287166,0.7049636685897105,0.923095703125
00003_00005_00022_png.rf.ea4191f4b55acfb59bf2389f6d5c81a0.jpg,14,0.24322133253466946,0.20727794323139334,0.4858731065757755,0.4145558864627867,0.04208564758300781
00003_00005_00022_png.rf.ea4191f4b55acfb59bf2389f6d5c81a0.jpg,14,0.8040865361690521,0.16887019574642181,0.39182692766189575,0.33774039149284363,0.0093231201171875
00003_00005_00022_png.rf.ea4191f4b55acfb59bf2389f6d5c81a0.jpg,14,0.7726863324642181,0.6829928010702133,0.45222359895706177,0.6340143978595734,0.006168365478515625
00003_00005_00022_png.rf.ea4191f4b55acfb59bf2389f6d5c81a0.jpg,14,0.2750901557155885,0.7088341414928436,0.5477764651877806,0.5823317170143127,0.004322052001953125
00003_00005_00022_png.rf.ea4191f4b55acfb59bf2389f6d5c81a0.jpg,14,0.8025841414928436,0.36117789149284363,0.39483171701431274,0.7223557829856873,0.002933502197265625
00003_00006_00004_png.rf.934b80a45c2f27e2f8053eb0597e14b7.jpg,10,0.5099201358542704,0.5207204570632955,0.7091516286992903,0.7181235949718515,0.9326171875
00003_00006_00004_png.rf.934b80a45c2f27e2f8053eb0597e14b7.jpg,5,0.1416766861366341,0.9200721383094788,0.2827524107124191,0.15985572338104248,0.009307861328125
00003_00006_00022_png.rf.256efc029550f2940ca77830d7aa592a.jpg,10,0.49429458661854847,0.49549651064703987,0.7433968540823576,0.7889809961907509,0.930419921875
00003_00008_00014_png.rf.bc438c08293706efb7e21473f833f347.jpg,10,0.5160707677203107,0.5057191040349269,0.6722119788683782,0.6953191615629372,0.92919921875
00003_00008_00025_png.rf.b1a1fa00721f04de200e73e4f1d406c5.jpg,10,0.5155898950574376,0.505118722735442,0.8083143765532376,0.7806841764800987,0.9189453125
00003_00010_00005_png.rf.c28982830ad4bbb1e85c775fd4fd74ab.jpg,10,0.5213089509309905,0.49986194978251697,0.5216780685663975,0.5465293727211897,0.9287109375
00003_00010_00014_png.rf.b45d97663ce35d1dfae8d929214f77df.jpg,10,0.49488172146009385,0.5042134956085798,0.6509021099381486,0.6364115339427306,0.934814453125
00003_00010_00019_png.rf.8e7af71bda1f7de88bc25e3f61a3872c.jpg,10,0.5117464870801893,0.4989714194769615,0.70192309461348,0.716692838953923,0.928955078125
00003_00010_00019_png.rf.8e7af71bda1f7de88bc25e3f61a3872c.jpg,0,0.6777344048023224,0.9819711744785309,0.34645432233810425,0.03605765104293823,0.0018825531005859375
00003_00012_00019_png.rf.4ada5352563505194f6673d0f4e5801c.jpg,10,0.5140332807159085,0.5132127763888698,0.7352386604777367,0.7530300464826031,0.925537109375
00003_00012_00019_png.rf.4ada5352563505194f6673d0f4e5801c.jpg,1,0.18870193511247635,0.35667069256305695,0.026442304253578186,0.06430289149284363,0.0017900466918945312
00003_00012_00029_png.rf.2ea12a5b8b7584c163b616b486ad7f0f.jpg,10,0.5163256271835441,0.5159517353982264,0.8262202346607999,0.7877931665598509,0.920166015625
00003_00012_00029_png.rf.2ea12a5b8b7584c163b616b486ad7f0f.jpg,1,0.8894231021404266,0.018451398238539696,0.03605765104293823,0.03690279647707939,0.0030956268310546875
00003_00012_00029_png.rf.2ea12a5b8b7584c163b616b486ad7f0f.jpg,1,0.5561899244785309,0.017437275499105453,0.019831717014312744,0.03487455099821091,0.0021915435791015625
00003_00013_00012_png.rf.9f4054c3d3f2b40ddede90c45488de0c.jpg,10,0.5274638399321462,0.5230089155680956,0.581402138364312,0.6204727102541229,0.930419921875
00003_00013_00014_png.rf.9ff8cb79d782ed1d941f680d39b47778.jpg,10,0.5194458658655495,0.49117703407340757,0.602285844344558,0.6547039905865967,0.923095703125
00003_00017_00005_png.rf.8b51eeea8ed4ab5ea5dad2a8f04ab9f0.jpg,10,0.5397074667301653,0.5060159211780659,0.6297951598115697,0.6333632302172073,0.93408203125
00003_00017_00016_png.rf.db4aa89aae2c148c876478f7395a022d.jpg,10,0.49880329657190425,0.530659477121488,0.7608589934929324,0.7379912164875425,0.929443359375
00003_00017_00016_png.rf.db4aa89aae2c148c876478f7395a022d.jpg,11,0.24819712340831757,0.6875,0.49639424681663513,0.625,0.0015554428100585938
00003_00018_00028_png.rf.179f37d955eda91d6686773dfedb9c9a.jpg,10,0.4956460061430055,0.5138268690078285,0.770171272143921,0.7896729550299698,0.930419921875
00003_00018_00028_png.rf.179f37d955eda91d6686773dfedb9c9a.jpg,1,0.9663461744785309,0.019273024197900668,0.06610578298568726,0.037475585646461695,0.00577545166015625
00003_00018_00028_png.rf.179f37d955eda91d6686773dfedb9c9a.jpg,1,0.967548131942749,0.009089543484151363,0.0625,0.018179086968302727,0.0016622543334960938
00003_00021_00005_png.rf.287ee836bcf546b036a09963d6a2b7b3.jpg,10,0.5290195352515386,0.5091985282907905,0.5134037221097492,0.5098083238784038,0.9208984375
00003_00021_00016_png.rf.5c5d67a5464d3c8b438b2f4afb5cb50c.jpg,10,0.5267458023844305,0.5256896286843394,0.6351744576186863,0.597016389481235,0.93115234375
00003_00022_00017_png.rf.72237bd37718f6617168aea46911de7e.jpg,10,0.5156515873478431,0.5100711072569615,0.6195050287442773,0.6270602065991414,0.927734375
00003_00022_00028_png.rf.279bbf36c217edc1467ef0d3ad614fe9.jpg,10,0.5036406697615299,0.5147235692268104,0.7529990208109999,0.7704385240366256,0.933837890625
00003_00023_00020_png.rf.97eecd71bf949e1de4c632665440355c.jpg,10,0.5045389573370127,0.5229977774435012,0.744566974033696,0.7508697431882951,0.931884765625
00003_00023_00020_png.rf.97eecd71bf949e1de4c632665440355c.jpg,10,0.2475961595773697,0.7007211595773697,0.4951923191547394,0.5985576808452606,0.0067138671875
00003_00023_00020_png.rf.97eecd71bf949e1de4c632665440355c.jpg,9,0.26577526330947876,0.7070312649011612,0.5315505266189575,0.5859374701976776,0.0057525634765625
00003_00023_00020_png.rf.97eecd71bf949e1de4c632665440355c.jpg,11,0.302734375,0.7196514457464218,0.60546875,0.5606971085071564,0.002933502197265625
00003_00023_00020_png.rf.97eecd71bf949e1de4c632665440355c.jpg,11,0.21168871223926544,0.8804086744785309,0.4233774244785309,0.23798078298568726,0.002777099609375
00003_00023_00020_png.rf.97eecd71bf949e1de4c632665440355c.jpg,5,0.7388822138309479,0.8046875,0.5222355723381042,0.390625,0.0024623870849609375
00003_00023_00020_png.rf.97eecd71bf949e1de4c632665440355c.jpg,5,0.5727163702249527,0.7645733654499054,0.8449519574642181,0.40114182233810425,0.0017690658569335938
00003_00028_00007_png.rf.8207c89bad9f7e0d066c7c03da570439.jpg,10,0.5324901768308731,0.4858990535664589,0.6199860999178545,0.5720829763033244,0.936279296875
00003_00028_00008_png.rf.ce6054a0b8c643ccd050227e8ae86c4b.jpg,10,0.5429137898073574,0.5494626882344477,0.5962100343836921,0.5644481517051767,0.929931640625
00003_00028_00014_png.rf.5b49845bc97aba9a158163dec51c427a.jpg,10,0.5261546485831121,0.5593343022270628,0.6387282971657037,0.644347855897638,0.9287109375
00003_00030_00021_png.rf.8c5ff79679325b3e5d05f86658aabce8.jpg,10,0.5082135315448391,0.5236090644685348,0.7838833390171601,0.7677236609239162,0.9296875
00003_00030_00021_png.rf.8c5ff79679325b3e5d05f86658aabce8.jpg,10,0.9056721267811634,0.44753356228272123,0.18865574643767336,0.4581844859934088,0.0038766860961914062
00003_00030_00021_png.rf.8c5ff79679325b3e5d05f86658aabce8.jpg,14,0.5618990585207939,0.05863131210207939,0.8509615808725357,0.11726262420415878,0.0032558441162109375
00003_00030_00021_png.rf.8c5ff79679325b3e5d05f86658aabce8.jpg,1,0.6308594048023224,0.043719952504034154,0.6685697436332703,0.08698918382287957,0.0018825531005859375
00003_00031_00013_png.rf.4733a9e4d58808f8c35303ae7284eeb7.jpg,10,0.518917602724724,0.5450382458323286,0.6634785197655775,0.680203762440395,0.93505859375
00003_00031_00013_png.rf.4733a9e4d58808f8c35303ae7284eeb7.jpg,1,0.35036058723926544,0.016470102593302727,0.025240391492843628,0.032940205186605453,0.0017414093017578125
00003_00031_00013_png.rf.4733a9e4d58808f8c35303ae7284eeb7.jpg,1,0.3365384638309479,0.01675180345773697,0.03245192766189575,0.03350360691547394,0.00152587890625
00003_00034_00002_png.rf.dcdeec740ea7f3799d5800dbadcf85b7.jpg,10,0.5258260599648121,0.527118410725418,0.5385533664098263,0.5616773974649525,0.934814453125
00003_00034_00019_png.rf.0de3d19e5692bce58ecddbf047332432.jpg,10,0.5054190904723809,0.519963763930107,0.7114551674903316,0.735882639990603,0.9296875
00003_00034_00026_png.rf.52c367d3b30c37774b24845872eaf9f1.jpg,10,0.5001353637716285,0.5171505925218722,0.769541195196729,0.8035054743586877,0.93115234375
00003_00035_00020_png.rf.0fbe31b3b39556f7dbdd6c492a67d31c.jpg,10,0.4699392842267173,0.5294281431386005,0.7031250300377277,0.7121331134537385,0.92724609375
00003_00035_00024_png.rf.bb232297191447d6ef46628ab901b5ee.jpg,10,0.5236248019648161,0.5061129441846277,0.7585509819663026,0.7539309598624011,0.9208984375
00003_00035_00024_png.rf.bb232297191447d6ef46628ab901b5ee.jpg,5,0.6213942617177963,0.9519231021404266,0.7548077404499054,0.09615379571914673,0.0038776397705078125
00003_00035_00027_png.rf.e7a890e41b9463dc363fd277f4bf097c.jpg,10,0.46503239520721096,0.5267226073901727,0.7647437997871454,0.7745990403018147,0.926025390625
00003_00036_00004_png.rf.56cba09f9f7eb88f7b6536c58b008bf7.jpg,10,0.5301627232589436,0.4908391555370259,0.5010121973628456,0.4979087938520018,0.9208984375
00003_00037_00023_png.rf.8d681fb18eb715ff4f3dc46fe6e29053.jpg,10,0.49428731778805907,0.5233104466331806,0.7836966262799007,0.8236285237219965,0.926513671875
00003_00037_00023_png.rf.8d681fb18eb715ff4f3dc46fe6e29053.jpg,9,0.7803485691547394,0.7549579441547394,0.43930286169052124,0.49008411169052124,0.00582122802734375
00003_00038_00016_png.rf.9b8614e4a9dac36a613705224fb26166.jpg,10,0.5332251867694036,0.5116035468153326,0.6577135184977088,0.6757371861944641,0.933349609375
00003_00038_00016_png.rf.9b8614e4a9dac36a613705224fb26166.jpg,1,0.7008714079856873,0.9771634936332703,0.5982571840286255,0.04567301273345947,0.0016431808471679688
00003_00040_00007_png.rf.8d2e5b040a703955ee06dc5308ed92f5.jpg,10,0.5047710152793693,0.4999252392412865,0.5445061772381334,0.5456689823435865,0.908935546875
00003_00040_00029_png.rf.8756d0c519b7d7285532e9231628c3be.jpg,10,0.516804097053116,0.5169904988451832,0.6773217499507896,0.6816652161251151,0.9248046875
00003_00042_00026_png.rf.764f9b67eae13c366b8ec322311c11d7.jpg,10,0.53406541991102,0.5058463319994827,0.7081861906989491,0.7141853556578381,0.92724609375
00003_00043_00025_png.rf.8125ce506ae33530b205dd082bce1800.jpg,10,0.49251717280665297,0.5219314583137357,0.6832349310056516,0.6717874721203756,0.92529296875
00003_00044_00004_png.rf.5c7867c6d2ff799a45687ff6cb5abf3f.jpg,10,0.5167702686272329,0.5054173040494141,0.5205854779043294,0.5082976125011122,0.92236328125
00003_00044_00004_png.rf.5c7867c6d2ff799a45687ff6cb5abf3f.jpg,1,0.9765625298023224,0.575420692563057,0.046874940395355225,0.5847356021404266,0.0018253326416015625
00003_00044_00011_png.rf.30ce8436a483288f93160f1ad678d43e.jpg,10,0.5504670463572475,0.5383190139038186,0.571528713842669,0.5729794808533997,0.9345703125
00003_00044_00012_png.rf.b3b50faa0f7bfe1d5e9051e3f63f4616.jpg,10,0.5357814269592385,0.5166922673099834,0.6255802267998706,0.6390984331308298,0.93359375
00003_00045_00007_png.rf.21c04f5100d639bb7e0a0818432e8946.jpg,10,0.5142216844528501,0.484723402763008,0.5964034278133628,0.6015050636708098,0.934326171875
00003_00045_00007_png.rf.21c04f5100d639bb7e0a0818432e8946.jpg,1,0.030141977593302727,0.33713942766189575,0.060283955186605453,0.6742788553237915,0.002979278564453125
00003_00045_00007_png.rf.21c04f5100d639bb7e0a0818432e8946.jpg,1,0.04146634787321091,0.45733174454653636,0.08293269574642181,0.9122596428496763,0.00165557861328125
00003_00045_00010_png.rf.2e43861bfe4173b95baf7dc50d342195.jpg,10,0.5354302616913071,0.5364118865852372,0.608635018858179,0.6062098222218868,0.9306640625
00003_00045_00023_png.rf.00e371c5ff30f5a41eb54a54f93b9133.jpg,10,0.5186298267260974,0.5009160772324353,0.7751235042421735,0.8010915110747516,0.918701171875
00003_00046_00012_png.rf.d370d6be4e7c3f714005f47147137d7c.jpg,10,0.5178640288690355,0.49476592544545683,0.615558632896837,0.6654514237928466,0.927490234375
00003_00046_00015_png.rf.ea1b6ec52a5ecf660e1fd090cf2cf017.jpg,10,0.5164720032743187,0.5450721419733793,0.6574321582254676,0.6838150420427135,0.933349609375
00003_00046_00019_png.rf.288895bbd27718d25e2a21ac3cb01fc5.jpg,10,0.511543947035143,0.5348482197282448,0.7111510269003948,0.7571964394564896,0.93115234375
000044_jpg.rf.20e3e55d0fc80a8a786d2ab7bbca7ef5.jpg,7,0.38985086569147764,0.4309935121529955,0.3825825262431275,0.7412799197227592,0.9296875
000047_jpg.rf.3da4d486d7b29ef66899b32813c47247.jpg,7,0.5690662656955724,0.5003016470441579,0.6233065551700754,0.9981902282863281,0.954833984375
000047_jpg.rf.3da4d486d7b29ef66899b32813c47247.jpg,4,0.5907452255487442,0.6864483207464218,0.5612981021404266,0.6271033585071564,0.0032196044921875
00004_00001_00003_png.rf.7b725e8e9c1d1cf38d34956d1c018698.jpg,11,0.5208930299822786,0.5261403720913576,0.6926185272138866,0.6947292900028419,0.944091796875
00004_00002_00011_png.rf.25821bc19233fecf56cc9accd1e443a5.jpg,11,0.5354399559628711,0.5145544142634495,0.6586258755577222,0.6529461143163126,0.94287109375
00004_00002_00022_png.rf.6e9d8becdbd4b8c9ce6bd313669a42b0.jpg,11,0.523139429360375,0.5067284875421191,0.7860577105287417,0.7881395235400842,0.948974609375
00004_00002_00022_png.rf.6e9d8becdbd4b8c9ce6bd313669a42b0.jpg,1,0.41085282359291797,0.06455065091595309,0.02429341875593022,0.0639143247114306,0.010898590087890625
00004_00002_00022_png.rf.6e9d8becdbd4b8c9ce6bd313669a42b0.jpg,1,0.645432710647583,0.9092548489570618,0.02403843402862549,0.025240421295166016,0.00510406494140625
00004_00002_00022_png.rf.6e9d8becdbd4b8c9ce6bd313669a42b0.jpg,1,0.4212740510702133,0.06648137234151363,0.04086539149284363,0.06865986064076424,0.0044403076171875
00004_00002_00022_png.rf.6e9d8becdbd4b8c9ce6bd313669a42b0.jpg,1,0.6586538851261139,0.908052921295166,0.03245192766189575,0.02283656597137451,0.0021152496337890625
00004_00002_00022_png.rf.6e9d8becdbd4b8c9ce6bd313669a42b0.jpg,1,0.6436298191547394,0.9200721681118011,0.02163463830947876,0.04567307233810425,0.0020503997802734375
00004_00002_00022_png.rf.6e9d8becdbd4b8c9ce6bd313669a42b0.jpg,1,0.6491887271404266,0.9134615659713745,0.07662254571914673,0.028846144676208496,0.0017557144165039062
00004_00003_00027_png.rf.2e091c6dd85c5b454c15803ecd89dbe0.jpg,11,0.5160920673123562,0.5157589411117106,0.7888125034606785,0.8013792799847693,0.939453125
00004_00005_00020_png.rf.99f078a477ad303400db1b5f9055a783.jpg,11,0.47880900812434635,0.5309439710888864,0.7370812247043292,0.7409868480379529,0.94775390625
00004_00005_00020_png.rf.99f078a477ad303400db1b5f9055a783.jpg,1,0.11890014159026627,0.14272026077589423,0.15135754216427943,0.2780401409765475,0.0051593780517578125
00004_00005_00020_png.rf.99f078a477ad303400db1b5f9055a783.jpg,1,0.9819711744785309,0.008563702649553306,0.03605765104293823,0.016338643239578232,0.0022335052490234375
00004_00005_00020_png.rf.99f078a477ad303400db1b5f9055a783.jpg,1,0.10727163963019848,0.2651742927264422,0.17307693138718605,0.5231370464898646,0.001728057861328125
00004_00006_00004_png.rf.ed2da1afd871c5e02698621ef8f2b1a7.jpg,11,0.5341030682447467,0.5559331891580442,0.5700029584710773,0.5696119932634398,0.945068359375
00004_00006_00004_png.rf.ed2da1afd871c5e02698621ef8f2b1a7.jpg,9,0.5285392047820121,0.9489021674270807,0.5766573936430086,0.10219566514583867,0.04694366455078125
00004_00006_00004_png.rf.ed2da1afd871c5e02698621ef8f2b1a7.jpg,7,0.5366586744785309,0.9465144276618958,0.5865384936332703,0.1069711446762085,0.033660888671875
00004_00006_00004_png.rf.ed2da1afd871c5e02698621ef8f2b1a7.jpg,5,0.5273437649011612,0.9495192468166351,0.5330528914928436,0.10096150636672974,0.0067138671875
00004_00007_00005_png.rf.e9f4d8577e3326a259ba0cf498487a86.jpg,11,0.5138699954780717,0.5265832655093052,0.5269528844090455,0.5249266356043711,0.9384765625
00004_00007_00019_png.rf.1f467b1dc5421ed245ea1afe63b8eadb.jpg,11,0.5210385864329196,0.5449188932993139,0.6117712161705668,0.6222896844582012,0.940185546875
00004_00009_00006_png.rf.c5f118e8cdbaff0966fc3fed1d9011c4.jpg,11,0.5160076636074422,0.5503270225885447,0.5653405153754476,0.5627849963820892,0.93798828125
00004_00010_00009_png.rf.f92a420ca856ad882526c659d8279110.jpg,11,0.5158120735621415,0.5088640382222457,0.6120013357538847,0.6054622008661935,0.94091796875
00004_00010_00009_png.rf.f92a420ca856ad882526c659d8279110.jpg,1,0.6033653914928436,0.7115384936332703,0.014423072338104248,0.033653855323791504,0.001995086669921875
00004_00012_00001_png.rf.ab3cd39cc76f70b5cf8a7284bc5a50bb.jpg,11,0.5252443557153553,0.5355738732908975,0.5787048760792897,0.5910960646399595,0.945556640625
00004_00017_00006_png.rf.b8e67c538a069566238d9fb824da0119.jpg,11,0.5669239138518261,0.5299364340960282,0.5741046360317226,0.5525562143101028,0.938720703125
00004_00017_00008_png.rf.56e9079ebf0bcdafe18c38a0ffad8546.jpg,11,0.5558898332632896,0.5334592271543888,0.5962093561903239,0.5545070733694873,0.93896484375
00004_00018_00007_png.rf.baa3ce2259b88b7bb8f7e787470833a7.jpg,11,0.5423643082426584,0.4893358610483639,0.7067214637925333,0.6871843650462619,0.943115234375
00004_00018_00007_png.rf.baa3ce2259b88b7bb8f7e787470833a7.jpg,9,0.6346153914928436,0.7462439984083176,0.7307692170143127,0.5075120031833649,0.005889892578125
00004_00020_00013_png.rf.51cae997b14fbcdb99df8678aa0971f2.jpg,11,0.5278750442445648,0.5190876225867763,0.5650410813025453,0.5886125254891197,0.9453125
00004_00020_00013_png.rf.51cae997b14fbcdb99df8678aa0971f2.jpg,5,0.14483174111228436,0.8100961744785309,0.28756011673249304,0.37980765104293823,0.002452850341796875
00004_00020_00025_png.rf.b9a631f815ef28fe0dc578ced6040ddc.jpg,11,0.5354548832319642,0.5174241717740824,0.6322140482648366,0.6382211744630972,0.94287109375
00004_00022_00001_png.rf.0016065be6c29d3cda0a166606e9876b.jpg,11,0.5290406681461486,0.49564727287563043,0.5380613164300412,0.5398879411752989,0.93798828125
00004_00022_00001_png.rf.0016065be6c29d3cda0a166606e9876b.jpg,14,0.02386944182217121,0.7962740361690521,0.04773888364434242,0.40745192766189575,0.0026302337646484375
00004_00022_00011_png.rf.b01709656ae6b82ba3aa54b30bfb7ed3.jpg,11,0.517320683405434,0.4903775416169498,0.5963480442886196,0.5901219535767026,0.940185546875
00004_00027_00008_png.rf.e96cf71c48a64a96521a7196b8833bb5.jpg,11,0.5442070236151335,0.5055594608898727,0.5498202485863227,0.5669755909081811,0.94140625
00004_00031_00016_png.rf.277579adb28552506e9079d544150dcd.jpg,11,0.5208098874960467,0.507551833389398,0.563556735397507,0.5648261394314721,0.93408203125
00004_00031_00027_png.rf.c3258ead2ad5fd6d61e71052c15139b4.jpg,11,0.5048104969222745,0.523591244298857,0.6772901782735197,0.7136404478329826,0.9453125
00004_00032_00016_png.rf.7e862722fbecd57018664c47c3592b41.jpg,11,0.5153270897505848,0.5156335585996535,0.6851064164816701,0.6814801420603176,0.944091796875
00004_00034_00009_png.rf.dbc730c2a7f5badb19b9ba2f65a0c7f0.jpg,11,0.5423682764338853,0.5057089149897791,0.5588965714983343,0.591951334666748,0.940673828125
00004_00034_00009_png.rf.dbc730c2a7f5badb19b9ba2f65a0c7f0.jpg,1,0.046048677890212275,0.04661208190736943,0.09149639421957545,0.09307392342452658,0.0015735626220703125
00004_00036_00006_png.rf.bb9c39f8275d860fc51fadc5f693e633.jpg,11,0.510967567563057,0.518780056387186,0.6120793521404266,0.6102764531970024,0.94482421875
00004_00036_00006_png.rf.bb9c39f8275d860fc51fadc5f693e633.jpg,14,0.9735577404499054,0.8269231021404266,0.050480782985687256,0.34615379571914673,0.002216339111328125
00004_00036_00013_png.rf.78743043707fe91f1cb89a6b93142b7c.jpg,11,0.5228331586743933,0.49715653745413324,0.673083801860503,0.685412006004799,0.9462890625
00004_00036_00027_png.rf.18f4dc5c0e4c411d61b6113cf2d5a166.jpg,11,0.5081125368352658,0.5057083798242817,0.7908685052069863,0.8179077545157921,0.94921875
00004_00037_00006_png.rf.859172c0751de35fe695683661bc5f5c.jpg,11,0.546453323786954,0.4940026017388131,0.5464930766605767,0.5726958955922271,0.940185546875
00004_00037_00006_png.rf.859172c0751de35fe695683661bc5f5c.jpg,1,0.1972656324505806,0.01693960465490818,0.023737981915473938,0.03387920930981636,0.0100860595703125
00004_00037_00006_png.rf.859172c0751de35fe695683661bc5f5c.jpg,1,0.18179087340831757,0.0172119140625,0.041466355323791504,0.034423828125,0.00418853759765625
00004_00037_00010_png.rf.2d548b82f656367528a9b69d5b6b82cf.jpg,11,0.544770405185566,0.49508128501378196,0.5991636716915836,0.6048018917147521,0.94091796875
00004_00037_00010_png.rf.2d548b82f656367528a9b69d5b6b82cf.jpg,1,0.21304087340831757,0.02768179215490818,0.04116585850715637,0.05536358430981636,0.00333404541015625
00004_00037_00010_png.rf.2d548b82f656367528a9b69d5b6b82cf.jpg,1,0.1981670781970024,0.026385968551039696,0.06280048191547394,0.05277193710207939,0.0030841827392578125
00004_00037_00019_png.rf.075b9e62e480ce017c3b8e0284435ba6.jpg,11,0.5078125074505806,0.49383819487000585,0.6754860329055135,0.69142603029897,0.947509765625
00004_00038_00009_png.rf.7c89ed5f7a3cacf3be0eba60e006f66d.jpg,11,0.5324894127516407,0.5170918796342687,0.5155472672626302,0.530720096055254,0.935791015625
00004_00038_00015_png.rf.fa07f671f1547c2d5553bc88cbc68eac.jpg,11,0.5435663308321459,0.48017643770295915,0.5402929986376699,0.5829381471257642,0.944580078125
00004_00038_00020_png.rf.e3dac76ad990b48503995b5e1c9da8e5.jpg,11,0.5270362859136657,0.532595532383449,0.6460294561204845,0.6944187618300747,0.944091796875
00004_00038_00020_png.rf.e3dac76ad990b48503995b5e1c9da8e5.jpg,1,0.864182710647583,0.04447115585207939,0.03605771064758301,0.08894231170415878,0.003269195556640625
00004_00040_00006_png.rf.0df4700578f74f73aa0d5aa6e6818e8d.jpg,11,0.5504429300948082,0.5264416983145666,0.5036770907049084,0.5174244507812293,0.93408203125
00004_00040_00017_png.rf.f3406cb8a1c43a4d3ed5fa37af0b389f.jpg,11,0.5654959379892631,0.5264364021091625,0.5715173880748561,0.61422414886834,0.941650390625
00004_00040_00018_png.rf.79323a962d316e1b7a085819f450ed9d.jpg,11,0.5596528175044152,0.5288088206593164,0.5760101984910928,0.6154920829525254,0.941162109375
00004_00040_00021_png.rf.fc113b962d26c47d3dc5df9304970723.jpg,11,0.49879896015883973,0.5216329371526309,0.6069694882440271,0.6406250447034836,0.944580078125
00004_00040_00021_png.rf.fc113b962d26c47d3dc5df9304970723.jpg,9,0.6950120329856873,0.5486779101192951,0.6099759340286255,0.8978365883231163,0.001537322998046875
00004_00042_00011_png.rf.c403db526195c4c2ded00bc82c875655.jpg,11,0.5187450222732862,0.54086167342899,0.6145504926683003,0.6466234319406674,0.94140625
00004_00042_00011_png.rf.c403db526195c4c2ded00bc82c875655.jpg,7,0.5658388347271102,0.9460011586059927,0.572737012587365,0.1079976827880148,0.06122398376464844
00004_00042_00011_png.rf.c403db526195c4c2ded00bc82c875655.jpg,6,0.5407705472680038,0.945709581495787,0.6251469546904612,0.10858083700842591,0.012964248657226562
00004_00042_00011_png.rf.c403db526195c4c2ded00bc82c875655.jpg,5,0.5667818784713745,0.9459134638309479,0.5599459409713745,0.10817307233810425,0.0099334716796875
00004_00042_00011_png.rf.c403db526195c4c2ded00bc82c875655.jpg,11,0.5648287385702133,0.9447115659713745,0.5602463781833649,0.11057686805725098,0.00899505615234375
00004_00042_00022_png.rf.57fc6d356c7942d39777605ee8ef8b6a.jpg,11,0.4972821676576312,0.542082775722328,0.7541951647252956,0.7806451952443634,0.949462890625
00004_00042_00022_png.rf.57fc6d356c7942d39777605ee8ef8b6a.jpg,14,0.5883413702249527,0.9822716414928436,0.5564903914928436,0.035456717014312744,0.004669189453125
00004_00043_00017_png.rf.8576320ec474292e4d12ecb40e479a7e.jpg,11,0.5261471757367234,0.5093024555373917,0.7024991131879349,0.7145254829093618,0.947509765625
00004_00043_00028_png.rf.0f8a94b02eeeb2bcd58b633c57c305a1.jpg,11,0.5061462240098442,0.5162028906917511,0.8122268285992691,0.8137145484018141,0.943603515625
00004_00043_00028_png.rf.0f8a94b02eeeb2bcd58b633c57c305a1.jpg,0,0.16617069731446077,0.012970828332387618,0.0700551897461397,0.025941656664775235,0.02613067626953125
00004_00043_00028_png.rf.0f8a94b02eeeb2bcd58b633c57c305a1.jpg,1,0.16932092607021332,0.015437199879670516,0.06700721383094788,0.03053635888500139,0.0018320083618164062
00004_00045_00020_png.rf.fe4cc87adb689ee9cf551c0263265443.jpg,11,0.5172790168874095,0.5288446060029235,0.7004202957766821,0.698321983608195,0.942138671875
00004_00045_00020_png.rf.fe4cc87adb689ee9cf551c0263265443.jpg,1,0.24744592607021332,0.8263221383094788,0.017728358507156372,0.044471144676208496,0.0027446746826171875
00004_00045_00020_png.rf.fe4cc87adb689ee9cf551c0263265443.jpg,1,0.027794471476227045,0.01286433357745409,0.04221754800528288,0.02572866715490818,0.001636505126953125
00004_00045_00021_png.rf.70e25231968f91d6246de485d6d019dc.jpg,11,0.5267494059222473,0.524500422337689,0.7217627449771802,0.7184402861928398,0.944091796875
00004_00045_00021_png.rf.70e25231968f91d6246de485d6d019dc.jpg,1,0.8930288553237915,0.015127329155802727,0.028846144676208496,0.030254658311605453,0.02679443359375
00004_00045_00021_png.rf.70e25231968f91d6246de485d6d019dc.jpg,1,0.8822115659713745,0.014901968650519848,0.021634578704833984,0.029803937301039696,0.026214599609375
00004_00045_00021_png.rf.70e25231968f91d6246de485d6d019dc.jpg,1,0.8930288851261139,0.015859751030802727,0.05649036169052124,0.031719502061605453,0.0016689300537109375
00004_00046_00023_png.rf.0b32f721688e82fcf824071c45152147.jpg,11,0.5282452068972908,0.5261297485472372,0.7613577909717624,0.7637898794956656,0.94580078125
00004_00046_00023_png.rf.0b32f721688e82fcf824071c45152147.jpg,1,0.015764278583439782,0.028663229852036638,0.02713111013260348,0.05728743649754486,0.006855010986328125
00004_00048_00027_png.rf.64eabc2b921a3e805278cce486f9416e.jpg,11,0.5063131493676756,0.5128994409625287,0.7698378349044033,0.7794167894592987,0.942138671875
00004_00049_00019_png.rf.bdf40d4ddc1d2c2815c0500456553572.jpg,11,0.5181813205566055,0.5228365584475032,0.6433456090488429,0.6430466049675061,0.943115234375
00004_00051_00023_png.rf.dde86b9f99927dfe07d283b4a78b05b4.jpg,11,0.5234290899670657,0.5172702899844546,0.7980685270074838,0.7959293465596056,0.940185546875
00004_00052_00013_png.rf.f59d46c5c83b32b25ea452ccd41d6a67.jpg,11,0.5263689236014222,0.4822699351724509,0.5854730521643059,0.6135611444611028,0.939697265625
00004_00052_00013_png.rf.f59d46c5c83b32b25ea452ccd41d6a67.jpg,1,0.20192307978868484,0.014958309009671211,0.02884615957736969,0.029916618019342422,0.00551605224609375
00004_00052_00013_png.rf.f59d46c5c83b32b25ea452ccd41d6a67.jpg,1,0.17998798936605453,0.0166015625,0.028245195746421814,0.033203125,0.0032939910888671875
00004_00052_00013_png.rf.f59d46c5c83b32b25ea452ccd41d6a67.jpg,1,0.1684194803237915,0.01742788590490818,0.029146641492843628,0.03485577180981636,0.0023956298828125
00004_00059_00015_png.rf.eabd0acc596d06455c79486b3d3cb57d.jpg,11,0.5048075515522613,0.49714630613375105,0.6586529305695932,0.6697727439784461,0.9443359375
00004_00060_00008_png.rf.f3ad27b4d05355b22056c389122a9ac6.jpg,11,0.4965442850554426,0.5055585564991731,0.6000597147870937,0.5934480489315167,0.939208984375
00004_00060_00019_png.rf.db5c6fc5db3eaa43c08496dd225a7393.jpg,11,0.514572682275038,0.527644557794038,0.6769837665758343,0.6730775496167014,0.943603515625
00004_00061_00010_png.rf.4d35a113f2b70c2d0e82add786cef442.jpg,11,0.524757215466896,0.5198350070047767,0.5989350826895474,0.5997531179331957,0.945068359375
00004_00061_00013_png.rf.c34fb537a9a7faeb1a32512065323deb.jpg,11,0.5159244115115503,0.5085642624096666,0.631000955707333,0.6403191213345134,0.9462890625
00004_00061_00021_png.rf.9cb0d56d97d26768b1e2a21c7e25b32e.jpg,11,0.5183333052361223,0.5202831254101926,0.6598768932526037,0.6865814157251606,0.945556640625
000054_jpg.rf.ebe63c651dd9d1143e798d62488e1226.jpg,7,0.15469270151951453,0.15713164309909855,0.18851454330295542,0.2611607111596169,0.9365234375
000054_jpg.rf.ebe63c651dd9d1143e798d62488e1226.jpg,3,0.7037259936332703,0.4819711744785309,0.049278855323791504,0.08173078298568726,0.002124786376953125
000056_jpg.rf.1a02a221cd346c0662c7fed02b958ad4.jpg,7,0.7740384783861318,0.611639109116297,0.20438276982783754,0.28753919032911246,0.904296875
000056_jpg.rf.1a02a221cd346c0662c7fed02b958ad4.jpg,12,0.7704327404499054,0.6123798340559006,0.20432692766189575,0.2920673191547394,0.033660888671875
000056_jpg.rf.1a02a221cd346c0662c7fed02b958ad4.jpg,8,0.7367788851261139,0.3891226053237915,0.21995192766189575,0.3149038553237915,0.0020904541015625
000058_jpg.rf.c4c6678dfa93ff09c11d7e99ef920eaf.jpg,7,0.3038078345371985,0.3641594990407715,0.5009130687844003,0.701946338594905,0.935302734375
000058_jpg.rf.c4c6678dfa93ff09c11d7e99ef920eaf.jpg,1,0.25901442766189575,0.049053486436605453,0.11598557233810425,0.09810697287321091,0.00272369384765625
000058_jpg.rf.c4c6678dfa93ff09c11d7e99ef920eaf.jpg,8,0.8894231021404266,0.46995194256305695,0.055288493633270264,0.08293268084526062,0.002490997314453125
000059_jpg.rf.b190180521e9edd87152a789fadf42d9.jpg,7,0.3234746339796711,0.3861199256640916,0.45137873265652495,0.5835520675701193,0.93310546875
00005_00002_00021_png.rf.ef7b02f4e69fe9c5c466cd482d3f5d91.jpg,12,0.5593719338029274,0.5468999123893141,0.6378418737850204,0.6766495389005548,0.937255859375
00005_00003_00016_png.rf.234d1e0d2cfd4ea5a3a198c302331533.jpg,12,0.5423883301131145,0.542530578482441,0.621312220165033,0.6655261607622869,0.933349609375
00005_00004_00017_png.rf.f8a7516372bd74e685d9f470bd6a252e.jpg,12,0.5135281404180283,0.5474815497666643,0.733749933433453,0.6977145218712671,0.94873046875
00005_00005_00021_png.rf.51ba812ddc4274b6bcc67a6dc5f8701c.jpg,12,0.543870210647583,0.5251028939226771,0.6766670401435166,0.6583553396233368,0.936279296875
00005_00008_00014_png.rf.d0527a630b3993dd028cac78caacf20a.jpg,12,0.5393623850360659,0.5048188530599592,0.6694835739412731,0.6886969813093398,0.94775390625
00005_00008_00014_png.rf.d0527a630b3993dd028cac78caacf20a.jpg,9,0.8281250298023224,0.04927884787321091,0.02884620428085327,0.09855769574642181,0.002002716064453125
00005_00009_00015_png.rf.edf28a0ba67c7f64b946429e6f690cdc.jpg,12,0.5073639534233512,0.5118763277129273,0.6932220650764607,0.6811873665583061,0.938232421875
00005_00012_00013_png.rf.3f1b741ddfcf506c5ca1081b2f689bec.jpg,12,0.5264407805092144,0.5021068595344038,0.6670719722579617,0.6977063207008982,0.948974609375
00005_00013_00006_png.rf.2d3ce825b022deea4149ee37d13b5a37.jpg,12,0.5369121969831165,0.5249789628949764,0.5836064905166749,0.5894441033691638,0.945556640625
00005_00013_00006_png.rf.2d3ce825b022deea4149ee37d13b5a37.jpg,10,0.5579928159713745,0.9417067468166351,0.590745210647583,0.11538463830947876,0.1116943359375
00005_00013_00006_png.rf.2d3ce825b022deea4149ee37d13b5a37.jpg,12,0.5405532131103673,0.9447115659713745,0.5948097196871731,0.11057686805725098,0.012638092041015625
00005_00013_00006_png.rf.2d3ce825b022deea4149ee37d13b5a37.jpg,5,0.5595703274011612,0.942307710647583,0.5419170558452606,0.11538457870483398,0.00562286376953125
00005_00013_00006_png.rf.2d3ce825b022deea4149ee37d13b5a37.jpg,0,0.5357572287321091,0.9441106021404266,0.5943509638309479,0.11177879571914673,0.00347900390625
00005_00013_00015_png.rf.6ae60e5720c831d5d379be9a78fa4fd4.jpg,12,0.5314062617583708,0.5228299914164977,0.6487390820546584,0.6568444153395565,0.93994140625
00005_00013_00015_png.rf.6ae60e5720c831d5d379be9a78fa4fd4.jpg,10,0.5534855872392654,0.9477163553237915,0.6502403914928436,0.10456728935241699,0.06695556640625
00005_00013_00015_png.rf.6ae60e5720c831d5d379be9a78fa4fd4.jpg,5,0.534930907189846,0.9483173191547394,0.585186317563057,0.10336536169052124,0.01064300537109375
00005_00013_00016_png.rf.104423a2b5146af20e0913bbedcf05f6.jpg,12,0.5353227376775477,0.5249424193365684,0.6511543415173633,0.6892480331810881,0.94091796875
00005_00013_00016_png.rf.104423a2b5146af20e0913bbedcf05f6.jpg,14,0.5787259936332703,0.954026460647583,0.7151442766189575,0.09194707870483398,0.0032444000244140625
00005_00013_00016_png.rf.104423a2b5146af20e0913bbedcf05f6.jpg,5,0.5811298340559006,0.954026460647583,0.7500000298023224,0.09194707870483398,0.002124786376953125
00005_00013_00023_png.rf.597dabfb0a8be9b9e55a5fd4d741de99.jpg,12,0.5177691716393482,0.5229772769621801,0.7463724822738481,0.7484405002977487,0.944091796875
00005_00018_00020_png.rf.0aaffe7da00f33f27787dea1c8aadf65.jpg,12,0.5195287710834633,0.5309620167895571,0.6291717742596354,0.6315955947784635,0.93994140625
00005_00019_00009_png.rf.cfa43b110d8e5f5e9ccdc168e25e2998.jpg,12,0.5337868682565398,0.5225552155966877,0.6252200894958797,0.6429675870893526,0.938720703125
00005_00019_00023_png.rf.3fa9a988aa0486f9328a462f6537d46f.jpg,12,0.5162385779355643,0.509762492866087,0.7439652526905779,0.752700855419375,0.944091796875
00005_00019_00023_png.rf.3fa9a988aa0486f9328a462f6537d46f.jpg,9,0.9092548191547394,0.15159255266189575,0.18149036169052124,0.3031851053237915,0.01499176025390625
00005_00019_00023_png.rf.3fa9a988aa0486f9328a462f6537d46f.jpg,9,0.7564603388309479,0.16015625,0.48707932233810425,0.3203125,0.0022258758544921875
00005_00021_00009_png.rf.e0b3255808fa828ed6cd0a717883486d.jpg,12,0.5396661978689177,0.5379714331818802,0.6003584223310061,0.6163648442838224,0.945556640625
00005_00021_00012_png.rf.af43b9c896df20dc00000269467de21f.jpg,12,0.5193753744937698,0.5177329064239715,0.6144809447938948,0.634014442563057,0.940185546875
00005_00029_00009_png.rf.cdebf84ee4607ed5f073857fbcb0faf8.jpg,12,0.5007818323366915,0.5581323552494004,0.5840948163752099,0.5703381962067992,0.634521484375
00005_00029_00009_png.rf.cdebf84ee4607ed5f073857fbcb0faf8.jpg,7,0.4993990659713745,0.5540865510702133,0.587740421295166,0.5733173191547394,0.345947265625
00005_00044_00003_png.rf.6b650369c006ecc08ac7cff9052871a9.jpg,12,0.5046493654483143,0.5321529392076998,0.6307224448268896,0.6412053382757005,0.945068359375
00005_00044_00012_png.rf.b2b20faca5354a01ebd17405d5b6c997.jpg,12,0.537710621520132,0.5348553111500312,0.6829931942682184,0.721155428111912,0.932861328125
00005_00044_00013_png.rf.688003d38fa853989468470513eeef6d.jpg,12,0.4873873228512027,0.51922829298617,0.6964720073651958,0.7475812044313976,0.93994140625
00005_00044_00013_png.rf.688003d38fa853989468470513eeef6d.jpg,1,0.16263640708860055,0.024352325388878267,0.030970534905905373,0.048697019885042846,0.016814231872558594
00005_00056_00011_png.rf.e56f5e9155853e5ac44c5a1a6c77a1a5.jpg,12,0.49428251326545,0.5216723478562438,0.6081823879449638,0.6194936325408749,0.947265625
000060_jpg.rf.8f2d5e4e877e2b6e5b3c824d2bec3115.jpg,7,0.5108157781285589,0.48016673451852504,0.84134309242617,0.5715121049659518,0.947509765625
000060_jpg.rf.8f2d5e4e877e2b6e5b3c824d2bec3115.jpg,8,0.4765625149011612,0.5309495329856873,0.10396632552146912,0.0679086446762085,0.0533447265625
000060_jpg.rf.8f2d5e4e877e2b6e5b3c824d2bec3115.jpg,1,0.340745210647583,0.9843750298023224,0.016826927661895752,0.016826927661895752,0.0055999755859375
000060_jpg.rf.8f2d5e4e877e2b6e5b3c824d2bec3115.jpg,1,0.42007214576005936,0.052321217670396436,0.43629811704158783,0.10434195456036832,0.0036449432373046875
000060_jpg.rf.8f2d5e4e877e2b6e5b3c824d2bec3115.jpg,0,0.9381009936332703,0.5886418521404266,0.010817289352416992,0.02944713830947876,0.0017347335815429688
000060_jpg.rf.8f2d5e4e877e2b6e5b3c824d2bec3115.jpg,1,0.7271634936332703,0.18145283311605453,0.021634578704833984,0.09382511675357819,0.0017080307006835938
000060_jpg.rf.8f2d5e4e877e2b6e5b3c824d2bec3115.jpg,1,0.3416466563940048,0.978365421295166,0.017427891492843628,0.014423131942749023,0.0015926361083984375
000060_jpg.rf.8f2d5e4e877e2b6e5b3c824d2bec3115.jpg,1,0.5462740361690521,0.020920975133776665,0.04807692766189575,0.04184195026755333,0.001567840576171875
000061_jpg.rf.89000fe381cd875949055c02e0e05f44.jpg,7,0.5531782946165871,0.581423497644715,0.39364341076682596,0.26565225739223025,0.90478515625
000061_jpg.rf.89000fe381cd875949055c02e0e05f44.jpg,1,0.348817054183317,0.013390604220109991,0.04777073567972734,0.026753216805965343,0.02770233154296875
000061_jpg.rf.89000fe381cd875949055c02e0e05f44.jpg,0,0.9867788851261139,0.442307710647583,0.024038493633270264,0.010817289352416992,0.004669189453125
000061_jpg.rf.89000fe381cd875949055c02e0e05f44.jpg,0,0.12770433351397514,0.31520433723926544,0.03049881011247635,0.013221174478530884,0.0034122467041015625
000061_jpg.rf.89000fe381cd875949055c02e0e05f44.jpg,0,0.019981971941888332,0.6165865659713745,0.01938101090490818,0.018028855323791504,0.0023136138916015625
000061_jpg.rf.89000fe381cd875949055c02e0e05f44.jpg,0,0.3461538702249527,0.01302396392566152,0.05649039149284363,0.025334285979624838,0.0017690658569335938
000062_jpg.rf.cc95cfe9c2ec51e7e600b32dad431408.jpg,7,0.2123912164057445,0.6553581939858072,0.14587861413124426,0.14186539623071504,0.85498046875
000063_jpg.rf.09edd7ea94dce4652230cbf71443c9f5.jpg,7,0.5064643461495746,0.3832606605716139,0.7575134631248267,0.3740868451522701,0.93798828125
000063_jpg.rf.09edd7ea94dce4652230cbf71443c9f5.jpg,14,0.7210036367177963,0.47746396996080875,0.5531851351261139,0.8551683239638805,0.00899505615234375
000063_jpg.rf.09edd7ea94dce4652230cbf71443c9f5.jpg,7,0.2524038532283157,0.5141226053237915,0.4945913595147431,0.5727163553237915,0.0016489028930664062
000063_jpg.rf.09edd7ea94dce4652230cbf71443c9f5.jpg,0,0.801682710647583,0.5631009936332703,0.018028855323791504,0.017427921295166016,0.0015926361083984375
000075_jpg.rf.0e1ccee9ff9e03910cf3b1147527d382.jpg,7,0.5537769636421492,0.49065153441871656,0.4333114940108675,0.5307890518822453,0.9345703125
000075_jpg.rf.0e1ccee9ff9e03910cf3b1147527d382.jpg,0,0.9218845807950768,0.39122357620116976,0.12011594101502576,0.07813932625231068,0.20438289642333984
000075_jpg.rf.0e1ccee9ff9e03910cf3b1147527d382.jpg,0,0.9489182829856873,0.33022838085889816,0.09855771064758301,0.2109375149011612,0.0037441253662109375
000075_jpg.rf.0e1ccee9ff9e03910cf3b1147527d382.jpg,1,0.9531250298023224,0.3443509712815285,0.09374994039535522,0.22355769574642181,0.0017347335815429688
00007_00000_00007_png.rf.037d8a9398bfad6b4623c9405a73cf86.jpg,3,0.5300056511909372,0.551700380873603,0.6019512373069189,0.6211042273121723,0.905517578125
00007_00000_00007_png.rf.037d8a9398bfad6b4623c9405a73cf86.jpg,9,0.6796875,0.48227165068965405,0.640625,0.9585336858872324,0.0016689300537109375
00007_00002_00009_png.rf.113c0ba0b62a55eca6dc6f2f37297407.jpg,3,0.523976297772429,0.5052822667507859,0.7061588654188031,0.6811713144567505,0.823486328125
00007_00002_00009_png.rf.113c0ba0b62a55eca6dc6f2f37297407.jpg,1,0.559495210647583,0.41766828298568726,0.021634578704833984,0.08713942766189575,0.0016689300537109375
00007_00002_00011_png.rf.3e6ecd510efe187683f4efffca1642f0.jpg,3,0.49844792682496797,0.5334030817094635,0.7197847863706073,0.6897524898247995,0.83544921875
00007_00003_00010_png.rf.2422eb69afa6d9c8b5b1a119b9c54050.jpg,3,0.5119009652839825,0.5222355909268288,0.6180737455366061,0.6213455506034777,0.940185546875
00007_00003_00016_png.rf.e834e42b95e08079227b43e7d21c3266.jpg,3,0.5085832746589656,0.5319012894090446,0.6788140154685967,0.6778511179111877,0.931884765625
00007_00005_00009_png.rf.72ca74c87701450c3a853aa29282e9e8.jpg,3,0.5459320775982333,0.530027988074627,0.6124988614556791,0.6183846195081708,0.928466796875
00007_00010_00025_png.rf.fc51afae341a552a3e500aa8e4bb35d6.jpg,3,0.5372588242186938,0.5160125070738408,0.718410061607412,0.7423615503167339,0.819580078125
00007_00010_00027_png.rf.314ddd042a9379af387466446c01f99a.jpg,3,0.5114789463026966,0.5211535991266447,0.7453108883113131,0.7659111904165674,0.84912109375
00007_00012_00026_png.rf.3e2a58c5d3fe9c62d6b1dada42f9fa0c.jpg,3,0.4937976164162847,0.5257449709132564,0.6949182383872659,0.7287805139242315,0.824951171875
00007_00012_00026_png.rf.3e2a58c5d3fe9c62d6b1dada42f9fa0c.jpg,0,0.08830661646503936,0.4964847122103836,0.17581995766464611,0.7835210252166085,0.03054046630859375
00007_00012_00026_png.rf.3e2a58c5d3fe9c62d6b1dada42f9fa0c.jpg,1,0.2838040846399963,0.03111854023882188,0.5471754753962159,0.06141075835330412,0.0018978118896484375
00007_00012_00026_png.rf.3e2a58c5d3fe9c62d6b1dada42f9fa0c.jpg,0,0.04743840344963246,0.5661057829856873,0.09472656650905265,0.6274038553237915,0.0017824172973632812
00007_00017_00021_png.rf.2fbaf2e83a780499bc494ec32a0ca177.jpg,3,0.5311093423469718,0.5055684952530374,0.6961182300098157,0.7339022601966099,0.892822265625
00007_00017_00021_png.rf.2fbaf2e83a780499bc494ec32a0ca177.jpg,0,0.18539664149284363,0.05592698510736227,0.029447108507156372,0.07324218936264515,0.01358795166015625
00007_00017_00021_png.rf.2fbaf2e83a780499bc494ec32a0ca177.jpg,1,0.03562615330824153,0.03408053163444647,0.05481983785326774,0.06816106326889294,0.0063304901123046875
00007_00017_00021_png.rf.2fbaf2e83a780499bc494ec32a0ca177.jpg,1,0.18689904361963272,0.05566406436264515,0.033052876591682434,0.07737379893660545,0.0021915435791015625
00007_00018_00016_png.rf.f58ce7ada8acdd2a4fa44640bbfdcfc8.jpg,3,0.5298349775603689,0.5019749959988216,0.6506560553144254,0.6576002320922945,0.831298828125
00007_00018_00016_png.rf.f58ce7ada8acdd2a4fa44640bbfdcfc8.jpg,1,0.957932710647583,0.7922175526618958,0.08413457870483398,0.4155648946762085,0.00626373291015625
00007_00018_00016_png.rf.f58ce7ada8acdd2a4fa44640bbfdcfc8.jpg,0,0.9591346383094788,0.7974759936332703,0.0805288553237915,0.4026442766189575,0.001598358154296875
00007_00024_00003_png.rf.01cdf4a32b745a4112bdf4c76b8660da.jpg,3,0.5462509780582196,0.5210295317757154,0.5558835243994072,0.5540475065373823,0.9296875
00007_00024_00003_png.rf.01cdf4a32b745a4112bdf4c76b8660da.jpg,5,0.5348557978868484,0.38100963830947876,0.5637019574642181,0.275240421295166,0.001598358154296875
00007_00036_00022_png.rf.a279bc5e70d68ee42f455ea24381b187.jpg,3,0.5171346451236879,0.49724505828135357,0.7228844204385013,0.7379229204289277,0.923095703125
00007_00041_00003_png.rf.e6c316b3ff0c7bd0cf468489312dc39a.jpg,3,0.5285418199142258,0.5144596010614592,0.6051296613799785,0.5934916545197059,0.930908203125
00007_00041_00003_png.rf.e6c316b3ff0c7bd0cf468489312dc39a.jpg,5,0.534855805337429,0.3915264457464218,0.6490385085344315,0.34194710850715637,0.0080108642578125
00007_00041_00007_png.rf.281728de5200a94e5f62a38231f65e1c.jpg,3,0.5525962210475706,0.5225300482280528,0.6086535076468145,0.6019464475835389,0.9248046875
00007_00041_00010_png.rf.ec421c2923817221ce994e6e8089dbd0.jpg,3,0.5290264114558982,0.526908231512331,0.6099284518712436,0.596472949575121,0.9169921875
00007_00041_00012_png.rf.0c1127f500a7607cfed5a49bc2893b4d.jpg,3,0.5031795715717967,0.5154306538428732,0.6166222614440529,0.6183663234094879,0.920166015625
00007_00041_00016_png.rf.a69af6b943838b941eae692d6c8f59c2.jpg,3,0.5267583500234017,0.5344076491211476,0.6670052132625182,0.6660053553842689,0.93505859375
00007_00041_00021_png.rf.101bac056abedcfc836ec4014564cbe1.jpg,3,0.5030314163624785,0.5180319244342737,0.728443055873137,0.7345242170979824,0.863525390625
00007_00041_00026_png.rf.ad63b790aad9f888863f251dc4b275fa.jpg,3,0.5042067578514856,0.5276442578514856,0.7679378951808632,0.783471897502991,0.9287109375
00007_00042_00014_png.rf.f302d8ba353590e1ec60b91d228a0304.jpg,3,0.5183577821834043,0.5492219801016033,0.6927380192447156,0.6901824998504975,0.9130859375
00007_00042_00022_png.rf.ebd1d9a4e17869923212c3da7fd54df2.jpg,3,0.5015024150986926,0.5035842991193381,0.7553656797362258,0.7451493514220411,0.907958984375
00007_00045_00028_png.rf.901c4d935d8ee61b03500b16f3143a79.jpg,3,0.5116844506718611,0.5081081055143946,0.8317896365335113,0.8136823547592288,0.927734375
00007_00045_00029_png.rf.c9fba3ded9cf373c1547666a4b854fa8.jpg,3,0.5134565965160471,0.5012742195316812,0.8222021434417706,0.8244903422764077,0.923583984375
000087_jpg.rf.474f8ec5ba0ca63e725cca0733d021bc.jpg,7,0.49124321262732595,0.535457826915824,0.5920198006592037,0.37138335620204316,0.9443359375
000087_jpg.rf.474f8ec5ba0ca63e725cca0733d021bc.jpg,0,0.8197115659713745,0.9747596681118011,0.03125,0.019230782985687256,0.002735137939453125
00008_00000_00009_png.rf.e246e29599a3b358fb9a9911303a0911.jpg,5,0.5106419563492973,0.549614137688485,0.6445196609143103,0.686906804478084,0.929931640625
00008_00000_00009_png.rf.e246e29599a3b358fb9a9911303a0911.jpg,14,0.519230805337429,0.9513221383094788,0.6802885085344315,0.09735572338104248,0.0034389495849609375
00008_00000_00025_png.rf.54a2c7bed1c4f555a5825fa8b3dd2c7b.jpg,5,0.5059117089436048,0.5355965262529561,0.7405804374365819,0.7581339347606284,0.92529296875
00008_00004_00013_png.rf.edd68f6e8950651f15f3e4eb2e59de25.jpg,5,0.5494505286126091,0.5084746751685018,0.6726357317442176,0.7211538772203405,0.923095703125
00008_00004_00014_png.rf.3d0e2403e5816d9e4cddffeab959d91d.jpg,5,0.5492905459976848,0.5105460677217578,0.6795589031669244,0.7043035691006639,0.9287109375
00008_00004_00018_png.rf.d04b1e5cf05ad80902d307cc7e6c431d.jpg,5,0.4957932864477724,0.5188331352687285,0.6659503334979905,0.7232359989503604,0.922607421875
00008_00005_00016_png.rf.0dc3f1206158857c75c6ad29d422dd99.jpg,5,0.5336426602399928,0.5252740440775154,0.6779070880817208,0.7017661176475056,0.928955078125
00008_00005_00016_png.rf.0dc3f1206158857c75c6ad29d422dd99.jpg,11,0.7611177861690521,0.8768028914928436,0.47776442766189575,0.24639421701431274,0.01050567626953125
00008_00005_00016_png.rf.0dc3f1206158857c75c6ad29d422dd99.jpg,11,0.5967548117041588,0.7161959260702133,0.8064903765916824,0.5435697138309479,0.0015621185302734375
00008_00006_00019_png.rf.9284ba138dea764af54bb1429aeb31ba.jpg,5,0.5327644971593828,0.5282814364401611,0.6688219123238738,0.7077878013741775,0.92333984375
00008_00007_00012_png.rf.c3d898d938b7deebab53bb896fe22d9b.jpg,5,0.519752665804031,0.5291770774918266,0.5855352983884671,0.6020924792888296,0.92578125
00008_00007_00012_png.rf.c3d898d938b7deebab53bb896fe22d9b.jpg,5,0.5276001343649187,0.940704649931444,0.5453877427974054,0.11859070013711215,0.132354736328125
00008_00007_00012_png.rf.c3d898d938b7deebab53bb896fe22d9b.jpg,10,0.5331280156970024,0.9387019574642181,0.5972055345773697,0.12139421701431274,0.07110595703125
00008_00008_00019_png.rf.8251d851ef8cfe67c02a3fe47e2b2c43.jpg,5,0.5396905366736325,0.5350353434313188,0.6544020695062209,0.6763056157003362,0.927490234375
00008_00008_00019_png.rf.8251d851ef8cfe67c02a3fe47e2b2c43.jpg,1,0.379807710647583,0.017352765426039696,0.137620210647583,0.03470553085207939,0.0018110275268554688
00008_00008_00020_png.rf.6c66ef0dde590ac7dfddb8a715bd57ac.jpg,5,0.5383049052091021,0.5353214620034161,0.6751845712881339,0.7057994845548743,0.927734375
00008_00011_00001_png.rf.552d1ac62d4fbb2d8d76f528f3b8f610.jpg,5,0.5402089880059346,0.5332747246224939,0.530024263150852,0.5416236826977612,0.92333984375
00008_00011_00001_png.rf.552d1ac62d4fbb2d8d76f528f3b8f610.jpg,5,0.5430352977840658,0.9164064355748771,0.5412134798624761,0.16718712885024567,0.0674896240234375
00008_00011_00001_png.rf.552d1ac62d4fbb2d8d76f528f3b8f610.jpg,10,0.5423678159713745,0.9185697138309479,0.5558894872665405,0.16286057233810425,0.04718017578125
00008_00011_00001_png.rf.552d1ac62d4fbb2d8d76f528f3b8f610.jpg,12,0.5528095066547394,0.9176682829856873,0.5217848420143127,0.1646634340286255,0.022674560546875
00008_00011_00001_png.rf.552d1ac62d4fbb2d8d76f528f3b8f610.jpg,11,0.5564153045415878,0.9164663553237915,0.5746695101261139,0.167067289352417,0.0218505859375
00008_00011_00026_png.rf.d48e07f968b239bc5c2f8e3cbade525d.jpg,5,0.5133245893855205,0.5076409804113375,0.7452774859833586,0.7635885790958237,0.928466796875
00008_00011_00026_png.rf.d48e07f968b239bc5c2f8e3cbade525d.jpg,14,0.5727163702249527,0.9543269276618958,0.8161058127880096,0.0913461446762085,0.05242919921875
00008_00011_00026_png.rf.d48e07f968b239bc5c2f8e3cbade525d.jpg,7,0.5865384936332703,0.9573317468166351,0.795673131942749,0.08533650636672974,0.0021076202392578125
00008_00012_00004_png.rf.901d50a564943436405ece8251824e2b.jpg,5,0.5102639586850806,0.5312701086618697,0.6001475053850618,0.5948474833172344,0.93115234375
00008_00012_00013_png.rf.a1d09d94107a2bc2391b90cc813f036b.jpg,5,0.5423882708827696,0.5152090891684425,0.6585392814037874,0.6697102772660315,0.93212890625
00008_00012_00015_png.rf.10d59dd6e0409c272fbeac276a01daec.jpg,5,0.5156250074505806,0.4964124479126545,0.668752009778764,0.6790502233839806,0.93603515625
00008_00012_00026_png.rf.9d73f6bf08134cd2d6f1cee81cc97d44.jpg,5,0.5229822438909482,0.50686565506512,0.7701049697124187,0.7699225451935513,0.9208984375
00008_00013_00010_png.rf.8c734c3859b581451b57c485582f5ce6.jpg,5,0.5103751160516967,0.49730712298047935,0.621076755163147,0.6390488936473514,0.93115234375
00008_00015_00022_png.rf.8df6ca081651930cffd22c46186837bb.jpg,5,0.5565038721523995,0.5444779019159112,0.6801807146605832,0.7186557281396337,0.936767578125
00008_00015_00023_png.rf.d08260bc4588dcab6fe5b54989e91502.jpg,5,0.5211864654731945,0.5246804246135249,0.6769473294034081,0.7288536877417046,0.930908203125
00008_00017_00021_png.rf.e3539348f10ebb2a43c22c2ff8ead631.jpg,5,0.5132470450681016,0.5184310497363889,0.6994157121438502,0.7370469849321897,0.9296875
00008_00018_00023_png.rf.2a857f20235cc46664627e09b7a58409.jpg,5,0.5021893226152755,0.525881035562708,0.7589747773892221,0.7746791226380529,0.93212890625
00008_00024_00015_png.rf.0a488e624b482b0c2c96148cbc582449.jpg,5,0.5104176085791151,0.4999079417345927,0.546012803412968,0.5763650704926974,0.925537109375
00008_00032_00019_png.rf.ae03f2835ae96130daf7dbb29da57225.jpg,5,0.5090251645019518,0.5335223919450455,0.6267492694922007,0.6336549686634634,0.93017578125
00008_00032_00019_png.rf.ae03f2835ae96130daf7dbb29da57225.jpg,5,0.51472357660532,0.9399038553237915,0.6616586893796921,0.12019228935241699,0.025726318359375
00008_00032_00019_png.rf.ae03f2835ae96130daf7dbb29da57225.jpg,9,0.5171274095773697,0.9429086744785309,0.6712740361690521,0.11418265104293823,0.025360107421875
00008_00032_00019_png.rf.ae03f2835ae96130daf7dbb29da57225.jpg,10,0.5348557904362679,0.9338942468166351,0.6634615510702133,0.13221150636672974,0.01105499267578125
00008_00032_00019_png.rf.ae03f2835ae96130daf7dbb29da57225.jpg,6,0.5354567468166351,0.9314903914928436,0.5949519276618958,0.13701921701431274,0.0045623779296875
00008_00034_00010_png.rf.c63f6f9720ff1a0ecf10ebfb55844f2d.jpg,5,0.5252903367311246,0.49853255225061555,0.6164167886585262,0.6386823576195444,0.93212890625
00008_00034_00010_png.rf.c63f6f9720ff1a0ecf10ebfb55844f2d.jpg,10,0.5360664810515313,0.9317442119887499,0.6048242793914592,0.13547889616723374,0.1044921875
00008_00034_00010_png.rf.c63f6f9720ff1a0ecf10ebfb55844f2d.jpg,5,0.5294471234083176,0.9278846383094788,0.6177884638309479,0.14423072338104248,0.0055999755859375
00008_00034_00010_png.rf.c63f6f9720ff1a0ecf10ebfb55844f2d.jpg,12,0.5228365585207939,0.9338942468166351,0.6093750149011612,0.13221150636672974,0.004688262939453125
00008_00038_00008_png.rf.2a7a8fd66cf9b684e26801ef89447731.jpg,5,0.5142714869078953,0.5249805658637378,0.6444574680410796,0.6158168686266716,0.939208984375
00008_00038_00008_png.rf.2a7a8fd66cf9b684e26801ef89447731.jpg,0,0.2798978388309479,0.0695613007992506,0.07301682233810425,0.0429687537252903,0.0408935546875
00008_00038_00008_png.rf.2a7a8fd66cf9b684e26801ef89447731.jpg,1,0.20537861436605453,0.06918569607660174,0.04056490957736969,0.12214543018490076,0.003787994384765625
00008_00038_00008_png.rf.2a7a8fd66cf9b684e26801ef89447731.jpg,1,0.11778846755623817,0.016413763165473938,0.08112981170415878,0.032827526330947876,0.002559661865234375
00008_00038_00009_png.rf.12ba1188789e6b6747031686b0576a20.jpg,5,0.49594499401779035,0.5426742004627829,0.6612547512087146,0.6814076651435338,0.943359375
00008_00038_00010_png.rf.4c9c38b445211d75ca18a1e49d3f7c7b.jpg,5,0.5211972040468275,0.5111443784231325,0.663070720871455,0.6825009620555605,0.9384765625
00008_00039_00022_png.rf.5fa7f0b9ebfa8a702336246e92f63e2c.jpg,5,0.5142270739375766,0.5387455477017541,0.7468962845880824,0.7517479306122924,0.93408203125
00008_00039_00022_png.rf.5fa7f0b9ebfa8a702336246e92f63e2c.jpg,9,0.71694715321064,0.8149038553237915,0.5637019574642181,0.370192289352417,0.0020751953125
00008_00044_00020_png.rf.b7f1da92ed0f5a60d3c31f13f4ea524c.jpg,5,0.5243712750411077,0.524933453516376,0.7223299355886228,0.756442532732942,0.9306640625
00008_00045_00004_png.rf.311591d23c3c9bc5e4f148c5d4c3198b.jpg,5,0.5247513183547886,0.5244079589789225,0.597769751077663,0.6030191455642029,0.93408203125
00008_00045_00004_png.rf.311591d23c3c9bc5e4f148c5d4c3198b.jpg,10,0.5357572212815285,0.9417067468166351,0.5895432680845261,0.11658650636672974,0.038055419921875
00008_00045_00004_png.rf.311591d23c3c9bc5e4f148c5d4c3198b.jpg,5,0.5289975671614322,0.9467081356966484,0.5646989792658922,0.10658372860670329,0.0154571533203125
00008_00045_00004_png.rf.311591d23c3c9bc5e4f148c5d4c3198b.jpg,0,0.5337289869785309,0.942307710647583,0.5455228686332703,0.11418271064758301,0.0018320083618164062
00008_00045_00007_png.rf.8baff974a77b214a7291a7414715353a.jpg,5,0.539709364783431,0.5328889318833241,0.6152614708600999,0.6534555094639357,0.935546875
00008_00046_00016_png.rf.8b23be6230e702bfc05f412016444393.jpg,5,0.4983631187469191,0.5510691560872314,0.6894963273564101,0.7024778787408116,0.943603515625
00008_00046_00026_png.rf.4132e5229d03953696029788c0d7377f.jpg,5,0.5229982888349712,0.5093654848167725,0.7989002533405749,0.8286432577676188,0.941650390625
000092_jpg.rf.87588aa3b0f60afb13c9c0a0575693f6.jpg,7,0.47385817766189575,0.47641102586672684,0.5534755874769461,0.7479291071308737,0.9404296875
000093_jpg.rf.b807d4d48b8504ef32c8092be695ab21.jpg,7,0.3046842226404687,0.3271884706738186,0.2055354100428541,0.22272425719703134,0.93798828125
000093_jpg.rf.b807d4d48b8504ef32c8092be695ab21.jpg,9,0.06133563816547394,0.9405048489570618,0.029371991753578186,0.033653855323791504,0.0032444000244140625
000093_jpg.rf.b807d4d48b8504ef32c8092be695ab21.jpg,9,0.04428335651755333,0.9555288851261139,0.05731671303510666,0.06971150636672974,0.0016622543334960938
000093_jpg.rf.b807d4d48b8504ef32c8092be695ab21.jpg,11,0.8798077404499054,0.2480468899011612,0.04086536169052124,0.04326924681663513,0.001537322998046875
000098_jpg.rf.4b8be686f943aa7349065e09d710dfa3.jpg,7,0.3727141469967045,0.40114789372372545,0.5616752206779166,0.7457973330762963,0.94580078125
000098_jpg.rf.4b8be686f943aa7349065e09d710dfa3.jpg,7,0.7421875298023224,0.5733173191547394,0.5132212042808533,0.5997596383094788,0.0241546630859375
000098_jpg.rf.4b8be686f943aa7349065e09d710dfa3.jpg,8,0.6718750298023224,0.5769231021404266,0.6538462042808533,0.5973557829856873,0.0186004638671875
000098_jpg.rf.4b8be686f943aa7349065e09d710dfa3.jpg,14,0.7474459260702133,0.5685096383094788,0.5051081478595734,0.5901442766189575,0.0032062530517578125
000104_jpg.rf.84bfd7deb7e3d5f06dc8284e8c40b521.jpg,9,0.47325307678195394,0.2763552396696455,0.40383368132359493,0.5361985944118852,0.952392578125
000104_jpg.rf.84bfd7deb7e3d5f06dc8284e8c40b521.jpg,0,0.473557710647583,0.5504807829856873,0.02403843402862549,0.015625,0.0019426345825195312
000111_jpg.rf.e60c5cd270ea82c644bdfc2ee629daef.jpg,9,0.7173138955215724,0.20356561322839428,0.5226939322387971,0.40683243118813595,0.95751953125
000111_jpg.rf.e60c5cd270ea82c644bdfc2ee629daef.jpg,0,0.5618990659713745,0.9687500298023224,0.03425478935241699,0.024038493633270264,0.003047943115234375
000111_jpg.rf.e60c5cd270ea82c644bdfc2ee629daef.jpg,0,0.5522836744785309,0.973557710647583,0.09014421701431274,0.03605771064758301,0.0020275115966796875
000123_jpg.rf.d05325e5ae61a1b2cf969df6389c899c.jpg,9,0.6567735764651483,0.5003017909738623,0.6864528470697032,0.9969822427224541,0.961181640625
000131_jpg.rf.d5b08b4a7d3727786a522ed886d962e6.jpg,9,0.19448255701390266,0.44892215185155177,0.13866752628716658,0.17967782793126907,0.91015625
000137_jpg.rf.4417be60e5e8d0047af644d961795c36.jpg,9,0.2576695990985904,0.4408019269479504,0.4546217816684585,0.7259390209619225,0.91064453125
000137_jpg.rf.4417be60e5e8d0047af644d961795c36.jpg,1,0.9350961744785309,0.6012620329856873,0.12980765104293823,0.159254789352417,0.0018396377563476562
000137_jpg.rf.4417be60e5e8d0047af644d961795c36.jpg,1,0.6502403914928436,0.43870192766189575,0.043269217014312744,0.030048072338104248,0.0015621185302734375
000140_jpg.rf.e9eafc934e46f0cd62b6e05d4c614d79.jpg,9,0.5022556777946008,0.4254890442527801,0.16976749973458988,0.22986367421312076,0.942138671875
000140_jpg.rf.e9eafc934e46f0cd62b6e05d4c614d79.jpg,1,0.5652043521404266,0.009953426197171211,0.018629848957061768,0.019906852394342422,0.00913238525390625
000140_jpg.rf.e9eafc934e46f0cd62b6e05d4c614d79.jpg,3,0.6562500298023224,0.8064903914928436,0.04086536169052124,0.04807692766189575,0.007625579833984375
000140_jpg.rf.e9eafc934e46f0cd62b6e05d4c614d79.jpg,1,0.8521634936332703,0.014723557978868484,0.052884578704833984,0.02944711595773697,0.006435394287109375
000140_jpg.rf.e9eafc934e46f0cd62b6e05d4c614d79.jpg,13,0.7187500298023224,0.7415865659713745,0.04086536169052124,0.04807686805725098,0.0026721954345703125
000140_jpg.rf.e9eafc934e46f0cd62b6e05d4c614d79.jpg,1,0.5661057829856873,0.012272762134671211,0.03125,0.024545524269342422,0.002414703369140625
000140_jpg.rf.e9eafc934e46f0cd62b6e05d4c614d79.jpg,1,0.6790865659713745,0.013146034441888332,0.028846144676208496,0.026292068883776665,0.0020904541015625
000149_jpg.rf.b30519cf48fdf6e879c724a7e5a3d24c.jpg,9,0.6381446223797155,0.302631857804219,0.46890316380227565,0.33631610184696215,0.927978515625
00014_00000_00024_png.rf.b6b0de4c0a7b5a38da353cd4fcf3abcb.jpg,14,0.513205934308205,0.5121752030563083,0.811282874937737,0.8025727258301324,0.943115234375
00014_00000_00024_png.rf.b6b0de4c0a7b5a38da353cd4fcf3abcb.jpg,6,0.5462740510702133,0.9753606021404266,0.4170673191547394,0.04927879571914673,0.035400390625
00014_00000_00024_png.rf.b6b0de4c0a7b5a38da353cd4fcf3abcb.jpg,10,0.5413383081780379,0.9757941489703811,0.4287432200177339,0.04841170205923784,0.016925811767578125
00014_00000_00024_png.rf.b6b0de4c0a7b5a38da353cd4fcf3abcb.jpg,11,0.5459727360735914,0.976626221670666,0.39388633280377444,0.04674755665866792,0.0081329345703125
00014_00000_00024_png.rf.b6b0de4c0a7b5a38da353cd4fcf3abcb.jpg,7,0.5267428159713745,0.9783653914928436,0.490985631942749,0.043269217014312744,0.00470733642578125
00014_00000_00024_png.rf.b6b0de4c0a7b5a38da353cd4fcf3abcb.jpg,9,0.5353816449642181,0.973557710647583,0.5518329739570618,0.052884578704833984,0.0026302337646484375
00014_00000_00024_png.rf.b6b0de4c0a7b5a38da353cd4fcf3abcb.jpg,12,0.5525841414928436,0.9798678159713745,0.37920671701431274,0.04026436805725098,0.0016689300537109375
00014_00001_00000_png.rf.3e50b1a77c9ffef0b94e6a561cc319c8.jpg,14,0.4943239533597917,0.5212885777813608,0.6123199756376015,0.6201927532082668,0.93798828125
00014_00001_00000_png.rf.3e50b1a77c9ffef0b94e6a561cc319c8.jpg,1,0.9122596383094788,0.08143029361963272,0.17548072338104248,0.16286058723926544,0.189697265625
00014_00001_00002_png.rf.483438bbdd92061897181234b8964550.jpg,14,0.49802783860617905,0.514690924693074,0.6019119853210062,0.6171222110766693,0.929931640625
00014_00001_00002_png.rf.483438bbdd92061897181234b8964550.jpg,1,0.9687500298023224,0.13318809866905212,0.062499940395355225,0.26637619733810425,0.0164794921875
00014_00001_00002_png.rf.483438bbdd92061897181234b8964550.jpg,6,0.2596154008060694,0.9741586744785309,0.4585336856544018,0.05168265104293823,0.0018978118896484375
00014_00001_00012_png.rf.72aca827b504a1531fc88c801b17af55.jpg,14,0.5123104006823299,0.5182055510256601,0.7133102719643101,0.7364130812093586,0.943359375
00014_00002_00008_png.rf.b5591234d317fc4e122c6594039268f9.jpg,14,0.5123252469650554,0.5638384288483924,0.6551802113597646,0.6438257602544931,0.93310546875
00014_00002_00015_png.rf.1d9249429d70efa6eda5490cbb105a1c.jpg,14,0.5210284256613347,0.5402644537063674,0.70732651659333,0.7114964800276302,0.94970703125
00014_00002_00016_png.rf.061a46c5693825f6713422588d66f049.jpg,14,0.515592665081809,0.5166625373458825,0.7463133721679881,0.7291576487723714,0.943359375
00014_00002_00018_png.rf.99f3f18db235a6649470bdf440f30670.jpg,14,0.5121207627403532,0.5137011345010009,0.760349232643518,0.7508352042388965,0.94091796875
00014_00002_00018_png.rf.99f3f18db235a6649470bdf440f30670.jpg,1,0.5949519574642181,0.9435096681118011,0.027043282985687256,0.10576921701431274,0.002777099609375
00014_00002_00020_png.rf.710887530cbc8299c39440e19f6df948.jpg,14,0.514625804833162,0.5109811804329122,0.7658283602864522,0.7556664305095899,0.94384765625
00014_00002_00027_png.rf.6adc795f986a59944a3555bca3a3d8f6.jpg,14,0.5142496631138906,0.5192553489366317,0.7905076383172152,0.8004317106884432,0.941162109375
00014_00002_00027_png.rf.6adc795f986a59944a3555bca3a3d8f6.jpg,14,0.724651322185937,0.6298683061141119,0.5492470989852778,0.6662009553119573,0.0060634613037109375
00014_00003_00008_png.rf.cd8a887922aeb3c34252bd39a11814f2.jpg,14,0.5260439115754989,0.5177433290649108,0.7734938827898218,0.7768938324573434,0.9423828125
00014_00003_00008_png.rf.cd8a887922aeb3c34252bd39a11814f2.jpg,1,0.7043269574642181,0.8725961744785309,0.02163463830947876,0.058894217014312744,0.0026302337646484375
00014_00003_00018_png.rf.f11abf60a9170d4baaa8874052e0834c.jpg,14,0.5176569628646848,0.5083615376534747,0.8039826809743115,0.8159759433276172,0.937744140625
00014_00003_00018_png.rf.f11abf60a9170d4baaa8874052e0834c.jpg,1,0.2641226015985012,0.044546276330947876,0.39963943511247635,0.08909255266189575,0.0019121170043945312
00014_00004_00001_png.rf.fbaefc1fdb2f042c76b8b203a140a043.jpg,14,0.5356472098903639,0.5153084457091857,0.665587454100258,0.6375622961968845,0.934814453125
00014_00004_00005_png.rf.7115e64a1cf0236276de71514a635a06.jpg,14,0.5235964475461274,0.5515113727243479,0.7315937099624271,0.7201655308816058,0.9453125
00014_00004_00005_png.rf.7115e64a1cf0236276de71514a635a06.jpg,0,0.7475961744785309,0.48106972873210907,0.07451921701431274,0.10276439785957336,0.0020904541015625
00014_00004_00006_png.rf.5497c0df08cb437fb189487bf59888c0.jpg,14,0.5298703842388932,0.5105295212706551,0.7165325602400117,0.7198505303356797,0.9375
00014_00004_00009_png.rf.b6c7914d29ef0fac4d1f33a3309134cd.jpg,14,0.5153574185742289,0.5438775147553557,0.7414696386491189,0.7313336781627302,0.943603515625
00014_00004_00009_png.rf.b6c7914d29ef0fac4d1f33a3309134cd.jpg,9,0.46514424681663513,0.07613431662321091,0.03725963830947876,0.15226863324642181,0.007366180419921875
00014_00004_00012_png.rf.c1a1182ffbc57148f9b5af2978833fe1.jpg,14,0.5324166985090306,0.5240854692468426,0.7594979315693253,0.7859167724125454,0.936767578125
00014_00004_00016_png.rf.97d3529a5693c4808581f582f6d567ee.jpg,14,0.5178475880234594,0.5461435637528628,0.8000279557082295,0.8204719336449819,0.93603515625
00014_00004_00017_png.rf.16e5837331428c915db71c9b93452ce2.jpg,14,0.5103076975135697,0.5100296561246839,0.8066506408294084,0.819360595304689,0.94140625
00014_00005_00000_png.rf.1e7b4f22a6f3e4d9fc5b151fddbd41dd.jpg,14,0.5174163950887879,0.5324807377683567,0.7846024740952274,0.779378063170358,0.94287109375
00014_00005_00006_png.rf.9d23cd4be31c691050beba74e43087f0.jpg,14,0.526930671812896,0.5357823113376394,0.8037036891858649,0.7835822231862878,0.94189453125
00014_00005_00007_png.rf.b4ff08928208b2ec89580e7472731da0.jpg,14,0.528267476831713,0.5266100517501754,0.8070023727801539,0.8049530284423982,0.946044921875
00014_00006_00002_png.rf.5bf0c54cbd123c81f18c19973e068111.jpg,14,0.5288527754944133,0.5077993352211381,0.6628672105251434,0.6430024959637454,0.9345703125
00014_00006_00002_png.rf.5bf0c54cbd123c81f18c19973e068111.jpg,9,0.6733774095773697,0.7554087042808533,0.6532451808452606,0.4867788553237915,0.00516510009765625
00014_00006_00002_png.rf.5bf0c54cbd123c81f18c19973e068111.jpg,6,0.2983774015592644,0.6784855872392654,0.5961538415576797,0.6430288255214691,0.002208709716796875
00014_00006_00017_png.rf.009947c10a98db2965b31368471eb4a5.jpg,14,0.5228626972429959,0.512210879681303,0.7666700964090368,0.7387471601312979,0.94287109375
00014_00006_00017_png.rf.009947c10a98db2965b31368471eb4a5.jpg,1,0.2545072322245687,0.08315805575693958,0.4969952334649861,0.16481370764086023,0.00849151611328125
00014_00006_00017_png.rf.009947c10a98db2965b31368471eb4a5.jpg,6,0.5288461744785309,0.9567307829856873,0.5192307829856873,0.08653843402862549,0.00208282470703125
00014_00006_00024_png.rf.11a28415ccf012da42d0b3a2845ff647.jpg,14,0.5131852279978528,0.5114254743922395,0.7980625668440829,0.797454422648785,0.93896484375
00014_00006_00024_png.rf.11a28415ccf012da42d0b3a2845ff647.jpg,7,0.4969200938940048,0.9663461744785309,0.5434195101261139,0.06730765104293823,0.057586669921875
00014_00006_00024_png.rf.11a28415ccf012da42d0b3a2845ff647.jpg,10,0.49694487439366664,0.9655491406955417,0.4917275381571822,0.0689017186089168,0.0259552001953125
00014_00006_00024_png.rf.11a28415ccf012da42d0b3a2845ff647.jpg,6,0.4900841563940048,0.9675481021404266,0.5030048191547394,0.06490379571914673,0.0249786376953125
00014_00006_00024_png.rf.11a28415ccf012da42d0b3a2845ff647.jpg,1,0.007709210061875638,0.020977315281925257,0.015193059531156905,0.041729269971256144,0.00658416748046875
00014_00007_00010_png.rf.897d67a41c1b075c2ce0de6658c78d12.jpg,14,0.5288279541657359,0.5323214328394834,0.6958649060320873,0.7340654227539924,0.942138671875
00014_00007_00014_png.rf.5cbe0ea73b96ee9d4b867745a985f415.jpg,14,0.5106382086768743,0.5082617204589008,0.7790342203950152,0.7748518247550437,0.941650390625
00014_00007_00014_png.rf.5cbe0ea73b96ee9d4b867745a985f415.jpg,10,0.2647235691547394,0.4492187649011612,0.10637021064758301,0.13762018084526062,0.0052032470703125
00014_00007_00014_png.rf.5cbe0ea73b96ee9d4b867745a985f415.jpg,1,0.7109375298023224,0.10336539149284363,0.09014421701431274,0.20282453298568726,0.0026092529296875
00014_00007_00015_png.rf.821ef95c005fbfbbe0c74db69cd18063.jpg,14,0.515287969135488,0.511385789213705,0.7871296333184914,0.7944061869345663,0.93896484375
00014_00007_00015_png.rf.821ef95c005fbfbbe0c74db69cd18063.jpg,1,0.9531250298023224,0.09690505266189575,0.09374994039535522,0.1938101053237915,0.0018463134765625
00014_00007_00016_png.rf.5d7823090d0693e49c7a082833e25966.jpg,14,0.5197857865802469,0.5209159954961641,0.8172617653598551,0.8097535559198461,0.938232421875
00014_00007_00018_png.rf.b1a6bc22dfa2520a4f80c645087c38d9.jpg,14,0.5227802987217717,0.5245524834457919,0.8021617943708684,0.8024857184804639,0.93896484375
00014_00007_00018_png.rf.b1a6bc22dfa2520a4f80c645087c38d9.jpg,6,0.5667067468166351,0.9783653914928436,0.40745192766189575,0.043269217014312744,0.00312042236328125
00014_00008_00006_png.rf.e6ce907e9d1c78a8eea7b39d096b66cc.jpg,14,0.5061486849910489,0.5275019874184403,0.6666742079510477,0.7033967422772974,0.941650390625
00014_00008_00010_png.rf.eaf26fb45c806ade178b403b585eeb40.jpg,14,0.5097776018988883,0.50030392404902,0.7051633961124859,0.7420986283414424,0.94384765625
00014_00008_00010_png.rf.eaf26fb45c806ade178b403b585eeb40.jpg,1,0.645432710647583,0.013465294614434242,0.040865421295166016,0.026930589228868484,0.004688262939453125
00014_00008_00012_png.rf.277d9f2527db84cf64fed938bfe0eb22.jpg,14,0.5450596071120042,0.5528893184382468,0.7085305370468026,0.7439872614728908,0.9375
00014_00008_00015_png.rf.7deb3d52b8955c9f16bc4630ca2b3a09.jpg,14,0.5252403914928436,0.5120292583996748,0.6754807829856873,0.7223458198624171,0.93896484375
00014_00008_00017_png.rf.4d7c1e9d049e8a66cfdc576ed88b5fca.jpg,14,0.5321048240231031,0.557578738041158,0.7397437087439259,0.7801420253840247,0.935791015625
00014_00008_00023_png.rf.7f736e938225b82a2984aa0f3e8de55c.jpg,14,0.5420781482614404,0.511405315281761,0.8094000752909938,0.8124567841828483,0.94970703125
00014_00008_00023_png.rf.7f736e938225b82a2984aa0f3e8de55c.jpg,13,0.04428335465490818,0.8834134936332703,0.00848858430981636,0.021634578704833984,0.004596710205078125
00014_00008_00025_png.rf.9f597254f67382352eda6f7bf0ccfe90.jpg,14,0.5256949641335937,0.5180493683975986,0.8043178702641814,0.8275189613921025,0.945068359375
00014_00008_00026_png.rf.038e8ad38151a8f6155603801aa4e2bd.jpg,14,0.510040220695569,0.49670047972035086,0.8264557344445623,0.8153782269028526,0.943359375
00014_00009_00000_png.rf.1177c6754fd20cd5a21a584c1288b2d7.jpg,14,0.5371795322954607,0.5222088673995036,0.6320510339575673,0.5835470291003765,0.911376953125
00014_00009_00000_png.rf.1177c6754fd20cd5a21a584c1288b2d7.jpg,9,0.12454928056831704,0.2515024244785309,0.24879808035620954,0.5030048489570618,0.003818511962890625
00014_00009_00000_png.rf.1177c6754fd20cd5a21a584c1288b2d7.jpg,11,0.12364783826342318,0.251953125,0.24669471496599726,0.50390625,0.0020580291748046875
00014_00009_00002_png.rf.f35bed5e27fca545a320efeb4b5d81d0.jpg,14,0.5202422624400347,0.5147729491521645,0.5987975222553121,0.6051259574735112,0.925537109375
00014_00009_00002_png.rf.f35bed5e27fca545a320efeb4b5d81d0.jpg,6,0.4026442584581673,0.7348257303237915,0.7860577469691634,0.530348539352417,0.001537322998046875
00014_00009_00004_png.rf.73407ef1038d43d87b332be788574a66.jpg,14,0.5596489437353467,0.5555365893554889,0.6315967937389254,0.5651904777188308,0.92431640625
00014_00009_00004_png.rf.73407ef1038d43d87b332be788574a66.jpg,1,0.47536060214042664,0.07440655678510666,0.24278849363327026,0.14881311357021332,0.00909423828125
00014_00009_00004_png.rf.73407ef1038d43d87b332be788574a66.jpg,9,0.17112380266189575,0.3072415957140038,0.3422476053237915,0.6138822298671585,0.0028533935546875
00014_00009_00005_png.rf.e3aaedc6dac0cc23af08380064bf51f1.jpg,14,0.5283172525052433,0.4822843673358434,0.6055063839503039,0.6303662201623476,0.93359375
00014_00009_00005_png.rf.e3aaedc6dac0cc23af08380064bf51f1.jpg,6,0.11853966748458333,0.8470553159713745,0.23587741184746847,0.305889368057251,0.0181121826171875
00014_00009_00005_png.rf.e3aaedc6dac0cc23af08380064bf51f1.jpg,9,0.9134615659713745,0.39723559538833797,0.17307686805725098,0.7872596518136561,0.0100860595703125
00014_00009_00005_png.rf.e3aaedc6dac0cc23af08380064bf51f1.jpg,9,0.8479567468166351,0.4693509913631715,0.30408650636672974,0.9362981364829466,0.004596710205078125
00014_00009_00012_png.rf.02ffbac072397fe4f36979ba80f74fb9.jpg,14,0.5229957493824063,0.5426715347868853,0.675747150952163,0.7000974482004558,0.947509765625
00014_00009_00021_png.rf.86ee460f79a2e8a2d702df174c862850.jpg,14,0.502682677245114,0.5162135996778545,0.8052265744355,0.8016331908204302,0.94775390625
00014_00010_00000_png.rf.a400f3cc1c01ae5b1e410948f7919e92.jpg,14,0.5001949334822842,0.5183208304109158,0.7544859717607373,0.7774825789382087,0.93115234375
00014_00010_00000_png.rf.a400f3cc1c01ae5b1e410948f7919e92.jpg,1,0.8209134936332703,0.10314002977247583,0.353365421295166,0.2059795787645271,0.0021915435791015625
00014_00010_00001_png.rf.68c586d3ac58ed9ad2b5b51c2702b4cf.jpg,14,0.5315722410020618,0.5251969176637107,0.764893600139933,0.7863832465722164,0.93115234375
00014_00010_00001_png.rf.68c586d3ac58ed9ad2b5b51c2702b4cf.jpg,13,0.7055288851261139,0.8978365957736969,0.008413493633270264,0.014423072338104248,0.0024433135986328125
00014_00010_00004_png.rf.fce7bd5dcff83a6e6634b19b9b8d00d0.jpg,14,0.5170031272276315,0.5139406783949295,0.7832092796534339,0.7975401370562172,0.928955078125
00014_00010_00004_png.rf.fce7bd5dcff83a6e6634b19b9b8d00d0.jpg,13,0.7025240659713745,0.8894231021404266,0.008413434028625488,0.019230782985687256,0.0033206939697265625
00014_00010_00004_png.rf.fce7bd5dcff83a6e6634b19b9b8d00d0.jpg,1,0.6015625298023224,0.04248046875,0.16586536169052124,0.0849609375,0.0017480850219726562
00014_00010_00006_png.rf.fc6789dfb26ab8b258a45781c138f7d8.jpg,14,0.5225180724613208,0.5107933333984376,0.7984259079826611,0.8081133084521441,0.92919921875
00014_00010_00006_png.rf.fc6789dfb26ab8b258a45781c138f7d8.jpg,1,0.08066031197085977,0.09975961595773697,0.14486930053681135,0.19951923191547394,0.0021495819091796875
00014_00010_00006_png.rf.fc6789dfb26ab8b258a45781c138f7d8.jpg,14,0.5513822361826897,0.7241587042808533,0.7674279361963272,0.395432710647583,0.0017757415771484375
00014_00011_00013_png.rf.5c38fd5ec4ddf261665eb299b209c6cd.jpg,14,0.4965487806169278,0.5041952756311183,0.7370075688531718,0.7469435773276248,0.945556640625
00014_00011_00013_png.rf.5c38fd5ec4ddf261665eb299b209c6cd.jpg,0,0.9777644276618958,0.024714544852031395,0.044471144676208496,0.04890324833104387,0.001979827880859375
00014_00012_00029_png.rf.366e398c9dd622533fd1892f9d836749.jpg,14,0.5193527093957936,0.5075068957175236,0.7958139790123404,0.8135784027686,0.9404296875
00014_00012_00029_png.rf.366e398c9dd622533fd1892f9d836749.jpg,1,0.7037259936332703,0.05010516941547394,0.23076927661895752,0.10021033883094788,0.00347900390625
00014_00013_00005_png.rf.7afaaa7763228bd8062f208657493059.jpg,14,0.5297597450061098,0.5476605736039121,0.6470496861569571,0.6678192238624516,0.94384765625
00014_00013_00007_png.rf.d6d53f7f5f8d66a0f726fda36931a444.jpg,14,0.5171299654482049,0.5411735334438642,0.6874388530678077,0.676631742242491,0.949951171875
00014_00013_00010_png.rf.0358de740627248f20390ba5887f0ae0.jpg,14,0.5229707106493078,0.5102413937495708,0.7375694817357031,0.7486765494987376,0.94384765625
00014_00013_00010_png.rf.0358de740627248f20390ba5887f0ae0.jpg,10,0.29672476649284363,0.4429086595773697,0.10186296701431274,0.13461539149284363,0.013427734375
00014_00018_00009_png.rf.2d72ed302f587a671e54afaf1a09a0a9.jpg,14,0.4899044656134396,0.5543543361223937,0.7418368788037262,0.7168817445828916,0.94189453125
00014_00018_00009_png.rf.2d72ed302f587a671e54afaf1a09a0a9.jpg,1,0.4564633358707223,0.022440539430799225,0.027552698886943616,0.04488107886159845,0.020538330078125
00014_00021_00022_png.rf.27134343f93653de165a17037bfb73c6.jpg,14,0.4991928914274377,0.5060423700339445,0.8566461544672339,0.8239019258013032,0.941162109375
00014_00021_00022_png.rf.27134343f93653de165a17037bfb73c6.jpg,7,0.5081130042672157,0.9711538553237915,0.6484375447034836,0.05769228935241699,0.01438140869140625
00014_00021_00022_png.rf.27134343f93653de165a17037bfb73c6.jpg,10,0.4702524170279503,0.973557710647583,0.524639442563057,0.052884578704833984,0.0045623779296875
00014_00021_00022_png.rf.27134343f93653de165a17037bfb73c6.jpg,0,0.465745210647583,0.9747596383094788,0.5072115659713745,0.05048072338104248,0.00373077392578125
00014_00021_00022_png.rf.27134343f93653de165a17037bfb73c6.jpg,6,0.4687500223517418,0.973557710647583,0.5036057978868484,0.052884578704833984,0.0023956298828125
00014_00022_00001_png.rf.5f053622d21d091f24ead75941f99403.jpg,14,0.5410601430890796,0.537441191558367,0.645003645572823,0.6270934980023991,0.9345703125
00014_00022_00001_png.rf.5f053622d21d091f24ead75941f99403.jpg,1,0.30942007899284363,0.9699519574642181,0.03620791435241699,0.055288493633270264,0.005558013916015625
00014_00023_00012_png.rf.b5d04ed4520fe1613bacb494db5d350f.jpg,14,0.5105654391925422,0.5225581761765702,0.7313437190580405,0.7259969299090779,0.946533203125
00014_00023_00012_png.rf.b5d04ed4520fe1613bacb494db5d350f.jpg,14,0.5288461744785309,0.07992788404226303,0.8028846383094788,0.15985576808452606,0.0465087890625
00014_00023_00012_png.rf.b5d04ed4520fe1613bacb494db5d350f.jpg,5,0.5362272399238586,0.08792746807470939,0.7073179520095674,0.17558482004556009,0.0318603515625
00014_00023_00012_png.rf.b5d04ed4520fe1613bacb494db5d350f.jpg,10,0.5600961595773697,0.08668870478868484,0.8377403914928436,0.1733774095773697,0.002777099609375
00014_00023_00012_png.rf.b5d04ed4520fe1613bacb494db5d350f.jpg,0,0.5474759787321091,0.08443509787321091,0.8257211744785309,0.16887019574642181,0.0021991729736328125
00014_00023_00014_png.rf.4f936a83f573af4da01d2c99bd65257c.jpg,14,0.505437162704286,0.5258484727125816,0.7306695732181063,0.7343607652224198,0.94775390625
00014_00023_00014_png.rf.4f936a83f573af4da01d2c99bd65257c.jpg,10,0.5153245404362679,0.06779597298736917,0.6003606170415878,0.1352914651943138,0.1783447265625
00014_00023_00014_png.rf.4f936a83f573af4da01d2c99bd65257c.jpg,0,0.5144231095910072,0.06828425423736917,0.6250000447034836,0.1362680276943138,0.0689697265625
00014_00023_00014_png.rf.4f936a83f573af4da01d2c99bd65257c.jpg,14,0.5781250298023224,0.7536057829856873,0.8413462042808533,0.4711538553237915,0.00396728515625
00014_00023_00021_png.rf.0a4585c02901034383d98335603ed09d.jpg,14,0.5163514880895246,0.5284381892241703,0.8073873756839002,0.7947311685697036,0.94580078125
00014_00023_00021_png.rf.0a4585c02901034383d98335603ed09d.jpg,14,0.5246394351124763,0.07140174508094788,0.8040865510702133,0.14280349016189575,0.054107666015625
00014_00023_00021_png.rf.0a4585c02901034383d98335603ed09d.jpg,5,0.5570920245523998,0.06050070019767014,0.8131484917139162,0.12090937303915576,0.0279998779296875
00014_00023_00021_png.rf.0a4585c02901034383d98335603ed09d.jpg,10,0.5522836893796921,0.06002103537321091,0.8353365957736969,0.12004207074642181,0.00390625
000154_jpg.rf.10e8182b19d397c1a3fc5496f48956c6.jpg,9,0.5850341400594004,0.30303196322444664,0.46153847882814647,0.31697429932863264,0.947021484375
000154_jpg.rf.10e8182b19d397c1a3fc5496f48956c6.jpg,1,0.8653846681118011,0.0075120193396287505,0.019230782985687256,0.014873798289045226,0.008758544921875
000154_jpg.rf.10e8182b19d397c1a3fc5496f48956c6.jpg,1,0.1400991603732109,0.0058687650598585606,0.025691106915473938,0.011737530119717121,0.0054931640625
000154_jpg.rf.10e8182b19d397c1a3fc5496f48956c6.jpg,9,0.37319713830947876,0.5378606021404266,0.0649038553237915,0.050480782985687256,0.0028438568115234375
000154_jpg.rf.10e8182b19d397c1a3fc5496f48956c6.jpg,1,0.1484375074505806,0.0067091723321937025,0.039963945746421814,0.012122521293349564,0.002269744873046875
000158_jpg.rf.de2717752337de37af3909a837ac1ecd.jpg,9,0.2464717533539259,0.1791669445795682,0.16870366093194514,0.24430814294397968,0.956298828125
000159_jpg.rf.1453deeb1721dd612b3e4c6ec33da5d8.jpg,9,0.721738812674793,0.19938100888931776,0.21935630433545705,0.30681490182089854,0.93408203125
000159_jpg.rf.1453deeb1721dd612b3e4c6ec33da5d8.jpg,1,0.8743990957736969,0.8581731021404266,0.014423072338104248,0.043269217014312744,0.0291748046875
000159_jpg.rf.1453deeb1721dd612b3e4c6ec33da5d8.jpg,1,0.4212740659713745,0.42848560214042664,0.016826927661895752,0.015625,0.015869140625
000159_jpg.rf.1453deeb1721dd612b3e4c6ec33da5d8.jpg,11,0.2764423100161366,0.8131009936332703,0.5510817352915183,0.286057710647583,0.0018978118896484375
000160_jpg.rf.63f912a8062e2c8868e97ab5fd14d647.jpg,9,0.4111309535859048,0.5174031119069344,0.3552358199281751,0.49227431158296475,0.94677734375
000160_jpg.rf.63f912a8062e2c8868e97ab5fd14d647.jpg,12,0.5817308127880096,0.43028847873210907,0.14182692766189575,0.2686298191547394,0.09210205078125
000160_jpg.rf.63f912a8062e2c8868e97ab5fd14d647.jpg,13,0.579927921295166,0.4272836595773697,0.135817289352417,0.2572115361690521,0.08172607421875
000160_jpg.rf.63f912a8062e2c8868e97ab5fd14d647.jpg,7,0.5685096234083176,0.4281851202249527,0.15985575318336487,0.25901445746421814,0.067138671875
000160_jpg.rf.63f912a8062e2c8868e97ab5fd14d647.jpg,9,0.31370192766189575,0.6706730872392654,0.6274038553237915,0.6586538255214691,0.02362060546875
000160_jpg.rf.63f912a8062e2c8868e97ab5fd14d647.jpg,11,0.9750601053237915,0.7968750298023224,0.04987978935241699,0.23557692766189575,0.015167236328125
000160_jpg.rf.63f912a8062e2c8868e97ab5fd14d647.jpg,8,0.9759615659713745,0.8263221383094788,0.04807686805725098,0.34375,0.01438140869140625
000160_jpg.rf.63f912a8062e2c8868e97ab5fd14d647.jpg,0,0.5073279061607996,0.4074971395819878,0.00961537771246157,0.0208269024379516,0.012020111083984375
000160_jpg.rf.63f912a8062e2c8868e97ab5fd14d647.jpg,5,0.9747596383094788,0.7944711744785309,0.05048072338104248,0.23317307233810425,0.01136016845703125
000160_jpg.rf.63f912a8062e2c8868e97ab5fd14d647.jpg,1,0.33713944628834724,0.07782452496758197,0.46454330533742905,0.15504808837431483,0.01131439208984375
000160_jpg.rf.63f912a8062e2c8868e97ab5fd14d647.jpg,0,0.3305288553237915,0.38701924681663513,0.012019217014312744,0.014423072338104248,0.01076507568359375
000160_jpg.rf.63f912a8062e2c8868e97ab5fd14d647.jpg,7,0.4990985840559006,0.42397837340831757,0.3022836744785309,0.2632211744785309,0.0060272216796875
000160_jpg.rf.63f912a8062e2c8868e97ab5fd14d647.jpg,8,0.5766226053237915,0.4290114492177963,0.153245210647583,0.2753906548023224,0.005123138427734375
000160_jpg.rf.63f912a8062e2c8868e97ab5fd14d647.jpg,8,0.5235126465559006,0.6887019276618958,0.4433594048023224,0.6225961446762085,0.004238128662109375
000160_jpg.rf.63f912a8062e2c8868e97ab5fd14d647.jpg,0,0.33082933723926544,0.3822115659713745,0.012019246816635132,0.015625,0.002864837646484375
000160_jpg.rf.63f912a8062e2c8868e97ab5fd14d647.jpg,0,0.3296274095773697,0.3807091563940048,0.017427891492843628,0.024038463830947876,0.0020351409912109375
000160_jpg.rf.63f912a8062e2c8868e97ab5fd14d647.jpg,14,0.06317608058452606,0.8497596383094788,0.12635216116905212,0.3004807233810425,0.0019502639770507812
000160_jpg.rf.63f912a8062e2c8868e97ab5fd14d647.jpg,14,0.03051757998764515,0.8422476053237915,0.0610351599752903,0.315504789352417,0.0016622543334960938
000160_jpg.rf.63f912a8062e2c8868e97ab5fd14d647.jpg,0,0.5093149244785309,0.4008413553237915,0.011418282985687256,0.03245192766189575,0.0016431808471679688
000160_jpg.rf.63f912a8062e2c8868e97ab5fd14d647.jpg,1,0.08428485691547394,0.8425481021404266,0.16856971383094788,0.31490379571914673,0.0015554428100585938
000161_jpg.rf.ae64f76d8ef6076b247838f85e05de8f.jpg,9,0.6520519359706609,0.3465894657212024,0.35819037830805145,0.6271595419853069,0.951171875
000161_jpg.rf.ae64f76d8ef6076b247838f85e05de8f.jpg,1,0.317307710647583,0.7271634638309479,0.025841355323791504,0.014423072338104248,0.00774383544921875
000161_jpg.rf.ae64f76d8ef6076b247838f85e05de8f.jpg,14,0.07282902859151363,0.9807692468166351,0.03072415664792061,0.038461506366729736,0.00579833984375
000161_jpg.rf.ae64f76d8ef6076b247838f85e05de8f.jpg,1,0.6935096681118011,0.5156250298023224,0.016826927661895752,0.014423072338104248,0.0027446746826171875
000164_jpg.rf.4299a2cf7fe633528bda8e6c82bba7e0.jpg,10,0.25649564274269426,0.4723489233928413,0.054853670564818074,0.09281672484173842,0.4962158203125
000164_jpg.rf.4299a2cf7fe633528bda8e6c82bba7e0.jpg,8,0.25641312670726407,0.4730082973292308,0.05401787057394261,0.09347529844945951,0.466796875
000164_jpg.rf.4299a2cf7fe633528bda8e6c82bba7e0.jpg,9,0.9165189564228058,0.370740681886673,0.04938405752182007,0.08423984050750732,0.369232177734375
000164_jpg.rf.4299a2cf7fe633528bda8e6c82bba7e0.jpg,10,0.9152644574642181,0.370543412929534,0.050278275943759665,0.08468178864938081,0.2645263671875
000164_jpg.rf.4299a2cf7fe633528bda8e6c82bba7e0.jpg,12,0.9170673191547394,0.36989185214042664,0.050480782985687256,0.0859375,0.086669921875
000164_jpg.rf.4299a2cf7fe633528bda8e6c82bba7e0.jpg,13,0.25555890053510666,0.4720553159713745,0.05528844892978668,0.09314906597137451,0.05169677734375
000164_jpg.rf.4299a2cf7fe633528bda8e6c82bba7e0.jpg,1,0.8293269574642181,0.013671875931322575,0.055288493633270264,0.02734375186264515,0.004581451416015625
000164_jpg.rf.4299a2cf7fe633528bda8e6c82bba7e0.jpg,8,0.9164663553237915,0.36989183723926544,0.046875,0.08533653616905212,0.0044403076171875
000164_jpg.rf.4299a2cf7fe633528bda8e6c82bba7e0.jpg,0,0.822115421295166,0.013502854853868484,0.0649038553237915,0.02651742845773697,0.0034656524658203125
000164_jpg.rf.4299a2cf7fe633528bda8e6c82bba7e0.jpg,3,0.25570914149284363,0.47235578298568726,0.05588942766189575,0.09375,0.00206756591796875
000164_jpg.rf.4299a2cf7fe633528bda8e6c82bba7e0.jpg,1,0.8118990659713745,0.014629657904151827,0.06610572338104248,0.025390625814907253,0.0019121170043945312
000165_jpg.rf.e9dabfaaf12417e2ba0ac7ec3127c251.jpg,9,0.5050944089889526,0.327052644530841,0.39243340492248535,0.5709189791061463,0.9580078125
000165_jpg.rf.e9dabfaaf12417e2ba0ac7ec3127c251.jpg,1,0.5288461744785309,0.021690956316888332,0.026442348957061768,0.03940054215490818,0.00923919677734375
000165_jpg.rf.e9dabfaaf12417e2ba0ac7ec3127c251.jpg,8,0.598557710647583,0.009023813530802727,0.1382211446762085,0.018047627061605453,0.0017147064208984375
000176_jpg.rf.96cf6ceea532f7e4169a4cea717a6219.jpg,9,0.49258624824561553,0.7061439445919392,0.5436326592813642,0.3545801470998342,0.943603515625
000176_jpg.rf.96cf6ceea532f7e4169a4cea717a6219.jpg,7,0.6167368143796921,0.8269231021404266,0.7641226351261139,0.3437500596046448,0.003658294677734375
000176_jpg.rf.96cf6ceea532f7e4169a4cea717a6219.jpg,5,0.6328125149011612,0.8323317468166351,0.7331731021404266,0.33413463830947876,0.00312042236328125
000176_jpg.rf.96cf6ceea532f7e4169a4cea717a6219.jpg,8,0.5985576957464218,0.8179086744785309,0.8028846085071564,0.36418265104293823,0.0023403167724609375
000176_jpg.rf.96cf6ceea532f7e4169a4cea717a6219.jpg,9,0.7055288553237915,0.8365384936332703,0.588942289352417,0.3245192766189575,0.00170135498046875
000187_jpg.rf.a4e0eb7a38e4d4cadcef43e381a0f033.jpg,9,0.5148589359117488,0.43255696164948704,0.41494080810084555,0.654116919291358,0.954345703125
000187_jpg.rf.a4e0eb7a38e4d4cadcef43e381a0f033.jpg,0,0.13566707074642181,0.422776460647583,0.0703125,0.041466355323791504,0.002349853515625
000187_jpg.rf.a4e0eb7a38e4d4cadcef43e381a0f033.jpg,6,0.3131009638309479,0.7059795707464218,0.6262019276618958,0.5880408585071564,0.00206756591796875
000197_jpg.rf.c3fc560c02bac1c6baeec423405f5c24.jpg,9,0.7208568136617928,0.3107653842302802,0.28364015459396674,0.4060997478239277,0.9423828125
000203_jpg.rf.39acec1ffdf2d6493cb3c0c099cec7a3.jpg,8,0.494600494578292,0.4814098978905202,0.8803927086040879,0.5708340595427511,0.964111328125
000203_jpg.rf.39acec1ffdf2d6493cb3c0c099cec7a3.jpg,0,0.21589543670415878,0.008291391655802727,0.1343149095773697,0.016582783311605453,0.00684356689453125
000208_jpg.rf.832e26c0ed8a8bd11d3f9a9e3a49c98a.jpg,8,0.6943433868391589,0.4191340333680879,0.2729576032980593,0.5295204865017392,0.931884765625
000208_jpg.rf.832e26c0ed8a8bd11d3f9a9e3a49c98a.jpg,8,0.11162861064076424,0.4804687649011612,0.04927884787321091,0.07512018084526062,0.01157379150390625
000208_jpg.rf.832e26c0ed8a8bd11d3f9a9e3a49c98a.jpg,1,0.2007211670279503,0.6496394276618958,0.13942308723926544,0.060096144676208496,0.0015621185302734375
000219_jpg.rf.95e9f863927a6517eb4e7c3f866099c4.jpg,8,0.5110754339723454,0.4481741406412012,0.4556607018161977,0.6277467119044582,0.950439453125
000219_jpg.rf.95e9f863927a6517eb4e7c3f866099c4.jpg,0,0.5931490361690521,0.02826397307217121,0.12379807233810425,0.05652794614434242,0.00534820556640625
000219_jpg.rf.95e9f863927a6517eb4e7c3f866099c4.jpg,0,0.9498197138309479,0.4191706823185086,0.10036057233810425,0.7962740566581488,0.00449371337890625
000219_jpg.rf.95e9f863927a6517eb4e7c3f866099c4.jpg,0,0.6045673191547394,0.9495192468166351,0.7067307829856873,0.10096150636672974,0.0042572021484375
000219_jpg.rf.95e9f863927a6517eb4e7c3f866099c4.jpg,1,0.5967548415064812,0.947115421295166,0.7415865808725357,0.10336542129516602,0.0028324127197265625
000219_jpg.rf.95e9f863927a6517eb4e7c3f866099c4.jpg,1,0.9567308127880096,0.4447115436196327,0.08533650636672974,0.7067307680845261,0.0016880035400390625
000221_jpg.rf.78710a088f811620a5953e13bd972228.jpg,8,0.5012030361728584,0.27486791741607913,0.45672428087765876,0.3186623119596914,0.945556640625
000242_jpg.rf.ce0b1a3828ba64c185b3638cd90951c6.jpg,8,0.7436899393796921,0.10621995478868484,0.18389424681663513,0.12815505266189575,0.88232421875
000249_jpg.rf.ce8b13229bd03d29238b79ffa6cc50c5.jpg,8,0.192097775357984,0.41038726226137323,0.1993156100100204,0.34692196032804445,0.912353515625
000254_jpg.rf.755554d1fb284c7152b5e2b32cda8aa5.jpg,8,0.6468495470516143,0.38037435935485747,0.38610245439314067,0.5520857086623868,0.946044921875
000263_jpg.rf.889dadf72dd7aa18c6b94c961b419c6a.jpg,8,0.48874166839251854,0.291311718000538,0.6608012557826983,0.3837157251367903,0.958251953125
000263_jpg.rf.889dadf72dd7aa18c6b94c961b419c6a.jpg,11,0.7860577404499054,0.5378606021404266,0.058894217014312744,0.054086506366729736,0.1446533203125
000263_jpg.rf.889dadf72dd7aa18c6b94c961b419c6a.jpg,3,0.786057710647583,0.5381610691547394,0.060096144676208496,0.054086506366729736,0.0965576171875
000263_jpg.rf.889dadf72dd7aa18c6b94c961b419c6a.jpg,5,0.7848557829856873,0.5381610691547394,0.060096144676208496,0.04987984895706177,0.0232696533203125
000264_jpg.rf.6876ea6d3378e9d03db30c2183cc5045.jpg,8,0.5317076897521559,0.2995691372469489,0.5201090553196046,0.32479284019197474,0.94970703125
000264_jpg.rf.6876ea6d3378e9d03db30c2183cc5045.jpg,1,0.7692307829856873,0.9459134936332703,0.05528843402862549,0.033653855323791504,0.0015926361083984375
000269_jpg.rf.4e2a4c97538137c2c4d881ec4cba4201.jpg,8,0.4935070832910603,0.5077980408113296,0.13068739310519334,0.2271924716152557,0.89111328125
000290_jpg.rf.e54ac541fdeec4fd02628d7930a30ad0.jpg,8,0.6457313145510852,0.375729844183661,0.3822641203179955,0.547886775014922,0.9375
000290_jpg.rf.e54ac541fdeec4fd02628d7930a30ad0.jpg,2,0.8888221383094788,0.47085337340831757,0.056490421295166016,0.08653846383094788,0.0021648406982421875
000297_jpg.rf.b373c5e86c5e0fcfe7a99082beeba1d2.jpg,8,0.5339173904187617,0.6017141132245784,0.5818186680067551,0.35186891856167973,0.956298828125
000297_jpg.rf.b373c5e86c5e0fcfe7a99082beeba1d2.jpg,8,0.5006009638309479,0.20597957994323224,0.6730769276618958,0.4059495443943888,0.0203399658203125
000297_jpg.rf.b373c5e86c5e0fcfe7a99082beeba1d2.jpg,4,0.5111178159713745,0.20597957074642181,0.720552921295166,0.41195914149284363,0.01131439208984375
000297_jpg.rf.b373c5e86c5e0fcfe7a99082beeba1d2.jpg,11,0.5018028989434242,0.20612981915473938,0.6959134787321091,0.41225963830947876,0.0049285888671875
000299_jpg.rf.37004e619318422c6e11e4db672b5a37.jpg,8,0.4997027796373781,0.4614092893382148,0.540865406233366,0.7286626416577879,0.951171875
000299_jpg.rf.37004e619318422c6e11e4db672b5a37.jpg,7,0.5141226053237915,0.5859375298023224,0.010817289352416992,0.022836506366729736,0.003002166748046875
000311_jpg.rf.92fb3e611aa56284af5fd4765e5368d3.jpg,10,0.7977558134127655,0.42187502252251735,0.3768442157648011,0.296957663103525,0.916015625
000311_jpg.rf.92fb3e611aa56284af5fd4765e5368d3.jpg,0,0.47750055674578473,0.5588942468166351,0.016152741832221984,0.03350743749816809,0.450927734375
000311_jpg.rf.92fb3e611aa56284af5fd4765e5368d3.jpg,0,0.3780048191547394,0.8149038851261139,0.7560096383094788,0.36899036169052124,0.0211944580078125
000311_jpg.rf.92fb3e611aa56284af5fd4765e5368d3.jpg,10,0.721495002409521,0.6292196969306316,0.49346825281943374,0.6956395098972676,0.009220123291015625
000311_jpg.rf.92fb3e611aa56284af5fd4765e5368d3.jpg,6,0.7872596383094788,0.6344651728868484,0.4254807233810425,0.7286659181118011,0.0018320083618164062
000319_jpg.rf.1fd32a8ec85d8ece29bdcc792fdf960c.jpg,10,0.28894230327824644,0.22890601417673376,0.20420662175535517,0.3885813312254937,0.778076171875
000319_jpg.rf.1fd32a8ec85d8ece29bdcc792fdf960c.jpg,3,0.28680890053510666,0.22806491889059544,0.20883412659168243,0.3876202218234539,0.2421875
000320_jpg.rf.62b5a7f335fc5e0c633774c04d7d7088.jpg,10,0.633225111844629,0.39376673167396703,0.27989186060198196,0.38139004218791817,0.85888671875
000320_jpg.rf.62b5a7f335fc5e0c633774c04d7d7088.jpg,9,0.6352163702249527,0.3959585428237915,0.28004810214042664,0.3823617696762085,0.033782958984375
000320_jpg.rf.62b5a7f335fc5e0c633774c04d7d7088.jpg,1,0.5447716414928436,0.018930289894342422,0.08954328298568726,0.037860579788684845,0.00152587890625
000330_jpg.rf.e8b0af092d57c4f34925bb7177a0b474.jpg,10,0.4235129239120844,0.42567858767594546,0.31376086437383904,0.2724914729374602,0.923583984375
000339_jpg.rf.09a46fe4f8a60c2703ab35a8d982461e.jpg,10,0.5596785971050755,0.594925419939732,0.5161949285136613,0.41800402058338576,0.9072265625
000339_jpg.rf.09a46fe4f8a60c2703ab35a8d982461e.jpg,8,0.5582181811332703,0.5961538553237915,0.524188756942749,0.4194711446762085,0.130615234375
000339_jpg.rf.09a46fe4f8a60c2703ab35a8d982461e.jpg,0,0.07177734561264515,0.020662748720496893,0.039287861436605453,0.019747220911085606,0.0021915435791015625
000348_jpg.rf.df4749301a69a49513ab3c77b76c6ba5.jpg,10,0.5255408810143616,0.6373259985686344,0.17210651433554924,0.22954224043049165,0.93603515625
000348_jpg.rf.df4749301a69a49513ab3c77b76c6ba5.jpg,0,0.1371694728732109,0.6544471383094788,0.02103365957736969,0.018028855323791504,0.0024623870849609375
000352_jpg.rf.d63e34658183df08ad20ef345a34795f.jpg,10,0.28414156839833343,0.40813502931963336,0.3024704027557321,0.4326688607673842,0.900390625
000353_jpg.rf.9da320bfbb4f4b6d2ec25b69a0be7f06.jpg,10,0.19644567520229952,0.15674638543966785,0.19002747070761788,0.282055490691852,0.95068359375
000353_jpg.rf.9da320bfbb4f4b6d2ec25b69a0be7f06.jpg,9,0.8197115659713745,0.8774038851261139,0.0649038553237915,0.09254807233810425,0.0095977783203125
000353_jpg.rf.9da320bfbb4f4b6d2ec25b69a0be7f06.jpg,0,0.2749399244785309,0.5126201929524541,0.5498798489570618,0.9747596140950918,0.007030487060546875
000353_jpg.rf.9da320bfbb4f4b6d2ec25b69a0be7f06.jpg,0,0.5066106021404266,0.513822115957737,0.6959134936332703,0.9723557680845261,0.003231048583984375
000353_jpg.rf.9da320bfbb4f4b6d2ec25b69a0be7f06.jpg,10,0.8185096383094788,0.8756009936332703,0.0649038553237915,0.09375,0.0017757415771484375
000354_jpg.rf.b7ccfe0e9fd239ec28a6518202c7c531.jpg,10,0.25825787836766156,0.4421239281405204,0.35740074958463547,0.45838596656443253,0.910888671875
000354_jpg.rf.b7ccfe0e9fd239ec28a6518202c7c531.jpg,6,0.09239783769589849,0.9591346383094788,0.18359375227009878,0.08173072338104248,0.015625
000354_jpg.rf.b7ccfe0e9fd239ec28a6518202c7c531.jpg,7,0.6382211744785309,0.9603365659713745,0.46754807233810425,0.07932686805725098,0.00510406494140625
000354_jpg.rf.b7ccfe0e9fd239ec28a6518202c7c531.jpg,11,0.6394231021404266,0.9621394276618958,0.46995192766189575,0.0757211446762085,0.0033206939697265625
000363_jpg.rf.ed6453a9c64ca832ebf1b36aa5a50907.jpg,10,0.7572115659713745,0.45747838966734805,0.2475616028487777,0.37467792944238176,0.91748046875
000363_jpg.rf.ed6453a9c64ca832ebf1b36aa5a50907.jpg,1,0.29957933723926544,0.6051683127880096,0.010216325521469116,0.016826927661895752,0.004207611083984375
000363_jpg.rf.ed6453a9c64ca832ebf1b36aa5a50907.jpg,0,0.0050048830671585165,0.20582933723926544,0.009784405541722663,0.046274036169052124,0.0032196044921875
000363_jpg.rf.ed6453a9c64ca832ebf1b36aa5a50907.jpg,1,0.057391829788684845,0.45552886684890836,0.11478365957736969,0.9074519642163068,0.0015621185302734375
000371_jpg.rf.d2f84e3f3e15cea3038a66be160e894f.jpg,10,0.27704327923382843,0.3275176183136974,0.1066814001556628,0.16075079227687145,0.95849609375
000371_jpg.rf.d2f84e3f3e15cea3038a66be160e894f.jpg,1,0.30288462340831757,0.013756386004388332,0.03425481915473938,0.027512772008776665,0.2103271484375
000371_jpg.rf.d2f84e3f3e15cea3038a66be160e894f.jpg,0,0.9849759936332703,0.4092548191547394,0.030048012733459473,0.0625,0.00287628173828125
000373_jpg.rf.f6a0fe844051159b218ed37511a14a7c.jpg,10,0.755714029896942,0.38955627093672207,0.10281319249359044,0.1493048312258612,0.96337890625
000373_jpg.rf.f6a0fe844051159b218ed37511a14a7c.jpg,6,0.9332933127880096,0.5468750298023224,0.019230782985687256,0.02163463830947876,0.002140045166015625
000387_jpg.rf.7119e3f9c6a97ec54b1de9f62fd6f7b2.jpg,10,0.2905837393303056,0.5034398574357462,0.4938649895720312,0.8973792755422693,0.924072265625
000394_jpg.rf.207625ae162416a9c54677d3dfb6e111.jpg,10,0.6511042822904334,0.3980055772634723,0.13466545565191324,0.18980368292321953,0.896240234375
000399_jpg.rf.db38c5d43dc8f412c03578dbabae5d19.jpg,10,0.2906444828607246,0.492502241338294,0.27179850077403156,0.37023267244847075,0.927490234375
000399_jpg.rf.db38c5d43dc8f412c03578dbabae5d19.jpg,0,0.2938701957464218,0.15519832074642181,0.03305289149284363,0.029146641492843628,0.017181396484375
000401_jpg.rf.d08904263e901566fa23580df75bfd52.jpg,7,0.5096229357070509,0.3703971776917436,0.5979523177262729,0.6120020208416673,0.952392578125
000401_jpg.rf.d08904263e901566fa23580df75bfd52.jpg,1,0.391526460647583,0.7524038851261139,0.02163463830947876,0.10096150636672974,0.003345489501953125
000413_jpg.rf.669b3ac51f4fee4f4df7766754610121.jpg,7,0.3108653613193341,0.5099238812596703,0.4744871350978162,0.4723477977836328,0.935302734375
000420_jpg.rf.0f91560519dbea3e36a02a20f10ec48b.jpg,7,0.31968402958426034,0.22888249187681237,0.38186979999275583,0.2886292928653328,0.927734375
000420_jpg.rf.0f91560519dbea3e36a02a20f10ec48b.jpg,7,0.19526927714080664,0.47189749269314263,0.15602086584204883,0.1163011592899233,0.02985382080078125
000420_jpg.rf.0f91560519dbea3e36a02a20f10ec48b.jpg,14,0.24195506953978324,0.9827823033838561,0.4839101390795665,0.034435393232287836,0.004657745361328125
000420_jpg.rf.0f91560519dbea3e36a02a20f10ec48b.jpg,6,0.6412259936332703,0.9795673191547394,0.692307710647583,0.04086536169052124,0.003170013427734375
000420_jpg.rf.0f91560519dbea3e36a02a20f10ec48b.jpg,14,0.5000000167638063,0.5634014457464218,0.9230769537389278,0.8731971085071564,0.002933502197265625
000420_jpg.rf.0f91560519dbea3e36a02a20f10ec48b.jpg,14,0.6568509787321091,0.8347356021404266,0.6225961744785309,0.33052879571914673,0.0020275115966796875
000420_jpg.rf.0f91560519dbea3e36a02a20f10ec48b.jpg,1,0.9927884936332703,0.7403846383094788,0.01201927661895752,0.015625,0.0015020370483398438
000432_jpg.rf.24bdf904d16f60471490456f826ee193.jpg,7,0.6718895351681002,0.38311540319173637,0.4098751233934645,0.6123653062784359,0.940673828125
000432_jpg.rf.24bdf904d16f60471490456f826ee193.jpg,0,0.41766828298568726,0.8341346383094788,0.05168271064758301,0.03125,0.0079498291015625
000432_jpg.rf.24bdf904d16f60471490456f826ee193.jpg,1,0.00567626953125,0.07880108430981636,0.0113525390625,0.02313702553510666,0.0038776397705078125
000432_jpg.rf.24bdf904d16f60471490456f826ee193.jpg,1,0.6748798489570618,0.04064002446830273,0.020432710647583008,0.027418870478868484,0.003307342529296875
000432_jpg.rf.24bdf904d16f60471490456f826ee193.jpg,1,0.673677921295166,0.7397836744785309,0.02403843402862549,0.03605765104293823,0.0021495819091796875
000432_jpg.rf.24bdf904d16f60471490456f826ee193.jpg,1,0.7512019574642181,0.006427471525967121,0.10456734895706177,0.012854943051934242,0.002124786376953125
000434_jpg.rf.10ecc3b6b80b17f6792a4fb7939437ca.jpg,7,0.5127795888803555,0.43043771142055764,0.5802426002822813,0.34973932491945714,0.93896484375
000434_jpg.rf.10ecc3b6b80b17f6792a4fb7939437ca.jpg,1,0.2593149244785309,0.7512019574642181,0.014423072338104248,0.043269217014312744,0.057373046875
000434_jpg.rf.10ecc3b6b80b17f6792a4fb7939437ca.jpg,1,0.6274038851261139,0.6694712042808533,0.00961536169052124,0.033653855323791504,0.0212860107421875
000434_jpg.rf.10ecc3b6b80b17f6792a4fb7939437ca.jpg,1,0.6087740659713745,0.6682692468166351,0.009615421295166016,0.04086536169052124,0.00981903076171875
000434_jpg.rf.10ecc3b6b80b17f6792a4fb7939437ca.jpg,1,0.6574519574642181,0.743990421295166,0.012019217014312744,0.03125,0.0023136138916015625
000435_jpg.rf.14bc5d69fce5237cc7bf63668f861345.jpg,7,0.526891653813763,0.3194239235042613,0.7496856220078051,0.5191772378438522,0.94873046875
000437_png_jpg.rf.5be9f4fe4b3f2ebc8ed2954d09d791bf.jpg,7,0.38731586094032605,0.49835318396546974,0.6881056580705985,0.9708696723950717,0.9462890625
000437_png_jpg.rf.5be9f4fe4b3f2ebc8ed2954d09d791bf.jpg,7,0.8181935604468349,0.8020091858083401,0.21571398895092075,0.304086535653441,0.917236328125
000437_png_jpg.rf.5be9f4fe4b3f2ebc8ed2954d09d791bf.jpg,7,0.8197115659713745,0.16939465911084223,0.21512213099336175,0.3000880345925391,0.916748046875
000437_png_jpg.rf.5be9f4fe4b3f2ebc8ed2954d09d791bf.jpg,7,0.8621090910704217,0.4841042873084448,0.21576503594544472,0.3022638481974666,0.90283203125
000437_png_jpg.rf.5be9f4fe4b3f2ebc8ed2954d09d791bf.jpg,7,0.715745210647583,0.432692333124578,0.411057710647583,0.8485577423125505,0.0016813278198242188
000450_jpg.rf.8dbe8ff0fd011220d307b9d8fe745323.jpg,11,0.2927428178516273,0.5567885605269414,0.4980527467843963,0.6886645412902852,0.94091796875
000450_jpg.rf.8dbe8ff0fd011220d307b9d8fe745323.jpg,1,0.895432710647583,0.01042292732745409,0.028846144676208496,0.02084585465490818,0.0034923553466796875
000450_jpg.rf.8dbe8ff0fd011220d307b9d8fe745323.jpg,1,0.7620192468166351,0.012648362666368484,0.03725963830947876,0.02529672533273697,0.0027446746826171875
000456_jpg.rf.afad59663b563575264001ee039d2168.jpg,11,0.624399372092464,0.5040563994456357,0.2968743877578211,0.517127995582153,0.935791015625
000456_jpg.rf.afad59663b563575264001ee039d2168.jpg,0,0.544771671295166,0.9915865659713745,0.036658644676208496,0.016826868057250977,0.0107269287109375
000456_jpg.rf.afad59663b563575264001ee039d2168.jpg,0,0.10759090073406696,0.021747296676039696,0.12165715917944908,0.04349459335207939,0.00577545166015625
000460_jpg.rf.3be56562d86269ad806603bb1cdb710c.jpg,11,0.5046583402022494,0.6358917853433431,0.7671244754967992,0.48061909161240185,0.93701171875
000461_jpg.rf.beeb2bc233e2f5893d128e0a7eea18d8.jpg,11,0.6331138696186077,0.22007777265553144,0.42968226318816444,0.2773716096685875,0.924560546875
000461_jpg.rf.beeb2bc233e2f5893d128e0a7eea18d8.jpg,11,0.623948335647583,0.5018029063940048,0.4251803159713745,0.2764423191547394,0.0809326171875
000461_jpg.rf.beeb2bc233e2f5893d128e0a7eea18d8.jpg,0,0.9086538851261139,0.6742788851261139,0.00961536169052124,0.02524036169052124,0.00804901123046875
000461_jpg.rf.beeb2bc233e2f5893d128e0a7eea18d8.jpg,0,0.6911058127880096,0.9603365957736969,0.6045673489570618,0.07692307233810425,0.004322052001953125
000461_jpg.rf.beeb2bc233e2f5893d128e0a7eea18d8.jpg,8,0.6227464228868484,0.4993990510702133,0.43479570746421814,0.27163460850715637,0.0035610198974609375
000461_jpg.rf.beeb2bc233e2f5893d128e0a7eea18d8.jpg,1,0.6838942319154739,0.9615384936332703,0.6322115361690521,0.07692301273345947,0.0031948089599609375
000463_png_jpg.rf.90ac8516e2d1a9a7999901c883dcd2a1.jpg,11,0.5036199901282318,0.46378142935201877,0.8046260215635375,0.7671297792726613,0.93017578125
000463_png_jpg.rf.90ac8516e2d1a9a7999901c883dcd2a1.jpg,1,0.4008413553237915,0.010413536801934242,0.033653855323791504,0.020827073603868484,0.0019044876098632812
000470_jpg.rf.c46a76f9f37d561bd7021182dad60a4c.jpg,11,0.573333344856898,0.2368609908223152,0.10277244011561071,0.14976363440354665,0.91552734375
000471_jpg.rf.7cff1942730924579c87c484642b6e9f.jpg,11,0.45702606454851624,0.3297285734433211,0.21396313624127822,0.2997399866111389,0.9296875
000474_jpg.rf.f9faa49f328b0810666ae1103e819a7f.jpg,11,0.31580687054866896,0.2828995072236528,0.29686430966510824,0.5336387615889818,0.9326171875
000476_jpg.rf.20e99f8a70b94c7a71d36cde8c333ec4.jpg,11,0.508563921298436,0.5079626393648629,0.47866627662549743,0.7082323382631941,0.944580078125
000491_jpg.rf.c237338f2d048f5f0326a2d4156ec65c.jpg,11,0.49308839785218955,0.3094951272579446,0.8533641391626153,0.5622000911310179,0.937255859375
000492_jpg.rf.378175376b4c76fbf8bf8cb71c5a983c.jpg,11,0.7854609643662727,0.42624353726843855,0.13882631105142873,0.18118359096400388,0.90771484375
000492_jpg.rf.378175376b4c76fbf8bf8cb71c5a983c.jpg,1,0.5733173489570618,0.011878380726557225,0.015625,0.021953876712359488,0.0018110275268554688
000498_jpg.rf.3a2dc5e243040ff3b2584564a411d3dc.jpg,11,0.37931690294913645,0.6692670316439573,0.3195074231368009,0.20960760170034232,0.925537109375
000498_jpg.rf.3a2dc5e243040ff3b2584564a411d3dc.jpg,3,0.8557692468166351,0.5468750298023224,0.07211536169052124,0.06610578298568726,0.015167236328125
000516_jpg.rf.b0df60d28c0403cd3d0d8a2f9bcd2506.jpg,11,0.6128248301639267,0.17189135856908883,0.1367073709754365,0.24259068191433864,0.932373046875
000516_jpg.rf.b0df60d28c0403cd3d0d8a2f9bcd2506.jpg,1,0.6051682829856873,0.330003023147583,0.020432710647583008,0.0659555196762085,0.00913238525390625
000520_jpg.rf.6f0a4003fe39cb3f49af95be8b3e4955.jpg,11,0.46677311419478806,0.3039225396835466,0.3326046841179313,0.40353816589229063,0.93798828125
000521_jpg.rf.0deed514852fbf84e58eea8289f5339e.jpg,11,0.3957446336566684,0.41689445089784816,0.2943642638174885,0.833101778276123,0.810546875
000525_jpg.rf.b6c20ac9c71c2b22aa23509053f69b84.jpg,11,0.49879903401589853,0.3289865024883704,0.8677978570218772,0.5944290387617704,0.94091796875
000525_jpg.rf.b6c20ac9c71c2b22aa23509053f69b84.jpg,1,0.48317308723926544,0.770432710647583,0.11117789149284363,0.457932710647583,0.001636505126953125
000567_jpg.rf.1cd65f0778ff6ceff0f43ff1710c384f.jpg,12,0.8230425948954168,0.6072802323452812,0.13585162210926682,0.18870195831479597,0.90673828125
000569_jpg.rf.8738d44828a88e4b274bc51c8f2131fa.jpg,12,0.4948934985561804,0.24662451960146428,0.4296842667731372,0.29759889950806445,0.93994140625
000572_jpg.rf.9163e3c1af48f49a6291d46f83d06166.jpg,12,0.5020979822651613,0.40836961322187837,0.11232570071764036,0.19471153616905218,0.907958984375
000572_jpg.rf.9163e3c1af48f49a6291d46f83d06166.jpg,1,0.21784856915473938,0.07252433977021831,0.03742057011669886,0.09888266507656343,0.86279296875
000572_jpg.rf.9163e3c1af48f49a6291d46f83d06166.jpg,1,0.44065123453253396,0.22674770411793832,0.04417831392061933,0.1088975053280592,0.84375
000572_jpg.rf.9163e3c1af48f49a6291d46f83d06166.jpg,1,0.3317085785545648,0.06497758219634611,0.03636927932688838,0.09816526343777987,0.812744140625
000572_jpg.rf.9163e3c1af48f49a6291d46f83d06166.jpg,1,0.09442608430981636,0.08448194517060914,0.035053771129842204,0.09945383083969173,0.8017578125
000572_jpg.rf.9163e3c1af48f49a6291d46f83d06166.jpg,12,0.6284940714005351,0.7723896890699394,0.03776061581770951,0.0618837409304116,0.2637939453125
000572_jpg.rf.9163e3c1af48f49a6291d46f83d06166.jpg,5,0.6287491317953591,0.7711166361337903,0.03806425281168491,0.05654566946069428,0.1939849853515625
000572_jpg.rf.9163e3c1af48f49a6291d46f83d06166.jpg,3,0.5528846383094788,0.7806490659713745,0.03846156597137451,0.0757211446762085,0.1455078125
000572_jpg.rf.9163e3c1af48f49a6291d46f83d06166.jpg,1,0.18194110691547394,0.29522237181663513,0.011117786169052124,0.029747605323791504,0.07354736328125
000572_jpg.rf.9163e3c1af48f49a6291d46f83d06166.jpg,5,0.5528846383094788,0.7812500298023224,0.0390625,0.07572120428085327,0.057373046875
000572_jpg.rf.9163e3c1af48f49a6291d46f83d06166.jpg,7,0.6275541186332703,0.7728365659713745,0.03575718402862549,0.05889427661895752,0.0292816162109375
000572_jpg.rf.9163e3c1af48f49a6291d46f83d06166.jpg,0,0.5700120329856873,0.5123197436332703,0.2421875,0.470552921295166,0.0286407470703125
000572_jpg.rf.9163e3c1af48f49a6291d46f83d06166.jpg,1,0.04867788590490818,0.2026742845773697,0.01742788776755333,0.011117786169052124,0.021514892578125
000572_jpg.rf.9163e3c1af48f49a6291d46f83d06166.jpg,1,0.9140625298023224,0.24519231915473938,0.02884620428085327,0.016826927661895752,0.0211944580078125
000572_jpg.rf.9163e3c1af48f49a6291d46f83d06166.jpg,3,0.6296574771404266,0.8293269574642181,0.04116588830947876,0.055288493633270264,0.0178375244140625
000572_jpg.rf.9163e3c1af48f49a6291d46f83d06166.jpg,1,0.05630258657038212,0.2026742845773697,0.029522236436605453,0.01081731915473938,0.0147705078125
000572_jpg.rf.9163e3c1af48f49a6291d46f83d06166.jpg,10,0.6292067468166351,0.8305288851261139,0.04206734895706177,0.05288463830947876,0.01374053955078125
000572_jpg.rf.9163e3c1af48f49a6291d46f83d06166.jpg,1,0.8028846383094788,0.2630517262246148,0.010388996255271898,0.03752170563259455,0.011913299560546875
000572_jpg.rf.9163e3c1af48f49a6291d46f83d06166.jpg,1,0.1664663553237915,0.29522237181663513,0.014423072338104248,0.028545677661895752,0.00804901123046875
000572_jpg.rf.9163e3c1af48f49a6291d46f83d06166.jpg,3,0.6308594048023224,0.7692307829856873,0.03635817766189575,0.0649038553237915,0.0036869049072265625
000586_jpg.rf.fde7b54f33bb7ee103b6d52e2e557a1a.jpg,12,0.7824519574642181,0.4034090516920161,0.11359259654411757,0.156260894700742,0.9169921875
000586_jpg.rf.fde7b54f33bb7ee103b6d52e2e557a1a.jpg,1,0.4627404063940048,0.36057694256305695,0.017427891492843628,0.02043268084526062,0.0184478759765625
000586_jpg.rf.fde7b54f33bb7ee103b6d52e2e557a1a.jpg,0,0.22280650529137347,0.027738132443118957,0.44501204902189784,0.055401144691131776,0.01580810546875
000586_jpg.rf.fde7b54f33bb7ee103b6d52e2e557a1a.jpg,0,0.4585608143547675,0.3620143937272918,0.02534310883823193,0.020903787454583656,0.014927864074707031
000586_jpg.rf.fde7b54f33bb7ee103b6d52e2e557a1a.jpg,1,0.22265626152511686,0.03648963599698618,0.4417067535687238,0.07230319024529308,0.01293182373046875
000586_jpg.rf.fde7b54f33bb7ee103b6d52e2e557a1a.jpg,1,0.8473557829856873,0.03603891227976419,0.2992788553237915,0.07050030044047162,0.0078887939453125
000586_jpg.rf.fde7b54f33bb7ee103b6d52e2e557a1a.jpg,3,0.021352916141040623,0.5306490510702133,0.038874702295288444,0.10456731915473938,0.00676727294921875
000586_jpg.rf.fde7b54f33bb7ee103b6d52e2e557a1a.jpg,0,0.44260817766189575,0.364182710647583,0.04026442766189575,0.012019217014312744,0.004322052001953125
000586_jpg.rf.fde7b54f33bb7ee103b6d52e2e557a1a.jpg,1,0.22400842048227787,0.01749361578731623,0.331430297344923,0.03491211137952632,0.0035877227783203125
000586_jpg.rf.fde7b54f33bb7ee103b6d52e2e557a1a.jpg,0,0.021108774326421553,0.5234375298023224,0.04206730826263083,0.12019234895706177,0.0034389495849609375
000586_jpg.rf.fde7b54f33bb7ee103b6d52e2e557a1a.jpg,0,0.6424278914928436,0.01909930975671159,0.5637019276618958,0.03789813873299863,0.00269317626953125
000586_jpg.rf.fde7b54f33bb7ee103b6d52e2e557a1a.jpg,0,0.43329328298568726,0.36838942766189575,0.020432710647583008,0.014423072338104248,0.0025691986083984375
000586_jpg.rf.fde7b54f33bb7ee103b6d52e2e557a1a.jpg,3,0.010873648338019848,0.5324519276618958,0.021747296676039696,0.0991586446762085,0.0022602081298828125
000604_jpg.rf.261636c78c3dad441cc7fbb10f497cf2.jpg,12,0.5354567393660545,0.5925480872392654,0.6057692319154739,0.38461539149284363,0.455810546875
000604_jpg.rf.261636c78c3dad441cc7fbb10f497cf2.jpg,7,0.534930907189846,0.5913461744785309,0.6032151728868484,0.38341349363327026,0.34033203125
000618_jpg.rf.2938df7a98fc40e6e0fdf623e0d1d085.jpg,12,0.8176074167615488,0.35456098952379667,0.2608204523199483,0.3906265889539531,0.927734375
000618_jpg.rf.2938df7a98fc40e6e0fdf623e0d1d085.jpg,1,0.49819715321063995,0.3930288553237915,0.027644246816635132,0.021033644676208496,0.0032939910888671875
000618_jpg.rf.2938df7a98fc40e6e0fdf623e0d1d085.jpg,1,0.41376203298568726,0.37319712340831757,0.01742786169052124,0.05048075318336487,0.0022258758544921875
000630_jpg.rf.8560dc7b77f06401f76fa84c9d592ae9.jpg,12,0.888221189211118,0.5198351534784734,0.18744564141075548,0.24819712323974352,0.927978515625
000630_jpg.rf.8560dc7b77f06401f76fa84c9d592ae9.jpg,1,0.7968750298023224,0.34585338830947876,0.016826927661895752,0.057091355323791504,0.01131439208984375
000630_jpg.rf.8560dc7b77f06401f76fa84c9d592ae9.jpg,0,0.08909255440812558,0.0058687650598585606,0.17608174332417548,0.011737530119717121,0.0020198822021484375
000630_jpg.rf.8560dc7b77f06401f76fa84c9d592ae9.jpg,0,0.7175481021404266,0.0057373046875,0.08413463830947876,0.011474609375,0.001956939697265625
000661_jpg.rf.883d895f9dab5e9c4d081aba15c224e9.jpg,12,0.25812911884686063,0.5422191804391484,0.27159591262238786,0.48106003593449564,0.932373046875
000661_jpg.rf.883d895f9dab5e9c4d081aba15c224e9.jpg,0,0.20282453298568726,0.6700721234083176,0.4056490659713745,0.6598557531833649,0.0035190582275390625
000661_jpg.rf.883d895f9dab5e9c4d081aba15c224e9.jpg,5,0.7818509936332703,0.5612980797886848,0.432692289352417,0.6923076957464218,0.001617431640625
000669_jpg.rf.c04ea8a7d20d809e96f5d77afd89b34c.jpg,12,0.6740636574263629,0.3415530768688768,0.3003028607489462,0.37387450700466585,0.9140625
000683_jpg.rf.19f5e5dc49316864cf8414620322fab8.jpg,12,0.3646023754407069,0.3518754129061288,0.11204206754316104,0.19807895339943943,0.915283203125
000683_jpg.rf.19f5e5dc49316864cf8414620322fab8.jpg,1,0.3774038553237915,0.9663462042808533,0.020432710647583008,0.010817289352416992,0.10028076171875
000683_jpg.rf.19f5e5dc49316864cf8414620322fab8.jpg,1,0.36147837340831757,0.9693509936332703,0.01262018084526062,0.008413434028625488,0.0250701904296875
000683_jpg.rf.19f5e5dc49316864cf8414620322fab8.jpg,1,0.43629808723926544,0.9747596681118011,0.009615391492843628,0.00961536169052124,0.0066375732421875
000697_jpg.rf.3658820578fe692b31ba515bf77dc5b7.jpg,12,0.5054056908587796,0.24234371797843837,0.33292077616857807,0.44350515829259546,0.934326171875
000698_jpg.rf.48581efaccf0042847a8640d1213857e.jpg,12,0.5446654899264789,0.29800356149573143,0.4875983764691899,0.3592220433268567,0.94287109375
000698_jpg.rf.48581efaccf0042847a8640d1213857e.jpg,11,0.48858175426721573,0.6696214377880096,0.49278847873210907,0.37710338830947876,0.10931396484375
000698_jpg.rf.48581efaccf0042847a8640d1213857e.jpg,0,0.595552921295166,0.11087740585207939,0.06730771064758301,0.026141829788684845,0.005428314208984375
000698_jpg.rf.48581efaccf0042847a8640d1213857e.jpg,1,0.5970553159713745,0.1152343787252903,0.0679086446762085,0.02794470638036728,0.0021648406982421875
000707_jpg.rf.425d3bbda0d5bfb0e541cdfb6631d8a4.jpg,7,0.8317307964869123,0.31085113662721786,0.09669835972854657,0.17124833666453784,0.84716796875
000707_jpg.rf.425d3bbda0d5bfb0e541cdfb6631d8a4.jpg,0,0.48969057875572164,0.21925573419948746,0.0422535404026802,0.026488861874282066,0.07273101806640625
000707_jpg.rf.425d3bbda0d5bfb0e541cdfb6631d8a4.jpg,1,0.8762019574642181,0.012714093480099109,0.02884620428085327,0.02535306676509208,0.028228759765625
000707_jpg.rf.425d3bbda0d5bfb0e541cdfb6631d8a4.jpg,1,0.489182710647583,0.21799880266189575,0.03966343402862549,0.01953125,0.00829315185546875
000707_jpg.rf.425d3bbda0d5bfb0e541cdfb6631d8a4.jpg,0,0.5050303418974034,0.13503737159560436,0.05807064989577193,0.03176838260585978,0.007877349853515625
000707_jpg.rf.425d3bbda0d5bfb0e541cdfb6631d8a4.jpg,1,0.5060096383094788,0.13604267314076424,0.052283644676208496,0.02914663404226303,0.00676727294921875
000707_jpg.rf.425d3bbda0d5bfb0e541cdfb6631d8a4.jpg,14,0.7512019574642181,0.01921199061689549,0.12980765104293823,0.03827374084357871,0.0029449462890625
000707_jpg.rf.425d3bbda0d5bfb0e541cdfb6631d8a4.jpg,0,0.6995192766189575,0.12620192766189575,0.026442289352416992,0.012319713830947876,0.002887725830078125
000707_jpg.rf.425d3bbda0d5bfb0e541cdfb6631d8a4.jpg,9,0.02709961123764515,0.190204334910959,0.0541992224752903,0.36237982381135225,0.0021495819091796875
000707_jpg.rf.425d3bbda0d5bfb0e541cdfb6631d8a4.jpg,1,0.5748197436332703,0.3140024244785309,0.015024065971374512,0.0234375,0.0021152496337890625
000708_jpg.rf.016d77947d4da21396dd624a736b525f.jpg,13,0.4322004744374636,0.2793783583386313,0.4931542566160626,0.3667348715892733,0.953125
000716_jpg.rf.8ea1dbec2d4acd57dc6023d25305cddd.jpg,13,0.7082617912329783,0.2854453017252754,0.18575430584699892,0.3386475530352244,0.936279296875
000717_jpg.rf.221c34fc5f23b2561f3724382f2bbe87.jpg,13,0.7578125298023224,0.24324049247935384,0.3659281780931847,0.4864809849587077,0.955078125
000717_jpg.rf.221c34fc5f23b2561f3724382f2bbe87.jpg,0,0.4681490510702133,0.9891827404499054,0.021634608507156372,0.019230782985687256,0.00287628173828125
000720_jpg.rf.fabf8fb2dda4602ca8a712b6cc079690.jpg,13,0.6565108194117204,0.2156799983440723,0.45411526647739764,0.3366688586356469,0.92041015625
000720_jpg.rf.fabf8fb2dda4602ca8a712b6cc079690.jpg,0,0.20222356542944908,0.5354567617177963,0.2031250074505806,0.09134617447853088,0.003505706787109375
000720_jpg.rf.fabf8fb2dda4602ca8a712b6cc079690.jpg,0,0.16601563664153218,0.5558894574642181,0.32061300333589315,0.13341349363327026,0.0015859603881835938
000721_jpg.rf.933725532705bbd7964667ffb599ae8c.jpg,7,0.40024668368865235,0.7112568512081563,0.19946895301862783,0.301682710647583,0.922119140625
000721_jpg.rf.933725532705bbd7964667ffb599ae8c.jpg,0,0.40828997724740296,0.9889291197158705,0.012239791303664815,0.02017911342781642,0.008190155029296875
000721_jpg.rf.933725532705bbd7964667ffb599ae8c.jpg,0,0.1450570970773697,0.8701923191547394,0.011868983507156372,0.012019217014312744,0.0021648406982421875
000743_jpg.rf.06d54c42338b3d0d4ab19b6d7b61c831.jpg,13,0.7400430337272079,0.44722441598822205,0.39001231171438655,0.5815833156442534,0.961181640625
000744_jpg.rf.3a88e46bcbd6377255d7a951769ce015.jpg,5,0.3241439149419323,0.5358074935385609,0.4309631171591904,0.925529912631723,0.53155517578125
000744_jpg.rf.3a88e46bcbd6377255d7a951769ce015.jpg,11,0.32301684096455574,0.5360577069222927,0.43088945001363754,0.9242788627743721,0.447509765625
000744_jpg.rf.3a88e46bcbd6377255d7a951769ce015.jpg,13,0.3226096109862913,0.536864262204944,0.4319147744722534,0.9245424515061211,0.44183349609375
000744_jpg.rf.3a88e46bcbd6377255d7a951769ce015.jpg,3,0.32451924681663513,0.5324519462883472,0.42788463830947876,0.9278846606612206,0.07989501953125
000744_jpg.rf.3a88e46bcbd6377255d7a951769ce015.jpg,14,0.7788462042808533,0.6370192766189575,0.033653855323791504,0.03125,0.023712158203125
000744_jpg.rf.3a88e46bcbd6377255d7a951769ce015.jpg,14,0.8804086744785309,0.6508413851261139,0.03245192766189575,0.030048072338104248,0.006313323974609375
000744_jpg.rf.3a88e46bcbd6377255d7a951769ce015.jpg,5,0.5612980797886848,0.5033052884973586,0.8774038404226303,0.9933894230052829,0.004306793212890625
000746_jpg.rf.f8aeda5143c1ab7c7567100339a5d702.jpg,13,0.8686975091972391,0.30967193851615415,0.15683582419585373,0.26594820626927634,0.920654296875
000746_jpg.rf.f8aeda5143c1ab7c7567100339a5d702.jpg,0,0.2694936990737915,0.21003606915473938,0.26389724016189575,0.1742788553237915,0.034759521484375
000754_jpg.rf.14060f80258829694549cc005fae6148.jpg,13,0.743990421295166,0.19190040684479753,0.223557710647583,0.27840811913483776,0.9375
000754_jpg.rf.14060f80258829694549cc005fae6148.jpg,11,0.7584134936332703,0.5681998508493915,0.2211538553237915,0.27465800894880005,0.923095703125
000754_jpg.rf.14060f80258829694549cc005fae6148.jpg,11,0.5156250223517418,0.4831730853766203,0.72475965321064,0.8846153952181339,0.0022525787353515625
000758_jpg.rf.f38ff756075bb62b78793d0743915a55.jpg,13,0.6617756133135436,0.40043063554060826,0.4907371486098972,0.800274856244987,0.96826171875
000758_jpg.rf.f38ff756075bb62b78793d0743915a55.jpg,1,0.9459134936332703,0.07977764680981636,0.01201927661895752,0.02554086595773697,0.00872039794921875
000759_jpg.rf.aeddff76b9dfcef225f8a6fc0761cfa8.jpg,13,0.7097356021404266,0.2851390165699359,0.18870192766189575,0.33623368895818945,0.935791015625
000760_jpg.rf.488c72e9b38fa4dc13f144e8810537fb.jpg,13,0.7382498419312002,0.3949722778179508,0.3216808391034165,0.5736760475120878,0.963623046875
000760_jpg.rf.488c72e9b38fa4dc13f144e8810537fb.jpg,1,0.2803485691547394,0.5294471085071564,0.01772838830947876,0.016826927661895752,0.001598358154296875
000773_jpg.rf.111fbb03a2a0b7938ea745467749d021.jpg,13,0.8431359335671602,0.21002293306593778,0.2284704209242353,0.33713943503107047,0.9384765625
000773_jpg.rf.111fbb03a2a0b7938ea745467749d021.jpg,14,0.2806490510702133,0.4915865659713745,0.03425481915473938,0.0649038553237915,0.0097808837890625
000787_jpg.rf.07476d2cee9a7187b9d511139e64a3fa.jpg,13,0.2538329320395831,0.17555450562964917,0.1705184765022183,0.21739427100754743,0.92333984375
000787_jpg.rf.07476d2cee9a7187b9d511139e64a3fa.jpg,0,0.426682710647583,0.022498498670756817,0.028846144676208496,0.02197265811264515,0.00768280029296875
000787_jpg.rf.07476d2cee9a7187b9d511139e64a3fa.jpg,1,0.634615421295166,0.7043269574642181,0.049278855323791504,0.07692307233810425,0.0055999755859375
000787_jpg.rf.07476d2cee9a7187b9d511139e64a3fa.jpg,12,0.2436523586511612,0.2641225988045335,0.2681039869785309,0.49759615771472454,0.005451202392578125
000787_jpg.rf.9ae01d93a58b54e9e0ce741e26ee0bbb.jpg,0,0.606228080644752,0.1894236779799967,0.02198372956478234,0.07949929128993641,0.8056640625
000787_jpg.rf.9ae01d93a58b54e9e0ce741e26ee0bbb.jpg,0,0.31293127395728254,0.22472069577413842,0.020772090394913678,0.07509220533974642,0.744384765625
000787_jpg.rf.9ae01d93a58b54e9e0ce741e26ee0bbb.jpg,1,0.7253606021404266,0.011549729722901247,0.014423072338104248,0.022460937761934474,0.0177001953125
000787_jpg.rf.9ae01d93a58b54e9e0ce741e26ee0bbb.jpg,1,0.8389423191547394,0.015765851363539696,0.019230782985687256,0.03153170272707939,0.0143280029296875
000787_jpg.rf.9ae01d93a58b54e9e0ce741e26ee0bbb.jpg,1,0.7836538851261139,0.02360652086645132,0.016826927661895752,0.04698768114030827,0.0108489990234375
000787_jpg.rf.9ae01d93a58b54e9e0ce741e26ee0bbb.jpg,8,0.06332632340490818,0.4350961744785309,0.03079928085207939,0.03245192766189575,0.0079803466796875
000787_jpg.rf.9ae01d93a58b54e9e0ce741e26ee0bbb.jpg,0,0.7982964151233516,0.02617354774885485,0.023599578315003478,0.04681721101906201,0.0056304931640625
000787_jpg.rf.9ae01d93a58b54e9e0ce741e26ee0bbb.jpg,8,0.41586539149284363,0.5306490510702133,0.04807692766189575,0.08413460850715637,0.0034656524658203125
000787_jpg.rf.9ae01d93a58b54e9e0ce741e26ee0bbb.jpg,1,0.7319711744785309,0.013455904962029308,0.016826927661895752,0.025371845928020775,0.0022430419921875
000787_jpg.rf.9ae01d93a58b54e9e0ce741e26ee0bbb.jpg,9,0.06118539720773697,0.4368990659713745,0.029672473669052124,0.03245192766189575,0.0018901824951171875
000787_jpg.rf.9ae01d93a58b54e9e0ce741e26ee0bbb.jpg,1,0.18780048936605453,0.4843750298023224,0.012019231915473938,0.03725963830947876,0.0018825531005859375
000794_jpg.rf.d5da386085366607e8c92c0e564dec3c.jpg,13,0.4645296752049067,0.3789108132457224,0.26175056583499956,0.40447439857452344,0.93701171875
000794_jpg.rf.d5da386085366607e8c92c0e564dec3c.jpg,0,0.9445529372668733,0.6871305123653287,0.1089272339143178,0.6257389752693425,0.01050567626953125
000794_jpg.rf.d5da386085366607e8c92c0e564dec3c.jpg,1,0.7307692468166351,0.6532452404499054,0.11298078298568726,0.06370192766189575,0.00934600830078125
000794_jpg.rf.d5da386085366607e8c92c0e564dec3c.jpg,1,0.7524038553237915,0.6610577404499054,0.0649038553237915,0.050480782985687256,0.00626373291015625
000794_jpg.rf.d5da386085366607e8c92c0e564dec3c.jpg,1,0.9822716414928436,0.5240384936332703,0.035456717014312744,0.0805288553237915,0.006191253662109375
000794_jpg.rf.d5da386085366607e8c92c0e564dec3c.jpg,1,0.7259615659713745,0.806490421295166,0.13100957870483398,0.384615421295166,0.0054931640625
000794_jpg.rf.d5da386085366607e8c92c0e564dec3c.jpg,1,0.8040865659713745,0.6670673191547394,0.020432710647583008,0.04807692766189575,0.0025310516357421875
000794_jpg.rf.d5da386085366607e8c92c0e564dec3c.jpg,1,0.9543269276618958,0.8025841414928436,0.0913461446762085,0.39483171701431274,0.0015497207641601562
000794_jpg.rf.fb03929472105076100d8214f2bce058.jpg,1,0.5274889693856426,0.25748176459172767,0.014423072338104248,0.05155767565859046,0.778076171875
000794_jpg.rf.fb03929472105076100d8214f2bce058.jpg,1,0.4335873992160578,0.26217902869360665,0.015625,0.05285914576674278,0.679931640625
000794_jpg.rf.fb03929472105076100d8214f2bce058.jpg,1,0.6099759638309479,0.009357159317005426,0.016826927661895752,0.01828237751033157,0.01629638671875
000794_jpg.rf.fb03929472105076100d8214f2bce058.jpg,11,0.3227914869785309,0.7896634936332703,0.06715744733810425,0.03605771064758301,0.00855255126953125
000794_jpg.rf.fb03929472105076100d8214f2bce058.jpg,1,0.6310096383094788,0.01537147029011976,0.01201927661895752,0.03029221939505078,0.0084228515625
000794_jpg.rf.fb03929472105076100d8214f2bce058.jpg,8,0.41466347873210907,0.26141828298568726,0.018028825521469116,0.0390625,0.006870269775390625
000794_jpg.rf.fb03929472105076100d8214f2bce058.jpg,11,0.5649038851261139,0.7848558127880096,0.06129807233810425,0.030048072338104248,0.005245208740234375
000794_jpg.rf.fb03929472105076100d8214f2bce058.jpg,13,0.6484375298023224,0.41376203298568726,0.019230782985687256,0.0234375,0.004726409912109375
000794_jpg.rf.fb03929472105076100d8214f2bce058.jpg,8,0.5637019276618958,0.786057710647583,0.0679086446762085,0.028846144676208496,0.004459381103515625
000794_jpg.rf.fb03929472105076100d8214f2bce058.jpg,13,0.6466346383094788,0.4062500149011612,0.018028855323791504,0.030048102140426636,0.003047943115234375
000794_jpg.rf.fb03929472105076100d8214f2bce058.jpg,9,0.39573317766189575,0.32872597873210907,0.016826927661895752,0.031850963830947876,0.0016298294067382812
000794_jpg.rf.fb03929472105076100d8214f2bce058.jpg,1,0.642427921295166,0.014545148096658522,0.020432710647583008,0.02894005580310477,0.0015201568603515625
000798_jpg.rf.ebfbe0c2aedd873835d44200db1dc2a0.jpg,13,0.806781891934172,0.37450700306785323,0.3046910984073571,0.44837129428358136,0.937744140625
000798_jpg.rf.ebfbe0c2aedd873835d44200db1dc2a0.jpg,0,0.12334736436605453,0.6430288851261139,0.06460337340831757,0.04086536169052124,0.00909423828125
000798_jpg.rf.ebfbe0c2aedd873835d44200db1dc2a0.jpg,7,0.790865421295166,0.6748798340559006,0.417067289352417,0.5709134638309479,0.005451202392578125
000798_jpg.rf.ebfbe0c2aedd873835d44200db1dc2a0.jpg,9,0.7946214377880096,0.6395733505487442,0.40835338830947876,0.6295072734355927,0.004093170166015625
000798_jpg.rf.ebfbe0c2aedd873835d44200db1dc2a0.jpg,14,0.23106971383094788,0.7243089079856873,0.46213942766189575,0.5513821840286255,0.0027141571044921875
000798_jpg.rf.ebfbe0c2aedd873835d44200db1dc2a0.jpg,5,0.42908656370127574,0.786057710647583,0.8557692811591551,0.427884578704834,0.002471923828125
000798_jpg.rf.ebfbe0c2aedd873835d44200db1dc2a0.jpg,11,0.9945913553237915,0.5640024244785309,0.010817289352416992,0.03665870428085327,0.0019273757934570312
000804_jpg.rf.4e7ca73a942d0dc390decda54b80b347.jpg,1,0.5252403914928436,0.3665865510702133,0.07451921701431274,0.028846174478530884,0.267578125
000804_jpg.rf.4e7ca73a942d0dc390decda54b80b347.jpg,8,0.5150706407614398,0.11950321100244102,0.02918769724286152,0.056075721681299276,0.22577667236328125
000804_jpg.rf.4e7ca73a942d0dc390decda54b80b347.jpg,0,0.19200722128152847,0.18179087340831757,0.022536054253578186,0.05588942766189575,0.17431640625
000804_jpg.rf.4e7ca73a942d0dc390decda54b80b347.jpg,9,0.4826886113769081,0.12122827314373602,0.03245192766189575,0.05830722284616768,0.15777587890625
000804_jpg.rf.4e7ca73a942d0dc390decda54b80b347.jpg,8,0.48317308723926544,0.12079327180981636,0.033653825521469116,0.05649038404226303,0.1512451171875
000804_jpg.rf.4e7ca73a942d0dc390decda54b80b347.jpg,7,0.4822716563940048,0.1210937537252903,0.031850963830947876,0.06039663404226303,0.13525390625
000804_jpg.rf.4e7ca73a942d0dc390decda54b80b347.jpg,12,0.4823183560691535,0.12155458077681411,0.031063150960767894,0.05814054997907164,0.1318206787109375
000804_jpg.rf.4e7ca73a942d0dc390decda54b80b347.jpg,0,0.19411057978868484,0.16721755638718605,0.027644231915473938,0.08563702553510666,0.0765380859375
000804_jpg.rf.4e7ca73a942d0dc390decda54b80b347.jpg,0,0.572115421295166,0.10574831095440708,0.02602372527090102,0.05932181145998891,0.042118072509765625
000804_jpg.rf.4e7ca73a942d0dc390decda54b80b347.jpg,8,0.21604567766189575,0.18025090545415878,0.024038463830947876,0.05536358058452606,0.006534576416015625
000804_jpg.rf.4e7ca73a942d0dc390decda54b80b347.jpg,8,0.5922476351261139,0.1044921912252903,0.05348557233810425,0.07061298936605453,0.00600433349609375
000804_jpg.rf.4e7ca73a942d0dc390decda54b80b347.jpg,1,0.33954328298568726,0.18539664149284363,0.012019217014312744,0.013221144676208496,0.005245208740234375
000804_jpg.rf.4e7ca73a942d0dc390decda54b80b347.jpg,8,0.1655273512005806,0.18043870478868484,0.027118399739265442,0.05438701808452606,0.00522613525390625
000804_jpg.rf.4e7ca73a942d0dc390decda54b80b347.jpg,1,0.4639423340559006,0.2046274170279503,0.01862981915473938,0.027644231915473938,0.004909515380859375
000804_jpg.rf.4e7ca73a942d0dc390decda54b80b347.jpg,8,0.15655048936605453,0.16917067766189575,0.04176683723926544,0.07632210850715637,0.004337310791015625
000804_jpg.rf.4e7ca73a942d0dc390decda54b80b347.jpg,8,0.5745192468166351,0.10529973730444908,0.03425484895706177,0.06373948603868484,0.0020122528076171875
000804_jpg.rf.4e7ca73a942d0dc390decda54b80b347.jpg,1,0.4936899095773697,0.40745192766189575,0.018028825521469116,0.015625,0.0018110275268554688
000804_jpg.rf.4e7ca73a942d0dc390decda54b80b347.jpg,1,0.18479567766189575,0.015352689661085606,0.039663463830947876,0.03070537932217121,0.001728057861328125
000805_jpg.rf.94d2e8ac75427db493e80a39372f51f6.jpg,1,0.32091347873210907,0.21630489881280607,0.021900626547020408,0.07344546929455784,0.544921875
000805_jpg.rf.94d2e8ac75427db493e80a39372f51f6.jpg,1,0.5358035276644504,0.17512855633059626,0.018722357414777235,0.06275511787777813,0.397705078125
000805_jpg.rf.94d2e8ac75427db493e80a39372f51f6.jpg,0,0.5076284707692277,0.17754478235746224,0.01793128186046422,0.06452464023639357,0.2977294921875
000805_jpg.rf.94d2e8ac75427db493e80a39372f51f6.jpg,0,0.29258146881448915,0.2173184589652495,0.023839640561409525,0.08199120493205986,0.1495208740234375
000805_jpg.rf.94d2e8ac75427db493e80a39372f51f6.jpg,0,0.29266826808452606,0.22686298936605453,0.015024036169052124,0.06009615957736969,0.0692138671875
000805_jpg.rf.94d2e8ac75427db493e80a39372f51f6.jpg,1,0.22385817766189575,0.4585336744785309,0.022836536169052124,0.06370192766189575,0.06878662109375
000805_jpg.rf.94d2e8ac75427db493e80a39372f51f6.jpg,0,0.6478365659713745,0.5856370329856873,0.026442289352416992,0.017427921295166016,0.06341552734375
000805_jpg.rf.94d2e8ac75427db493e80a39372f51f6.jpg,0,0.6526442468166351,0.5871394574642181,0.030048072338104248,0.012019217014312744,0.042388916015625
000805_jpg.rf.94d2e8ac75427db493e80a39372f51f6.jpg,0,0.6699841487472209,0.27087967893428827,0.01339712380072422,0.04253627102171775,0.02819061279296875
000805_jpg.rf.94d2e8ac75427db493e80a39372f51f6.jpg,1,0.29852765798568726,0.22085337340831757,0.028545677661895752,0.07121393084526062,0.0191650390625
000805_jpg.rf.94d2e8ac75427db493e80a39372f51f6.jpg,1,0.28336362962602357,0.441393222833134,0.025861837956881073,0.05168271064758301,0.01721954345703125
000805_jpg.rf.94d2e8ac75427db493e80a39372f51f6.jpg,0,0.5063101202249527,0.1914062574505806,0.017427891492843628,0.04026441276073456,0.01482391357421875
000805_jpg.rf.94d2e8ac75427db493e80a39372f51f6.jpg,1,0.08458533883094788,0.3828125149011612,0.012019231915473938,0.033653825521469116,0.014434814453125
000805_jpg.rf.94d2e8ac75427db493e80a39372f51f6.jpg,0,0.05866887420415878,0.46454328298568726,0.020432695746421814,0.020432710647583008,0.01221466064453125
000805_jpg.rf.94d2e8ac75427db493e80a39372f51f6.jpg,1,0.8395433127880096,0.035494291441864334,0.02163463830947876,0.07023738094721921,0.01114654541015625
000805_jpg.rf.94d2e8ac75427db493e80a39372f51f6.jpg,14,0.41225963830947876,0.5012019460555166,0.8245192766189575,0.9903846611268818,0.00899505615234375
000805_jpg.rf.94d2e8ac75427db493e80a39372f51f6.jpg,0,0.9326923489570618,0.3100961595773697,0.01923072338104248,0.022836536169052124,0.00836181640625
000805_jpg.rf.94d2e8ac75427db493e80a39372f51f6.jpg,8,0.47716347873210907,0.20492789149284363,0.025240391492843628,0.034855782985687256,0.00807952880859375
000805_jpg.rf.94d2e8ac75427db493e80a39372f51f6.jpg,1,0.829927921295166,0.04507211710733827,0.044471144676208496,0.08939303227816708,0.006534576416015625
000805_jpg.rf.94d2e8ac75427db493e80a39372f51f6.jpg,1,0.29567308723926544,0.16706731915473938,0.013822108507156372,0.016225963830947876,0.0059814453125
000806_jpg.rf.6231e471fcf0e8949c69ed74a31f5a16.jpg,9,0.5578429159645689,0.18306762748727845,0.10727048016982854,0.1864477549745569,0.947509765625
000806_jpg.rf.6231e471fcf0e8949c69ed74a31f5a16.jpg,9,0.817307710647583,0.5931490585207939,0.365384578704834,0.8016827255487442,0.004779815673828125
000806_jpg.rf.6231e471fcf0e8949c69ed74a31f5a16.jpg,3,0.783052921295166,0.837740421295166,0.028846144676208496,0.052884578704833984,0.0028438568115234375
000806_jpg.rf.6231e471fcf0e8949c69ed74a31f5a16.jpg,3,0.8016827404499054,0.8401442766189575,0.09254807233810425,0.060096144676208496,0.0026397705078125
000806_jpg.rf.6231e471fcf0e8949c69ed74a31f5a16.jpg,1,0.8581731021404266,0.008887658244930208,0.012019217014312744,0.01217886176891625,0.001956939697265625
000806_jpg.rf.65fd914cb8c7572d43eb1b2fe99724b8.jpg,1,0.3377404063940048,0.15047192157641665,0.024655892424387482,0.09245752017587831,0.74853515625
000806_jpg.rf.65fd914cb8c7572d43eb1b2fe99724b8.jpg,1,0.550759860709922,0.12583445873468707,0.02339472141984389,0.08855066361696753,0.712890625
000806_jpg.rf.65fd914cb8c7572d43eb1b2fe99724b8.jpg,8,0.5775532534619643,0.1332148098744346,0.02714011595712451,0.057120545939387854,0.360595703125
000806_jpg.rf.65fd914cb8c7572d43eb1b2fe99724b8.jpg,7,0.5769231021404266,0.13386419042944908,0.030048072338104248,0.05919472128152847,0.286865234375
000806_jpg.rf.65fd914cb8c7572d43eb1b2fe99724b8.jpg,1,0.832273480319885,0.2735440269067544,0.0205493032457279,0.06405170545633038,0.22210693359375
000806_jpg.rf.65fd914cb8c7572d43eb1b2fe99724b8.jpg,1,0.822115421295166,0.03724076751982109,0.02894154284424011,0.07284944977629508,0.08732795715332031
000806_jpg.rf.65fd914cb8c7572d43eb1b2fe99724b8.jpg,9,0.6286057829856873,0.2968750149011612,0.02403843402862549,0.044471174478530884,0.08551025390625
000806_jpg.rf.65fd914cb8c7572d43eb1b2fe99724b8.jpg,8,0.5621995627880096,0.1269531324505806,0.04567307233810425,0.08353365957736969,0.0291748046875
000806_jpg.rf.65fd914cb8c7572d43eb1b2fe99724b8.jpg,9,0.5808293521404266,0.13363882526755333,0.024038493633270264,0.05994591861963272,0.0276031494140625
000806_jpg.rf.65fd914cb8c7572d43eb1b2fe99724b8.jpg,0,0.5772235989570618,0.13348858430981636,0.028846144676208496,0.05964543670415878,0.0222625732421875
000806_jpg.rf.65fd914cb8c7572d43eb1b2fe99724b8.jpg,1,0.8257212042808533,0.14858774468302727,0.026442289352416992,0.08233172446489334,0.01136016845703125
000806_jpg.rf.65fd914cb8c7572d43eb1b2fe99724b8.jpg,0,0.6286057829856873,0.299729585647583,0.021634578704833984,0.045372605323791504,0.00638580322265625
000806_jpg.rf.65fd914cb8c7572d43eb1b2fe99724b8.jpg,1,0.8215144574642181,0.2734375074505806,0.020432651042938232,0.06099759042263031,0.006191253662109375
000806_jpg.rf.65fd914cb8c7572d43eb1b2fe99724b8.jpg,1,0.7526326359198463,0.9146634936332703,0.013965570750639422,0.007860318376355035,0.004650115966796875
000806_jpg.rf.65fd914cb8c7572d43eb1b2fe99724b8.jpg,1,0.7427884936332703,0.027663011249387637,0.028846144676208496,0.05449970037443563,0.004634857177734375
000806_jpg.rf.65fd914cb8c7572d43eb1b2fe99724b8.jpg,1,0.8713942468166351,0.010206956285401247,0.014423072338104248,0.019775390886934474,0.00390625
000806_jpg.rf.65fd914cb8c7572d43eb1b2fe99724b8.jpg,7,0.5625000298023224,0.1265024058520794,0.04807692766189575,0.08353365212678909,0.0025806427001953125
000806_jpg.rf.65fd914cb8c7572d43eb1b2fe99724b8.jpg,1,0.8179086744785309,0.2720853462815285,0.012019217014312744,0.047776445746421814,0.0016431808471679688
000811_jpg.rf.681f1fb744ef25577eda745e77a64216.jpg,7,0.5223929484633005,0.4595640038151386,0.3380171782966666,0.5976799522094949,0.92822265625
000811_jpg.rf.681f1fb744ef25577eda745e77a64216.jpg,14,0.9639423489570618,0.7809495329856873,0.07091343402862549,0.4381009340286255,0.027801513671875
000811_jpg.rf.681f1fb744ef25577eda745e77a64216.jpg,14,0.9278846383094788,0.7789964377880096,0.14423072338104248,0.43960338830947876,0.01763916015625
000811_jpg.rf.681f1fb744ef25577eda745e77a64216.jpg,14,0.973557710647583,0.6881009936332703,0.052884578704833984,0.1646634340286255,0.0015497207641601562
000816_jpg.rf.a02002ea906e4173345f01916bc7637f.jpg,13,0.49328038792341267,0.32597850177166066,0.6437490744542544,0.4473664617281201,0.8994140625
000818_jpg.rf.79a2603e5fbf55865b4a47f84fa94597.jpg,1,0.5952527115766312,0.9585336808667164,0.023524311374428786,0.07529212358420967,0.6583251953125
000818_jpg.rf.79a2603e5fbf55865b4a47f84fa94597.jpg,1,0.6337507834010914,0.9554552098167748,0.017501566802182733,0.07091343402862549,0.647216796875
000818_jpg.rf.79a2603e5fbf55865b4a47f84fa94597.jpg,1,0.6287560164928436,0.9579327404499054,0.03335338830947876,0.07692307233810425,0.08978271484375
000818_jpg.rf.79a2603e5fbf55865b4a47f84fa94597.jpg,8,0.6586538572790439,0.9468788572728848,0.026363434026572485,0.0453577067288663,0.059539794921875
000818_jpg.rf.79a2603e5fbf55865b4a47f84fa94597.jpg,1,0.6592548489570618,0.9555288851261139,0.028846144676208496,0.06490379571914673,0.004817962646484375
000825_jpg.rf.5217db7b554510a418092e5f2aa43864.jpg,7,0.7743366365613378,0.37229569256305695,0.24219214817249035,0.18631210626254258,0.94091796875
000825_jpg.rf.5217db7b554510a418092e5f2aa43864.jpg,1,0.049053486436605453,0.38401444256305695,0.023737981915473938,0.019230753183364868,0.0297088623046875
000825_jpg.rf.5217db7b554510a418092e5f2aa43864.jpg,1,0.20522837003227323,0.5372596383094788,0.40685097058303654,0.2319711446762085,0.0037593841552734375
000828_jpg.rf.57dbc7a769dc2dcb630000222bb3e5bf.jpg,12,0.7794457345528012,0.38927179815108914,0.3990328786065601,0.7202461132397326,0.940673828125
000828_jpg.rf.57dbc7a769dc2dcb630000222bb3e5bf.jpg,0,0.1664663553237915,0.39663463603938,0.332932710647583,0.7908654258353636,0.01076507568359375
000828_jpg.rf.57dbc7a769dc2dcb630000222bb3e5bf.jpg,0,0.12845553644001484,0.5826322436332703,0.1923077069222927,0.3900240659713745,0.0089263916015625
000828_jpg.rf.57dbc7a769dc2dcb630000222bb3e5bf.jpg,0,0.03500091210812109,0.3876907706818958,0.06997325572757185,0.7377946019254066,0.008541107177734375
000828_jpg.rf.57dbc7a769dc2dcb630000222bb3e5bf.jpg,0,0.7229567468166351,0.041841947415377945,0.35216349363327026,0.08067908708471805,0.0015497207641601562
000829_jpg.rf.58d520b7f3fa3ff7fed6fe14159fb535.jpg,13,0.2896694659818094,0.39242789139997003,0.3566766817125519,0.7458532120678851,0.967041015625
000829_jpg.rf.58d520b7f3fa3ff7fed6fe14159fb535.jpg,12,0.7475275336185718,0.3963318003820446,0.31507253520727907,0.7836664466519999,0.9345703125
000834_jpg.rf.704395702a7e68fe0e9babeddd997949.jpg,1,0.5114486790843885,0.045837350591499584,0.030048072338104304,0.09167470118299917,0.80126953125
000834_jpg.rf.704395702a7e68fe0e9babeddd997949.jpg,1,0.4342298980733452,0.05147353086612919,0.027855262864052155,0.10026186182177042,0.71337890625
000834_jpg.rf.704395702a7e68fe0e9babeddd997949.jpg,1,0.5147235691547394,0.2679237655200201,0.011237687326165924,0.04741364875881693,0.279052734375
000834_jpg.rf.704395702a7e68fe0e9babeddd997949.jpg,1,0.6202971449541006,0.28963553507428386,0.016449616194821992,0.046315951136139955,0.200836181640625
000834_jpg.rf.704395702a7e68fe0e9babeddd997949.jpg,1,0.5407831657780853,0.2673229883139253,0.014587523767620847,0.04555394153790501,0.13470458984375
000834_jpg.rf.704395702a7e68fe0e9babeddd997949.jpg,3,0.34645433723926544,0.2626201957464218,0.01862981915473938,0.01862981915473938,0.0894775390625
000834_jpg.rf.704395702a7e68fe0e9babeddd997949.jpg,11,0.9807692468166351,0.6899038553237915,0.038461506366729736,0.3125,0.0281219482421875
000834_jpg.rf.704395702a7e68fe0e9babeddd997949.jpg,1,0.09089543670415878,0.10043570026755333,0.024338945746421814,0.09840745478868484,0.025634765625
000834_jpg.rf.704395702a7e68fe0e9babeddd997949.jpg,1,0.1671600624994964,0.49647089196559124,0.01953738228398924,0.0770119736541291,0.02093505859375
000834_jpg.rf.704395702a7e68fe0e9babeddd997949.jpg,3,0.004845252726227045,0.47536060214042664,0.00969050545245409,0.033653855323791504,0.017181396484375
000834_jpg.rf.704395702a7e68fe0e9babeddd997949.jpg,14,0.9777644276618958,0.7385817766189575,0.044471144676208496,0.3978365659713745,0.01580810546875
000834_jpg.rf.704395702a7e68fe0e9babeddd997949.jpg,3,0.16826923936605453,0.4951923340559006,0.01802884042263031,0.06790867447853088,0.0149383544921875
000834_jpg.rf.704395702a7e68fe0e9babeddd997949.jpg,6,0.9747596383094788,0.7405349016189575,0.05048072338104248,0.458834171295166,0.0091705322265625
000834_jpg.rf.704395702a7e68fe0e9babeddd997949.jpg,1,0.4873798191547394,0.4155649244785309,0.027644217014312744,0.012019217014312744,0.00902557373046875
000834_jpg.rf.704395702a7e68fe0e9babeddd997949.jpg,1,0.44350962340831757,0.41466347873210907,0.04086539149284363,0.014423102140426636,0.00885772705078125
000834_jpg.rf.704395702a7e68fe0e9babeddd997949.jpg,1,0.4648437649011612,0.41526444256305695,0.021033674478530884,0.013221174478530884,0.00817108154296875
000834_jpg.rf.704395702a7e68fe0e9babeddd997949.jpg,1,0.13401442766189575,0.09883939661085606,0.022235572338104248,0.09709284827113152,0.005184173583984375
000834_jpg.rf.704395702a7e68fe0e9babeddd997949.jpg,1,0.5895433127880096,0.2202524095773697,0.012019217014312744,0.0078125,0.0048370361328125
000834_jpg.rf.704395702a7e68fe0e9babeddd997949.jpg,14,0.16736779361963272,0.4990985691547394,0.020432695746421814,0.08233171701431274,0.00450897216796875
000834_jpg.rf.704395702a7e68fe0e9babeddd997949.jpg,7,0.47776444256305695,0.04274339060066268,0.033653825521469116,0.0817307714605704,0.004390716552734375
000835_jpg.rf.88a7b1f214585011bedd2239fc22af7f.jpg,7,0.5007278759403533,0.4350401334672335,0.3074011758504161,0.4446741854289614,0.919189453125
000835_jpg.rf.88a7b1f214585011bedd2239fc22af7f.jpg,0,0.12530048564076424,0.11726262792944908,0.021784864366054535,0.01577524095773697,0.0015802383422851562
000843_jpg.rf.0ac5bd7a76582a1bd95d5add661857cb.jpg,13,0.4749392640986996,0.4582593651918264,0.5862600422511666,0.38922919362899994,0.936279296875
000844_jpg.rf.1f0f7aa91bdcd37c22bbda4f1627aef2.jpg,0,0.605993980544445,0.924780516192296,0.0218854153583824,0.07902391003405496,0.6943359375
000844_jpg.rf.1f0f7aa91bdcd37c22bbda4f1627aef2.jpg,0,0.5618237236478769,0.9263069311120951,0.0230616720254756,0.07917792836496651,0.620361328125
000844_jpg.rf.1f0f7aa91bdcd37c22bbda4f1627aef2.jpg,8,0.6318445931406839,0.9191042314501626,0.02550632535138808,0.0617660543386187,0.090057373046875
000844_jpg.rf.1f0f7aa91bdcd37c22bbda4f1627aef2.jpg,8,0.5781250298023224,0.9212740659713745,0.03725963830947876,0.07091343402862549,0.037261962890625
000844_jpg.rf.1f0f7aa91bdcd37c22bbda4f1627aef2.jpg,10,0.6322115659713745,0.9224759936332703,0.02403843402862549,0.06730771064758301,0.01055908203125
000844_jpg.rf.1f0f7aa91bdcd37c22bbda4f1627aef2.jpg,0,0.6330712902232585,0.919655174189753,0.02962249609601042,0.06253435494681325,0.009868621826171875
000844_jpg.rf.1f0f7aa91bdcd37c22bbda4f1627aef2.jpg,5,0.5600961744785309,0.9248798489570618,0.022235572338104248,0.07451927661895752,0.00771331787109375
000844_jpg.rf.1f0f7aa91bdcd37c22bbda4f1627aef2.jpg,7,0.5844351351261139,0.9224759936332703,0.02944713830947876,0.06730771064758301,0.00600433349609375
000844_jpg.rf.1f0f7aa91bdcd37c22bbda4f1627aef2.jpg,7,0.6322115659713745,0.9146634936332703,0.028846144676208496,0.05528843402862549,0.004062652587890625
000844_jpg.rf.1f0f7aa91bdcd37c22bbda4f1627aef2.jpg,0,0.09314904361963272,0.6887019276618958,0.008713945746421814,0.033653855323791504,0.003269195556640625
000844_jpg.rf.1f0f7aa91bdcd37c22bbda4f1627aef2.jpg,0,0.5853365659713745,0.9438101053237915,0.05168271064758301,0.11237978935241699,0.0015926361083984375
000844_jpg.rf.1f0f7aa91bdcd37c22bbda4f1627aef2.jpg,0,0.4987980907317251,0.5111177889630198,0.9855769504792988,0.9777644220739603,0.0015735626220703125
000844_jpg.rf.1f0f7aa91bdcd37c22bbda4f1627aef2.jpg,3,0.9759615659713745,0.8786058127880096,0.04807686805725098,0.09495192766189575,0.0015316009521484375
000848_jpg.rf.1bda4fcbd6327d209431e90a01548add.jpg,1,0.5444711744785309,0.22280572688679548,0.0189306245646792,0.0715144276465916,0.713134765625
000848_jpg.rf.1bda4fcbd6327d209431e90a01548add.jpg,1,0.60546875,0.6323617994785309,0.052283644676208496,0.14873796701431274,0.01093292236328125
000848_jpg.rf.1bda4fcbd6327d209431e90a01548add.jpg,3,0.12199519574642181,0.01870492845773697,0.046875,0.03740985691547394,0.004669189453125
000848_jpg.rf.1bda4fcbd6327d209431e90a01548add.jpg,1,0.2662259638309479,0.6036658883094788,0.03515625,0.05949521064758301,0.0034122467041015625
000848_jpg.rf.1bda4fcbd6327d209431e90a01548add.jpg,1,0.4134615510702133,0.8317307829856873,0.015024036169052124,0.018028855323791504,0.003025054931640625
000848_jpg.rf.1bda4fcbd6327d209431e90a01548add.jpg,1,0.42247597873210907,0.22926682978868484,0.018028825521469116,0.05829326808452606,0.0018825531005859375
000848_jpg.rf.1bda4fcbd6327d209431e90a01548add.jpg,5,0.12229568138718605,0.01882699877023697,0.04597356170415878,0.03765399754047394,0.0016622543334960938
000848_jpg.rf.1bda4fcbd6327d209431e90a01548add.jpg,1,0.41856972873210907,0.006403996609151363,0.018028825521469116,0.012807993218302727,0.00152587890625
000849_jpg.rf.1942f447a4bb5a0fd6fdc92aa6bd902e.jpg,0,0.6823465282632637,0.061280074697728455,0.028187950034831988,0.10252914957238245,0.65087890625
000849_jpg.rf.1942f447a4bb5a0fd6fdc92aa6bd902e.jpg,1,0.6748753693673606,0.8641827337912958,0.014848670284733467,0.04032829155692719,0.0225372314453125
000849_jpg.rf.1942f447a4bb5a0fd6fdc92aa6bd902e.jpg,1,0.8251202404499054,0.9918890447518887,0.016826927661895752,0.01412061586037161,0.01973724365234375
000849_jpg.rf.1942f447a4bb5a0fd6fdc92aa6bd902e.jpg,0,0.4807692617177963,0.21754807978868484,0.008413463830947876,0.036057695746421814,0.00945281982421875
000849_jpg.rf.1942f447a4bb5a0fd6fdc92aa6bd902e.jpg,1,0.681490421295166,0.05634014680981636,0.028846144676208496,0.11268029361963272,0.00783538818359375
000849_jpg.rf.1942f447a4bb5a0fd6fdc92aa6bd902e.jpg,9,0.8106971383094788,0.33804088830947876,0.02764427661895752,0.04026442766189575,0.007450103759765625
000849_jpg.rf.1942f447a4bb5a0fd6fdc92aa6bd902e.jpg,1,0.8317308127880096,0.9933894574642181,0.016826927661895752,0.012019217014312744,0.0035610198974609375
000849_jpg.rf.502b0869254751a8fcd137e402e97a43.jpg,13,0.4537524635891017,0.27875480408112846,0.5875457272380435,0.43282779824323836,0.9443359375
000852_jpg.rf.03817e49d1a71789e0e6c7db5b6bbd34.jpg,0,0.8164629534195658,0.14663887951389004,0.02114705151534002,0.07644401265627165,0.671630859375
000852_jpg.rf.03817e49d1a71789e0e6c7db5b6bbd34.jpg,0,0.2558824952920722,0.16182768499856776,0.019265475497343476,0.07614588144493725,0.655517578125
000852_jpg.rf.03817e49d1a71789e0e6c7db5b6bbd34.jpg,1,0.21041556185919721,0.16200475644249962,0.018155694816191226,0.07237352072349135,0.62109375
000852_jpg.rf.03817e49d1a71789e0e6c7db5b6bbd34.jpg,1,0.7746100258608732,0.14746122243422866,0.019230767355301714,0.07032041482193052,0.156524658203125
000852_jpg.rf.03817e49d1a71789e0e6c7db5b6bbd34.jpg,8,0.7928804492609538,0.14526766845676242,0.030236757437246076,0.05740369382956072,0.0512237548828125
000852_jpg.rf.03817e49d1a71789e0e6c7db5b6bbd34.jpg,0,0.21033655107021332,0.16195914149284363,0.020733177661895752,0.0766226053237915,0.031402587890625
000852_jpg.rf.03817e49d1a71789e0e6c7db5b6bbd34.jpg,0,0.23637369801650526,0.16146454904964386,0.020887850670265246,0.06306111938633652,0.0274200439453125
000852_jpg.rf.03817e49d1a71789e0e6c7db5b6bbd34.jpg,8,0.24188701808452606,0.16041917353868484,0.021634608507156372,0.06557993590831757,0.0120697021484375
000852_jpg.rf.03817e49d1a71789e0e6c7db5b6bbd34.jpg,7,0.7932692766189575,0.14723558351397514,0.028846144676208496,0.06009615212678909,0.01114654541015625
000852_jpg.rf.03817e49d1a71789e0e6c7db5b6bbd34.jpg,0,0.2475961670279503,0.16240986436605453,0.032451942563056946,0.07061298191547394,0.006793975830078125
000852_jpg.rf.03817e49d1a71789e0e6c7db5b6bbd34.jpg,9,0.5940504968166351,0.6568509936332703,0.042668282985687256,0.07331728935241699,0.0037441253662109375
000852_jpg.rf.03817e49d1a71789e0e6c7db5b6bbd34.jpg,1,0.25600961595773697,0.1601562574505806,0.016826912760734558,0.07572115957736969,0.0029449462890625
000852_jpg.rf.03817e49d1a71789e0e6c7db5b6bbd34.jpg,0,0.4561298340559006,0.2211538553237915,0.009615391492843628,0.013822108507156372,0.001979827880859375
000852_jpg.rf.03817e49d1a71789e0e6c7db5b6bbd34.jpg,1,0.481370210647583,0.21454328298568726,0.012019217014312744,0.015024036169052124,0.0019502639770507812
000852_jpg.rf.03817e49d1a71789e0e6c7db5b6bbd34.jpg,12,0.5931490659713745,0.6562500298023224,0.03966343402862549,0.07211536169052124,0.0015497207641601562
000852_jpg.rf.03817e49d1a71789e0e6c7db5b6bbd34.jpg,1,0.7692308127880096,0.13333835080266,0.019230782985687256,0.04402043670415878,0.0015020370483398438
000863_jpg.rf.6beae5fe3c6e31ef703bb7ee87ace7c1.jpg,0,0.5960520132113312,0.3382547826079999,0.015176823583699872,0.04732317641630013,0.4825439453125
000863_jpg.rf.6beae5fe3c6e31ef703bb7ee87ace7c1.jpg,0,0.6376656224540354,0.011512056800513598,0.017059324551204846,0.022853674727394965,0.404052734375
000863_jpg.rf.6beae5fe3c6e31ef703bb7ee87ace7c1.jpg,0,0.38602275501751726,0.35257216188924534,0.014707784280709346,0.016682961543213193,0.024204254150390625
000863_jpg.rf.6beae5fe3c6e31ef703bb7ee87ace7c1.jpg,1,0.6113601508440396,0.013410809180357969,0.013703847102894184,0.026034660660098945,0.018700599670410156
000863_jpg.rf.6beae5fe3c6e31ef703bb7ee87ace7c1.jpg,1,0.6201923489570618,0.01224459201330319,0.013221144676208496,0.02306190028320998,0.005123138427734375
000863_jpg.rf.6beae5fe3c6e31ef703bb7ee87ace7c1.jpg,8,0.8052884936332703,0.16079477220773697,0.040865421295166016,0.046799883246421814,0.002777099609375
000863_jpg.rf.6beae5fe3c6e31ef703bb7ee87ace7c1.jpg,0,0.6328125298023224,0.014545148238539696,0.020432651042938232,0.02909029647707939,0.00272369384765625
000863_jpg.rf.6beae5fe3c6e31ef703bb7ee87ace7c1.jpg,1,0.7043269574642181,0.013070913904812187,0.012019217014312744,0.024113582563586533,0.0024814605712890625
000863_jpg.rf.6beae5fe3c6e31ef703bb7ee87ace7c1.jpg,0,0.3822115659713745,0.35336539149284363,0.015625,0.018028855323791504,0.002140045166015625
000863_jpg.rf.6beae5fe3c6e31ef703bb7ee87ace7c1.jpg,0,0.49038462340831757,0.2935697138309479,0.009615391492843628,0.009014427661895752,0.0020904541015625
000863_jpg.rf.6beae5fe3c6e31ef703bb7ee87ace7c1.jpg,0,0.6179387271404266,0.01647949276957661,0.016526401042938232,0.026235728291794658,0.0018978118896484375
000863_jpg.rf.6beae5fe3c6e31ef703bb7ee87ace7c1.jpg,9,0.4921875298023224,0.39663463830947876,0.014423072338104248,0.013221144676208496,0.001796722412109375
000863_jpg.rf.6beae5fe3c6e31ef703bb7ee87ace7c1.jpg,0,0.46995194256305695,0.2944711744785309,0.01081731915473938,0.0078125,0.0016050338745117188
000867_jpg.rf.219fccb52f507bfcbc77ebbc968572bc.jpg,1,0.6086195529947298,0.052145643673754724,0.03154763409019434,0.10339834413913906,0.82861328125
000867_jpg.rf.219fccb52f507bfcbc77ebbc968572bc.jpg,1,0.30527698510699514,0.07211705034050027,0.030337067794233064,0.11569991223681617,0.760009765625
000867_jpg.rf.219fccb52f507bfcbc77ebbc968572bc.jpg,1,0.18159635753147096,0.012917499926836131,0.01940786336970063,0.025834999853672262,0.08740234375
000867_jpg.rf.219fccb52f507bfcbc77ebbc968572bc.jpg,3,0.3046875149011612,0.07327975053340197,0.02824518084526062,0.11621094308793545,0.01953125
000867_jpg.rf.219fccb52f507bfcbc77ebbc968572bc.jpg,1,0.9194711744785309,0.016038162350014318,0.012019217014312744,0.031775843919604085,0.01666259765625
000867_jpg.rf.219fccb52f507bfcbc77ebbc968572bc.jpg,1,0.7620192468166351,0.9873798489570618,0.016826927661895752,0.015625,0.0103607177734375
000867_jpg.rf.219fccb52f507bfcbc77ebbc968572bc.jpg,1,0.0323392441496253,0.30649039149284363,0.013897234573960304,0.03425478935241699,0.00719451904296875
000867_jpg.rf.219fccb52f507bfcbc77ebbc968572bc.jpg,1,0.8933319576408552,0.237796576321125,0.017725760522096068,0.06016670374766639,0.0067996978759765625
000867_jpg.rf.219fccb52f507bfcbc77ebbc968572bc.jpg,1,0.8341346681118011,0.9675481021404266,0.016826927661895752,0.00961536169052124,0.006214141845703125
000867_jpg.rf.219fccb52f507bfcbc77ebbc968572bc.jpg,3,0.9903846383094788,0.43239185214042664,0.01923072338104248,0.049278855323791504,0.005245208740234375
000867_jpg.rf.219fccb52f507bfcbc77ebbc968572bc.jpg,1,0.9579327404499054,0.006587102077901363,0.024038493633270264,0.013174204155802727,0.0031566619873046875
000867_jpg.rf.219fccb52f507bfcbc77ebbc968572bc.jpg,1,0.17277644574642181,0.012329101795330644,0.021634608507156372,0.022442157845944166,0.003047943115234375
000867_jpg.rf.219fccb52f507bfcbc77ebbc968572bc.jpg,1,0.1884014531970024,0.013643705431604758,0.02884615957736969,0.026949369988869876,0.0028438568115234375
000867_jpg.rf.219fccb52f507bfcbc77ebbc968572bc.jpg,1,0.9290865957736969,0.013671875860381988,0.016826927661895752,0.027268631525657838,0.0020122528076171875
000867_jpg.rf.219fccb52f507bfcbc77ebbc968572bc.jpg,1,0.9900841414928436,0.43810097873210907,0.019831717014312744,0.06310096383094788,0.0016946792602539062
000867_jpg.rf.219fccb52f507bfcbc77ebbc968572bc.jpg,1,0.5132211744785309,0.015117939139599912,0.09735578298568726,0.029785157094011083,0.0016241073608398438
000873_JPG_jpg.rf.320fe46e4a8f7273038c9d439265e6f9.jpg,0,0.736177921295166,0.17440287279538463,0.1322115659713745,0.06689673187611503,0.778076171875
000873_JPG_jpg.rf.320fe46e4a8f7273038c9d439265e6f9.jpg,0,0.581270907926174,0.39659799367400206,0.052038161651820736,0.023756300280816045,0.724853515625
000873_JPG_jpg.rf.320fe46e4a8f7273038c9d439265e6f9.jpg,0,0.2663473813396311,0.43028847873210907,0.04482930329211232,0.024136588127926184,0.580078125
000873_JPG_jpg.rf.320fe46e4a8f7273038c9d439265e6f9.jpg,0,0.3368389457464218,0.4915865510702133,0.017427891492843628,0.016826897859573364,0.041351318359375
000873_JPG_jpg.rf.320fe46e4a8f7273038c9d439265e6f9.jpg,0,0.34177435836827086,0.4916771178131501,0.02915082418421494,0.019411886669238432,0.023326873779296875
000873_JPG_jpg.rf.320fe46e4a8f7273038c9d439265e6f9.jpg,0,0.2738882303237915,0.4561298191547394,0.026442289352416992,0.0649038553237915,0.007366180419921875
000873_JPG_jpg.rf.320fe46e4a8f7273038c9d439265e6f9.jpg,0,0.16225962340831757,0.4444110840559006,0.029447108507156372,0.016225963830947876,0.00689697265625
000873_JPG_jpg.rf.320fe46e4a8f7273038c9d439265e6f9.jpg,0,0.7487981021404266,0.6454327404499054,0.06971150636672974,0.04567307233810425,0.0022525787353515625
000873_JPG_jpg.rf.320fe46e4a8f7273038c9d439265e6f9.jpg,14,0.7560096383094788,0.477463960647583,0.028846144676208496,0.027043282985687256,0.0021991729736328125
000873_JPG_jpg.rf.320fe46e4a8f7273038c9d439265e6f9.jpg,0,0.012009841186227277,0.0475886445492506,0.023306040500756353,0.04266827180981636,0.0020999908447265625
000873_JPG_jpg.rf.320fe46e4a8f7273038c9d439265e6f9.jpg,0,0.33473558723926544,0.4795673191547394,0.012019246816635132,0.03125,0.0016813278198242188
000876_JPG_jpg.rf.c9f37f6546c90ebcc7d1c18d1b045f0f.jpg,0,0.6379276826765865,0.2552638335603673,0.09193318788474203,0.05762879813169414,0.772705078125
000876_JPG_jpg.rf.c9f37f6546c90ebcc7d1c18d1b045f0f.jpg,0,0.21978769654998126,0.40968781311689695,0.06059260795945706,0.03589718849022194,0.746826171875
000876_JPG_jpg.rf.c9f37f6546c90ebcc7d1c18d1b045f0f.jpg,9,0.7500000298023224,0.055363585241138935,0.04807692766189575,0.07421875558793545,0.0307159423828125
000876_JPG_jpg.rf.c9f37f6546c90ebcc7d1c18d1b045f0f.jpg,1,0.5276442468166351,0.626802921295166,0.013221204280853271,0.02403843402862549,0.009857177734375
000876_JPG_jpg.rf.c9f37f6546c90ebcc7d1c18d1b045f0f.jpg,0,0.873798131942749,0.006798377726227045,0.0961538553237915,0.01359675545245409,0.00689697265625
000876_JPG_jpg.rf.c9f37f6546c90ebcc7d1c18d1b045f0f.jpg,9,0.7500000298023224,0.08516752067953348,0.05168265104293823,0.13285006396472454,0.003787994384765625
000876_JPG_jpg.rf.c9f37f6546c90ebcc7d1c18d1b045f0f.jpg,1,0.8750000298023224,0.006976787932217121,0.09855765104293823,0.013953575864434242,0.0033206939697265625
000876_JPG_jpg.rf.c9f37f6546c90ebcc7d1c18d1b045f0f.jpg,0,0.543870210647583,0.5225360691547394,0.020432710647583008,0.01382213830947876,0.0030727386474609375
000876_JPG_jpg.rf.c9f37f6546c90ebcc7d1c18d1b045f0f.jpg,0,0.9711538553237915,0.05214280728250742,0.05769228935241699,0.06698843650519848,0.0018463134765625
000876_JPG_jpg.rf.c9f37f6546c90ebcc7d1c18d1b045f0f.jpg,1,0.2998798191547394,0.5420673191547394,0.03125,0.06069713830947876,0.0016117095947265625
000877_jpg.rf.21e8f45c8339babbe4a47d5e2fc5c04f.jpg,1,0.2686874927843318,0.23097761909566797,0.01890703020819201,0.07465692205879343,0.709716796875
000877_jpg.rf.21e8f45c8339babbe4a47d5e2fc5c04f.jpg,1,0.5129879864420425,0.24580749909302413,0.05926198632183133,0.029107771414311534,0.619140625
000877_jpg.rf.21e8f45c8339babbe4a47d5e2fc5c04f.jpg,1,0.6983173489570618,0.015183669158432167,0.018028855323791504,0.029991737348609604,0.1905517578125
000877_jpg.rf.21e8f45c8339babbe4a47d5e2fc5c04f.jpg,1,0.016602095765631746,0.6054832168371396,0.032929952872700737,0.0910889369699508,0.03714942932128906
000877_jpg.rf.21e8f45c8339babbe4a47d5e2fc5c04f.jpg,1,0.24549280107021332,0.0077984153758734465,0.016225963830947876,0.011183519382029772,0.02301025390625
000877_jpg.rf.21e8f45c8339babbe4a47d5e2fc5c04f.jpg,1,0.018629807978868484,0.6407752633094788,0.03725961595773697,0.1655648946762085,0.016357421875
000877_jpg.rf.21e8f45c8339babbe4a47d5e2fc5c04f.jpg,1,0.6682692468166351,0.0166015625,0.019230782985687256,0.033203125,0.0136871337890625
000877_jpg.rf.21e8f45c8339babbe4a47d5e2fc5c04f.jpg,1,0.9921875298023224,0.09795673191547394,0.015624940395355225,0.07046273350715637,0.00814056396484375
000877_jpg.rf.21e8f45c8339babbe4a47d5e2fc5c04f.jpg,1,0.023268479853868484,0.7301682829856873,0.04653695970773697,0.4194711446762085,0.00811004638671875
000877_jpg.rf.21e8f45c8339babbe4a47d5e2fc5c04f.jpg,10,0.7067307829856873,0.49639423191547394,0.02403843402862549,0.06730768084526062,0.0079193115234375
000877_jpg.rf.21e8f45c8339babbe4a47d5e2fc5c04f.jpg,1,0.6760817766189575,0.015794020146131516,0.020432710647583008,0.03158804029226303,0.00783538818359375
000877_jpg.rf.21e8f45c8339babbe4a47d5e2fc5c04f.jpg,14,0.01577524095773697,0.5889423489570618,0.03155048191547394,0.05769228935241699,0.006145477294921875
000877_jpg.rf.21e8f45c8339babbe4a47d5e2fc5c04f.jpg,14,0.15790265053510666,0.3936298191547394,0.030348554253578186,0.025841355323791504,0.00582122802734375
000877_jpg.rf.21e8f45c8339babbe4a47d5e2fc5c04f.jpg,1,0.5186298191547394,0.5162259787321091,0.04567307233810425,0.03725960850715637,0.00522613525390625
000877_jpg.rf.21e8f45c8339babbe4a47d5e2fc5c04f.jpg,1,0.5258413553237915,0.5177283883094788,0.026442289352416992,0.03425478935241699,0.0042724609375
000877_jpg.rf.21e8f45c8339babbe4a47d5e2fc5c04f.jpg,9,0.7091346383094788,0.49278849363327026,0.026442289352416992,0.06971156597137451,0.004047393798828125
000877_jpg.rf.21e8f45c8339babbe4a47d5e2fc5c04f.jpg,1,0.6832932829856873,0.016648512333631516,0.033653855323791504,0.03329702466726303,0.0036163330078125
000877_jpg.rf.21e8f45c8339babbe4a47d5e2fc5c04f.jpg,0,0.7229567468166351,0.41045674681663513,0.02524036169052124,0.08413463830947876,0.0036163330078125
000877_jpg.rf.21e8f45c8339babbe4a47d5e2fc5c04f.jpg,1,0.5036057829856873,0.516526460647583,0.01622593402862549,0.03125,0.0032558441162109375
000877_jpg.rf.21e8f45c8339babbe4a47d5e2fc5c04f.jpg,14,0.7067307829856873,0.6400240659713745,0.033653855323791504,0.02764427661895752,0.0027446746826171875
000881_jpg.rf.f51b2eaf4cd9f3a408aa4a49bda8702d.jpg,1,0.6703077813201763,0.060069677821430155,0.03339442723477526,0.11858667096077093,0.548583984375
000881_jpg.rf.f51b2eaf4cd9f3a408aa4a49bda8702d.jpg,1,0.34422907206723696,0.058933371392254144,0.03788751353148462,0.11689151691620236,0.343017578125
000881_jpg.rf.f51b2eaf4cd9f3a408aa4a49bda8702d.jpg,7,0.5612981021404266,0.14475661516189575,0.03245192766189575,0.056640625,0.3046875
000881_jpg.rf.f51b2eaf4cd9f3a408aa4a49bda8702d.jpg,0,0.390048517013897,0.05961845207681265,0.03240302557685082,0.11843679970933142,0.21170425415039062
000881_jpg.rf.f51b2eaf4cd9f3a408aa4a49bda8702d.jpg,0,0.4235289508395298,0.39536706870023364,0.022967790261428422,0.02130131926678147,0.181915283203125
000881_jpg.rf.f51b2eaf4cd9f3a408aa4a49bda8702d.jpg,12,0.5618990361690521,0.1449819803237915,0.03245192766189575,0.055288463830947876,0.156982421875
000881_jpg.rf.f51b2eaf4cd9f3a408aa4a49bda8702d.jpg,8,0.5616005891783108,0.14498598869353732,0.033355363729002274,0.056486384998172434,0.1280517578125
000881_jpg.rf.f51b2eaf4cd9f3a408aa4a49bda8702d.jpg,4,0.5618990659713745,0.14460637792944908,0.03125,0.05603966861963272,0.10540771484375
000881_jpg.rf.f51b2eaf4cd9f3a408aa4a49bda8702d.jpg,0,0.42848560214042664,0.39423078298568726,0.013221144676208496,0.02283656597137451,0.0806884765625
000881_jpg.rf.f51b2eaf4cd9f3a408aa4a49bda8702d.jpg,0,0.7072287112631941,0.05830271197150036,0.03252744513683581,0.11618302170485553,0.06496429443359375
000881_jpg.rf.f51b2eaf4cd9f3a408aa4a49bda8702d.jpg,1,0.8028846681118011,0.0507812537252903,0.050480782985687256,0.1015625074505806,0.06341552734375
000881_jpg.rf.f51b2eaf4cd9f3a408aa4a49bda8702d.jpg,1,0.33954328298568726,0.026874249801039696,0.028846144676208496,0.05374849960207939,0.04852294921875
000881_jpg.rf.f51b2eaf4cd9f3a408aa4a49bda8702d.jpg,1,0.7061298191547394,0.058671418265121456,0.03245192766189575,0.11734283653024291,0.037357330322265625
000881_jpg.rf.f51b2eaf4cd9f3a408aa4a49bda8702d.jpg,9,0.5618990361690521,0.14558293670415878,0.03245192766189575,0.056490376591682434,0.032928466796875
000881_jpg.rf.f51b2eaf4cd9f3a408aa4a49bda8702d.jpg,1,0.6237981021404266,0.47475962340831757,0.014423072338104248,0.05288460850715637,0.0258331298828125
000881_jpg.rf.f51b2eaf4cd9f3a408aa4a49bda8702d.jpg,1,0.4588341563940048,0.46604569256305695,0.013822108507156372,0.039663463830947876,0.0222625732421875
000881_jpg.rf.f51b2eaf4cd9f3a408aa4a49bda8702d.jpg,1,0.8040865659713745,0.01877065934240818,0.11778843402862549,0.03754131868481636,0.0183868408203125
000881_jpg.rf.f51b2eaf4cd9f3a408aa4a49bda8702d.jpg,0,0.11572502300505555,0.20050618796548025,0.025203870502073608,0.09778572620946613,0.017179489135742188
000881_jpg.rf.f51b2eaf4cd9f3a408aa4a49bda8702d.jpg,1,0.7188977865458048,0.05564128905856121,0.0342448822977216,0.11128257811712242,0.01061248779296875
000881_jpg.rf.f51b2eaf4cd9f3a408aa4a49bda8702d.jpg,1,0.7385817468166351,0.04841496566950809,0.03725963830947876,0.09637921015382744,0.00739288330078125
000905_JPG_jpg.rf.34214a63a798b5224713df722a72ecdc.jpg,0,0.5099158734083176,0.14614800815710377,0.13495588784319468,0.05618483149719493,0.82470703125
000905_JPG_jpg.rf.34214a63a798b5224713df722a72ecdc.jpg,0,0.37920216430376297,0.3873059738565374,0.06519057502673864,0.03603936592218404,0.67236328125
000905_JPG_jpg.rf.34214a63a798b5224713df722a72ecdc.jpg,0,0.3665865510702133,0.39723558723926544,0.09134617447853088,0.054086536169052124,0.07598876953125
000905_JPG_jpg.rf.34214a63a798b5224713df722a72ecdc.jpg,1,0.7199519574642181,0.15299292220809635,0.02011065243484067,0.06262822115651977,0.015277862548828125
000905_JPG_jpg.rf.34214a63a798b5224713df722a72ecdc.jpg,1,0.9717764712248823,0.24137843606450962,0.05389008134530204,0.03984819765048836,0.008531570434570312
000905_JPG_jpg.rf.34214a63a798b5224713df722a72ecdc.jpg,0,0.3594501465559006,0.41286058723926544,0.10802283883094788,0.02644231915473938,0.005184173583984375
000905_JPG_jpg.rf.34214a63a798b5224713df722a72ecdc.jpg,9,0.9242788851261139,0.03699669614434242,0.04086536169052124,0.037710338830947876,0.0020999908447265625
000905_JPG_jpg.rf.34214a63a798b5224713df722a72ecdc.jpg,1,0.7319711744785309,0.010150616344617447,0.016826927661895752,0.02011343220510753,0.0018177032470703125
000911_jpg.rf.7e84c1caef4e0ee3e27a939ebd052743.jpg,1,0.5546825164815821,0.09070624638186744,0.025240391988595623,0.0970981962089823,0.76318359375
000911_jpg.rf.7e84c1caef4e0ee3e27a939ebd052743.jpg,1,0.19992948836879426,0.10796795901260528,0.026762591190672425,0.10706288458677284,0.752197265625
000911_jpg.rf.7e84c1caef4e0ee3e27a939ebd052743.jpg,5,0.6096755266189575,0.3906250149011612,0.025841355323791504,0.014423102140426636,0.0269927978515625
000911_jpg.rf.7e84c1caef4e0ee3e27a939ebd052743.jpg,0,0.6736778914928436,0.5952524244785309,0.012019217014312744,0.008413493633270264,0.0218505859375
000911_jpg.rf.7e84c1caef4e0ee3e27a939ebd052743.jpg,0,0.9903846383094788,0.10368465073406696,0.01923072338104248,0.10272687301039696,0.01873779296875
000911_jpg.rf.7e84c1caef4e0ee3e27a939ebd052743.jpg,0,0.7572115659713745,0.004995492861780804,0.028846144676208496,0.009859525380306877,0.013031005859375
000911_jpg.rf.7e84c1caef4e0ee3e27a939ebd052743.jpg,10,0.3179086744785309,0.5102163702249527,0.022235572338104248,0.03605768084526062,0.00714111328125
000911_jpg.rf.7e84c1caef4e0ee3e27a939ebd052743.jpg,0,0.9849759936332703,0.371995210647583,0.025240421295166016,0.019230782985687256,0.00628662109375
000911_jpg.rf.7e84c1caef4e0ee3e27a939ebd052743.jpg,3,0.31310097873210907,0.45042069256305695,0.01081731915473938,0.02043268084526062,0.0034656524658203125
000911_jpg.rf.7e84c1caef4e0ee3e27a939ebd052743.jpg,3,0.611177921295166,0.390625,0.028846144676208496,0.015625,0.002452850341796875
000911_jpg.rf.7e84c1caef4e0ee3e27a939ebd052743.jpg,5,0.6087740659713745,0.38341347873210907,0.026442289352416992,0.025240391492843628,0.0019273757934570312
000913_jpg.rf.75dd5fd2aca0d50c84733de7dec93abf.jpg,1,0.5986203058922227,0.18233509614493143,0.01910553289176309,0.07635419213658942,0.593017578125
000913_jpg.rf.75dd5fd2aca0d50c84733de7dec93abf.jpg,1,0.2369448572539341,0.19566061146740044,0.02014830653690189,0.07850462792409105,0.53759765625
000913_jpg.rf.75dd5fd2aca0d50c84733de7dec93abf.jpg,1,0.6322115659713745,0.18681748807430268,0.021634578704833984,0.07872596383094788,0.5126953125
000913_jpg.rf.75dd5fd2aca0d50c84733de7dec93abf.jpg,8,0.5546668236135067,0.26647456586601126,0.01676481012228681,0.03446210883280071,0.056797027587890625
000913_jpg.rf.75dd5fd2aca0d50c84733de7dec93abf.jpg,8,0.5330528914928436,0.2671274095773697,0.022836506366729736,0.03425481915473938,0.05316162109375
000913_jpg.rf.75dd5fd2aca0d50c84733de7dec93abf.jpg,5,0.21228966861963272,0.6164363026618958,0.041165873408317566,0.05558896064758301,0.038604736328125
000913_jpg.rf.75dd5fd2aca0d50c84733de7dec93abf.jpg,3,0.954927921295166,0.3233173191547394,0.01201927661895752,0.028846144676208496,0.037933349609375
000913_jpg.rf.75dd5fd2aca0d50c84733de7dec93abf.jpg,5,0.9182692766189575,0.5327524095773697,0.03605771064758301,0.07512018084526062,0.0199737548828125
000913_jpg.rf.75dd5fd2aca0d50c84733de7dec93abf.jpg,1,0.11771334707736969,0.01840444840490818,0.017427891492843628,0.03680889680981636,0.0181121826171875
000913_jpg.rf.75dd5fd2aca0d50c84733de7dec93abf.jpg,1,0.39633414149284363,0.1459585353732109,0.0078125,0.011418268084526062,0.0146026611328125
000913_jpg.rf.75dd5fd2aca0d50c84733de7dec93abf.jpg,10,0.21499399840831757,0.6179387271404266,0.029146641492843628,0.04537254571914673,0.01332855224609375
000913_jpg.rf.75dd5fd2aca0d50c84733de7dec93abf.jpg,1,0.6296574771404266,0.18614783883094788,0.038762032985687256,0.08203125,0.007770538330078125
000913_jpg.rf.75dd5fd2aca0d50c84733de7dec93abf.jpg,1,0.12620192766189575,0.017953727110580076,0.026742786169052124,0.0356069734407356,0.00719451904296875
000913_jpg.rf.75dd5fd2aca0d50c84733de7dec93abf.jpg,8,0.9176682829856873,0.5336538702249527,0.03605771064758301,0.07512018084526062,0.00684356689453125
000913_jpg.rf.75dd5fd2aca0d50c84733de7dec93abf.jpg,1,0.6087740659713745,0.18445763736963272,0.03605771064758301,0.08060397207736969,0.006336212158203125
000913_jpg.rf.75dd5fd2aca0d50c84733de7dec93abf.jpg,1,0.10712139680981636,0.01554988045245409,0.024639420211315155,0.03109976090490818,0.006214141845703125
000913_jpg.rf.75dd5fd2aca0d50c84733de7dec93abf.jpg,1,0.9170673489570618,0.5330528914928436,0.03125,0.07932692766189575,0.0049285888671875
000913_jpg.rf.75dd5fd2aca0d50c84733de7dec93abf.jpg,1,0.22055289894342422,0.1929086595773697,0.04326923191547394,0.07151442766189575,0.004016876220703125
000913_jpg.rf.75dd5fd2aca0d50c84733de7dec93abf.jpg,8,0.2124399170279503,0.6171875298023224,0.043870195746421814,0.06370192766189575,0.003803253173828125
000913_jpg.rf.75dd5fd2aca0d50c84733de7dec93abf.jpg,10,0.9176682829856873,0.5333533734083176,0.03605771064758301,0.07632210850715637,0.0037441253662109375
000916_jpg.rf.e2c62d196ba766eac021c49bc7780e2c.jpg,1,0.5597618918393764,0.16449353527964583,0.020432684197675632,0.08002928951954302,0.787841796875
000916_jpg.rf.e2c62d196ba766eac021c49bc7780e2c.jpg,1,0.011167293903417886,0.1591045744717121,0.019957965276132857,0.07813878930442604,0.782470703125
000916_jpg.rf.e2c62d196ba766eac021c49bc7780e2c.jpg,1,0.509122273053057,0.16913311928510666,0.020217019865260533,0.08211358824255349,0.5133056640625
000916_jpg.rf.e2c62d196ba766eac021c49bc7780e2c.jpg,8,0.5877404127567596,0.15902014312747426,0.030905646069319115,0.05687861316952822,0.3544921875
000916_jpg.rf.e2c62d196ba766eac021c49bc7780e2c.jpg,3,0.7379808127880096,0.22926682978868484,0.012019217014312744,0.027043268084526062,0.01268768310546875
000916_jpg.rf.e2c62d196ba766eac021c49bc7780e2c.jpg,5,0.978365421295166,0.46905049681663513,0.03966343402862549,0.04387021064758301,0.0070037841796875
000916_jpg.rf.e2c62d196ba766eac021c49bc7780e2c.jpg,3,0.6802884936332703,0.23377405107021332,0.018028855323791504,0.025240391492843628,0.002559661865234375
000916_jpg.rf.e2c62d196ba766eac021c49bc7780e2c.jpg,1,0.020390438847243786,0.1586162932217121,0.03606708534061909,0.07699819654226303,0.0022869110107421875
000916_jpg.rf.e2c62d196ba766eac021c49bc7780e2c.jpg,8,0.973557710647583,0.30393630266189575,0.052884578704833984,0.19921875,0.0020580291748046875
000917_JPG_jpg.rf.dfaf54f2702b728e0dc642fb40f30f4c.jpg,0,0.5584340548591205,0.29051891916336625,0.23345461608497076,0.08916974444959863,0.84375
000917_JPG_jpg.rf.dfaf54f2702b728e0dc642fb40f30f4c.jpg,0,0.6714800954236585,0.852554146880458,0.04086536169052124,0.026450851615369086,0.06854248046875
000917_JPG_jpg.rf.dfaf54f2702b728e0dc642fb40f30f4c.jpg,0,0.6802884936332703,0.8617788851261139,0.026442289352416992,0.05168265104293823,0.00955963134765625
000917_JPG_jpg.rf.dfaf54f2702b728e0dc642fb40f30f4c.jpg,0,0.6712740659713745,0.8647836744785309,0.04326927661895752,0.04567307233810425,0.00638580322265625
000917_JPG_jpg.rf.dfaf54f2702b728e0dc642fb40f30f4c.jpg,0,0.24444111436605453,0.5552884638309479,0.0820312649011612,0.035456717014312744,0.00152587890625
000918_jpg.rf.2671dc3afdf0b3026a0ef1c09963a542.jpg,0,0.6065603300355948,0.19443764619242687,0.023110420772662565,0.08156319842315637,0.76171875
000918_jpg.rf.2671dc3afdf0b3026a0ef1c09963a542.jpg,0,0.31326267734437646,0.2314718640493062,0.0205159238177145,0.07548545220654881,0.73388671875
000918_jpg.rf.2671dc3afdf0b3026a0ef1c09963a542.jpg,1,0.017728366190567613,0.06802133843302727,0.024939905386418104,0.07068810611963272,0.0036869049072265625
000918_jpg.rf.2671dc3afdf0b3026a0ef1c09963a542.jpg,1,0.7845582350356493,0.026948822351470343,0.020444386325675246,0.0532179143040175,0.0034360885620117188
000918_jpg.rf.2671dc3afdf0b3026a0ef1c09963a542.jpg,0,0.7848558127880096,0.026141827780520543,0.02163463830947876,0.05115685268538073,0.0026302337646484375
000918_jpg.rf.2671dc3afdf0b3026a0ef1c09963a542.jpg,12,0.07158954441547394,0.44350963830947876,0.04852764308452606,0.028846144676208496,0.00170135498046875
000918_jpg.rf.2671dc3afdf0b3026a0ef1c09963a542.jpg,9,0.06216195970773697,0.44110578298568726,0.025691106915473938,0.033653855323791504,0.0015554428100585938
000919_jpg.rf.4d17143a9131a9a9ac9179d4f057e260.jpg,1,0.19485095262004126,0.05556456425419918,0.0349789194998677,0.11105129936928558,0.778564453125
000919_jpg.rf.4d17143a9131a9a9ac9179d4f057e260.jpg,1,0.6670673191547394,0.038446611900592606,0.0360145054423453,0.07687511883119044,0.713134765625
000919_jpg.rf.4d17143a9131a9a9ac9179d4f057e260.jpg,0,0.19591346383094788,0.056715745478868484,0.038461536169052124,0.11343149095773697,0.028228759765625
000919_jpg.rf.4d17143a9131a9a9ac9179d4f057e260.jpg,10,0.4951923340559006,0.42848560214042664,0.01081731915473938,0.014423072338104248,0.0120697021484375
000919_jpg.rf.4d17143a9131a9a9ac9179d4f057e260.jpg,1,0.9927884936332703,0.5384615510702133,0.014423012733459473,0.08173075318336487,0.0048370361328125
000919_jpg.rf.4d17143a9131a9a9ac9179d4f057e260.jpg,1,0.46544472873210907,0.37860578298568726,0.012019246816635132,0.00961536169052124,0.0032444000244140625
000919_jpg.rf.4d17143a9131a9a9ac9179d4f057e260.jpg,1,0.9939903914928436,0.054762623920396436,0.012019217014312744,0.10922476706036832,0.0021152496337890625
000921_JPG_jpg.rf.5c4335c2dba288c3495a87816759329e.jpg,0,0.5164064905598491,0.161044358121187,0.15238008946478454,0.06144584777117387,0.854248046875
000921_JPG_jpg.rf.5c4335c2dba288c3495a87816759329e.jpg,0,0.573242444972523,0.5904322652217469,0.019657011826833104,0.016777011540418107,0.1116943359375
000921_JPG_jpg.rf.5c4335c2dba288c3495a87816759329e.jpg,1,0.6850961744785309,0.5811298489570618,0.014423072338104248,0.04206728935241699,0.10540771484375
000921_JPG_jpg.rf.5c4335c2dba288c3495a87816759329e.jpg,1,0.38100962340831757,0.16887019574642181,0.022836536169052124,0.016225963830947876,0.05816650390625
000921_JPG_jpg.rf.5c4335c2dba288c3495a87816759329e.jpg,0,0.5724158883094788,0.5889423489570618,0.028846144676208496,0.013221144676208496,0.041351318359375
000921_JPG_jpg.rf.5c4335c2dba288c3495a87816759329e.jpg,0,0.5575402437400516,0.5488814946242124,0.020376718540312422,0.014829733128032152,0.012651443481445312
000921_JPG_jpg.rf.5c4335c2dba288c3495a87816759329e.jpg,1,0.8233173191547394,0.6147836744785309,0.027644217014312744,0.022836506366729736,0.006740570068359375
000921_JPG_jpg.rf.5c4335c2dba288c3495a87816759329e.jpg,1,0.6310096383094788,0.24278847128152847,0.01923072338104248,0.037259623408317566,0.00176239013671875
000927_JPG_jpg.rf.f20e433846f690ae80dc4f750af3ca43.jpg,0,0.39058462698233454,0.20612922184198743,0.14046349202691327,0.07307503434273566,0.802978515625
000927_JPG_jpg.rf.f20e433846f690ae80dc4f750af3ca43.jpg,0,0.5046360784263832,0.465745210647583,0.05623263249965055,0.029532613956362863,0.725830078125
000927_JPG_jpg.rf.f20e433846f690ae80dc4f750af3ca43.jpg,9,0.8149038557662914,0.6118056537167791,0.028792606609878257,0.04093674577896145,0.23790740966796875
000927_JPG_jpg.rf.f20e433846f690ae80dc4f750af3ca43.jpg,1,0.238058397440469,0.3665097394798263,0.01697216576664501,0.016129138427781742,0.0737762451171875
000927_JPG_jpg.rf.f20e433846f690ae80dc4f750af3ca43.jpg,1,0.09698017314076424,0.368088960647583,0.014873795211315155,0.009014427661895752,0.028533935546875
000927_JPG_jpg.rf.f20e433846f690ae80dc4f750af3ca43.jpg,1,0.5600961744785309,0.4639423340559006,0.04387015104293823,0.05649039149284363,0.009490966796875
000927_JPG_jpg.rf.f20e433846f690ae80dc4f750af3ca43.jpg,1,0.09615384787321091,0.36838942766189575,0.01953125,0.014423072338104248,0.00719451904296875
000927_JPG_jpg.rf.f20e433846f690ae80dc4f750af3ca43.jpg,1,0.24038461595773697,0.3671875149011612,0.024639412760734558,0.011418253183364868,0.006923675537109375
000927_JPG_jpg.rf.f20e433846f690ae80dc4f750af3ca43.jpg,0,0.5303485691547394,0.4657451957464218,0.10516828298568726,0.039663463830947876,0.005283355712890625
000927_JPG_jpg.rf.f20e433846f690ae80dc4f750af3ca43.jpg,1,0.8161057829856873,0.6129807829856873,0.03125,0.046875,0.0038776397705078125
000927_JPG_jpg.rf.f20e433846f690ae80dc4f750af3ca43.jpg,0,0.9098557829856873,0.42007213830947876,0.049278855323791504,0.03245192766189575,0.002490997314453125
000930_jpg.rf.5e178fe4584eb8c35c32e07e63e76a54.jpg,1,0.3181531015194843,0.3402038362504043,0.011512671888675441,0.03554824212958091,0.76318359375
000930_jpg.rf.5e178fe4584eb8c35c32e07e63e76a54.jpg,0,0.004902671760141995,0.3386944649964121,0.009791905799608498,0.05599465337386672,0.0454864501953125
000930_jpg.rf.5e178fe4584eb8c35c32e07e63e76a54.jpg,1,0.9248798191547394,0.005516639444977045,0.019230782985687256,0.01103327888995409,0.035797119140625
000930_jpg.rf.5e178fe4584eb8c35c32e07e63e76a54.jpg,1,0.3700795314153983,0.2211866815352147,0.02020713516890077,0.056420097161863386,0.031688690185546875
000930_jpg.rf.5e178fe4584eb8c35c32e07e63e76a54.jpg,9,0.12680288776755333,0.371995210647583,0.017127402126789093,0.033653855323791504,0.0148773193359375
000930_jpg.rf.5e178fe4584eb8c35c32e07e63e76a54.jpg,7,0.06790865585207939,0.1035156287252903,0.007361777126789093,0.010516829788684845,0.0061187744140625
000930_jpg.rf.5e178fe4584eb8c35c32e07e63e76a54.jpg,1,0.33954328298568726,0.3359375149011612,0.010817289352416992,0.021634608507156372,0.004741668701171875
000930_jpg.rf.5e178fe4584eb8c35c32e07e63e76a54.jpg,1,0.9459134936332703,0.007413424085825682,0.028846144676208496,0.008366511203348637,0.0044403076171875
000930_jpg.rf.5e178fe4584eb8c35c32e07e63e76a54.jpg,3,0.39423078298568726,0.43088944256305695,0.03125,0.019230753183364868,0.003002166748046875
000930_jpg.rf.5e178fe4584eb8c35c32e07e63e76a54.jpg,0,0.37860578298568726,0.22295673936605453,0.03605771064758301,0.04957933723926544,0.002681732177734375
000930_jpg.rf.5e178fe4584eb8c35c32e07e63e76a54.jpg,1,0.3194110691547394,0.33713944256305695,0.020432710647583008,0.02644231915473938,0.00243377685546875
000930_jpg.rf.5e178fe4584eb8c35c32e07e63e76a54.jpg,0,0.006347656482830644,0.12139423564076424,0.010967548470944166,0.02313702553510666,0.002208709716796875
000930_jpg.rf.5e178fe4584eb8c35c32e07e63e76a54.jpg,0,0.35276444256305695,0.33413462340831757,0.008413463830947876,0.019230753183364868,0.0015802383422851562
000931_jpg.rf.10845be9d30ac9cc28dfb6f98e79c4b9.jpg,0,0.6802884936332703,0.05709940033200387,0.029720261206305443,0.09689343609521749,0.70263671875
000931_jpg.rf.10845be9d30ac9cc28dfb6f98e79c4b9.jpg,9,0.8233173489570618,0.9687500298023224,0.026442289352416992,0.014423072338104248,0.037933349609375
000931_jpg.rf.10845be9d30ac9cc28dfb6f98e79c4b9.jpg,2,0.8233173489570618,0.9687500298023224,0.028846144676208496,0.014423072338104248,0.01161956787109375
000935_JPG_jpg.rf.cf8e119ffd92782137975e898bd2a146.jpg,0,0.36830280701823737,0.1308593787252903,0.12022281228036957,0.05750042836618913,0.807861328125
000935_JPG_jpg.rf.cf8e119ffd92782137975e898bd2a146.jpg,1,0.984868731140216,0.49091162999519605,0.02767752226329767,0.05532176907993269,0.004680633544921875
000935_JPG_jpg.rf.cf8e119ffd92782137975e898bd2a146.jpg,0,0.40504808723926544,0.08398437907453626,0.038461536169052124,0.1643629886675626,0.0028324127197265625
000936_JPG_jpg.rf.5caff1740d40116958c2f61e76b09af7.jpg,0,0.405227650748728,0.09239666390748702,0.14325397033309267,0.07290192626624366,0.8408203125
000936_JPG_jpg.rf.5caff1740d40116958c2f61e76b09af7.jpg,0,0.6682692468166351,0.4883917095918321,0.04698112337884286,0.026115306394554727,0.72998046875
000936_JPG_jpg.rf.5caff1740d40116958c2f61e76b09af7.jpg,1,0.4525240510702133,0.33954328298568726,0.01081731915473938,0.00961536169052124,0.007167816162109375
000936_JPG_jpg.rf.5caff1740d40116958c2f61e76b09af7.jpg,1,0.4258658327129806,0.3412382078792271,0.014038041705763893,0.009615391492843628,0.0065670013427734375
000936_JPG_jpg.rf.5caff1740d40116958c2f61e76b09af7.jpg,1,0.7007211744785309,0.6718750298023224,0.019230782985687256,0.019230782985687256,0.003231048583984375
000936_JPG_jpg.rf.5caff1740d40116958c2f61e76b09af7.jpg,1,0.8293269574642181,0.7914663851261139,0.04807692766189575,0.038461506366729736,0.0020427703857421875
000936_JPG_jpg.rf.5caff1740d40116958c2f61e76b09af7.jpg,1,0.7055288553237915,0.6724759936332703,0.03125,0.021634578704833984,0.0019121170043945312
000939_JPG_jpg.rf.7e1ee21bb449cac641ba40be71455adc.jpg,0,0.5126972721513209,0.22035874131917263,0.2427514708345424,0.13281250672469286,0.844482421875
000939_JPG_jpg.rf.7e1ee21bb449cac641ba40be71455adc.jpg,0,0.848557710647583,0.8389423489570618,0.03846156597137451,0.03846156597137451,0.004238128662109375
000939_JPG_jpg.rf.7e1ee21bb449cac641ba40be71455adc.jpg,1,0.8491586744785309,0.8389423489570618,0.038461506366729736,0.040865421295166016,0.002899169921875
000939_JPG_jpg.rf.7e1ee21bb449cac641ba40be71455adc.jpg,14,0.5895432829856873,0.9711538851261139,0.025240421295166016,0.014423072338104248,0.001995086669921875
000939_jpg.rf.8833ad2e67c239cfc10ea9ba2e865166.jpg,0,0.4237836528804859,0.30498799681663513,0.015456357748096894,0.04155755820886009,0.54766845703125
000939_jpg.rf.8833ad2e67c239cfc10ea9ba2e865166.jpg,0,0.5427924475873868,0.29742383800681677,0.01250266793416488,0.04471949785317286,0.519287109375
000939_jpg.rf.8833ad2e67c239cfc10ea9ba2e865166.jpg,11,0.9736326127755837,0.3590511350358119,0.050480779272611076,0.13867974672161165,0.046539306640625
000939_jpg.rf.8833ad2e67c239cfc10ea9ba2e865166.jpg,1,0.049823047304181536,0.22577346190864234,0.012261822698144825,0.04492300638245997,0.015781402587890625
000939_jpg.rf.8833ad2e67c239cfc10ea9ba2e865166.jpg,11,0.0660306503996253,0.04477163776755333,0.08789062686264515,0.08954327553510666,0.0120697021484375
000939_jpg.rf.8833ad2e67c239cfc10ea9ba2e865166.jpg,11,0.8936298489570618,0.026198167353868484,0.11899042129516602,0.05239633470773697,0.00888824462890625
000939_jpg.rf.8833ad2e67c239cfc10ea9ba2e865166.jpg,3,0.37379808723926544,0.6051682829856873,0.02644231915473938,0.05168271064758301,0.00814056396484375
000939_jpg.rf.8833ad2e67c239cfc10ea9ba2e865166.jpg,5,0.06550480891019106,0.044846758246421814,0.09029447101056576,0.08969351649284363,0.00496673583984375
000939_jpg.rf.8833ad2e67c239cfc10ea9ba2e865166.jpg,1,0.00604248046875,0.18734976649284363,0.0120849609375,0.015625,0.00279998779296875
000939_jpg.rf.8833ad2e67c239cfc10ea9ba2e865166.jpg,8,0.3743990510702133,0.6021634936332703,0.022836536169052124,0.060096144676208496,0.00272369384765625
000939_jpg.rf.8833ad2e67c239cfc10ea9ba2e865166.jpg,5,0.8942308127880096,0.026479868076421553,0.11899036169052124,0.05280949576263083,0.002559661865234375
000939_jpg.rf.8833ad2e67c239cfc10ea9ba2e865166.jpg,0,0.8912259936332703,0.025277946144342422,0.12139427661895752,0.050555892288684845,0.0022335052490234375
000939_jpg.rf.8833ad2e67c239cfc10ea9ba2e865166.jpg,1,0.8918269574642181,0.026141827926039696,0.11778849363327026,0.05228365585207939,0.0018825531005859375
000939_jpg.rf.8833ad2e67c239cfc10ea9ba2e865166.jpg,0,0.544771671295166,0.32992789149284363,0.013221144676208496,0.018028855323791504,0.0018396377563476562
000939_jpg.rf.8833ad2e67c239cfc10ea9ba2e865166.jpg,0,0.9134615957736969,0.685546875,0.17067307233810425,0.62890625,0.0018320083618164062
000939_jpg.rf.8833ad2e67c239cfc10ea9ba2e865166.jpg,4,0.028076173271983862,0.6490384638309479,0.026254509575664997,0.019230782985687256,0.0015735626220703125
000941_jpg.rf.c2e9c98322db4910628e8155f8f074fb.jpg,0,0.5715144574642181,0.22125178287263775,0.016826927661895752,0.06350607256420324,0.74462890625
000941_jpg.rf.c2e9c98322db4910628e8155f8f074fb.jpg,0,0.33250061560707744,0.2425240690103616,0.01826337004008033,0.0643408100917956,0.7317924499511719
000941_jpg.rf.c2e9c98322db4910628e8155f8f074fb.jpg,1,0.6505800389861345,0.013092173026152981,0.036214305588525786,0.026184346052305962,0.7158203125
000941_jpg.rf.c2e9c98322db4910628e8155f8f074fb.jpg,1,0.12439904361963272,0.05168269551359117,0.029597356915473938,0.09525241004303098,0.2247314453125
000941_jpg.rf.c2e9c98322db4910628e8155f8f074fb.jpg,9,0.7920673191547394,0.15114183351397514,0.04567307233810425,0.10036057978868484,0.060211181640625
000941_jpg.rf.c2e9c98322db4910628e8155f8f074fb.jpg,0,0.08159931004047394,0.3768029063940048,0.010178789496421814,0.03425481915473938,0.01873779296875
000941_jpg.rf.c2e9c98322db4910628e8155f8f074fb.jpg,0,0.8641827404499054,0.31798379123210907,0.012019217014312744,0.03350362181663513,0.0099334716796875
000941_jpg.rf.c2e9c98322db4910628e8155f8f074fb.jpg,1,0.9693509936332703,0.007512019590649288,0.04326927661895752,0.014648438213043846,0.00955963134765625
000941_jpg.rf.c2e9c98322db4910628e8155f8f074fb.jpg,9,0.7692307829856873,0.23903245478868484,0.026442289352416992,0.04266826808452606,0.00855255126953125
000941_jpg.rf.c2e9c98322db4910628e8155f8f074fb.jpg,9,0.7884615659713745,0.17983774840831757,0.03605771064758301,0.13581731915473938,0.0073089599609375
000941_jpg.rf.c2e9c98322db4910628e8155f8f074fb.jpg,9,0.7944711744785309,0.1699218824505806,0.04086536169052124,0.045072123408317566,0.00722503662109375
000941_jpg.rf.c2e9c98322db4910628e8155f8f074fb.jpg,8,0.5522836744785309,0.2192007303237915,0.03245192766189575,0.05288460850715637,0.004947662353515625
000941_jpg.rf.c2e9c98322db4910628e8155f8f074fb.jpg,1,0.9951923191547394,0.11072716861963272,0.00961536169052124,0.04176683723926544,0.0022869110107421875
000941_jpg.rf.c2e9c98322db4910628e8155f8f074fb.jpg,3,0.4296875149011612,0.4399038702249527,0.024038463830947876,0.017427891492843628,0.0019350051879882812
000941_jpg.rf.c2e9c98322db4910628e8155f8f074fb.jpg,9,0.8004807829856873,0.16590294986963272,0.044471144676208496,0.1255258470773697,0.0017147064208984375
000947_jpg.rf.d73f3f8c2ca9fe79cae556394f5a753e.jpg,0,0.555512153778272,0.2353576199178486,0.014709788273299385,0.04966048432731929,0.5795669555664062
000947_jpg.rf.d73f3f8c2ca9fe79cae556394f5a753e.jpg,0,0.6289620464727919,0.30978490553439664,0.008636584584956641,0.03282975307141672,0.37744140625
000947_jpg.rf.d73f3f8c2ca9fe79cae556394f5a753e.jpg,0,0.6088217615135132,0.31139347832354286,0.00971081237944349,0.02999082396900843,0.322998046875
000947_jpg.rf.d73f3f8c2ca9fe79cae556394f5a753e.jpg,0,0.6409838688300933,0.3097059723537384,0.011301538958771062,0.030048072338104248,0.0200347900390625
000947_jpg.rf.d73f3f8c2ca9fe79cae556394f5a753e.jpg,0,0.9951923191547394,0.18299280107021332,0.00961536169052124,0.0390625,0.010009765625
000947_jpg.rf.d73f3f8c2ca9fe79cae556394f5a753e.jpg,13,0.5054086744785309,0.41766828298568726,0.012019217014312744,0.014423072338104248,0.00902557373046875
000947_jpg.rf.d73f3f8c2ca9fe79cae556394f5a753e.jpg,0,0.6286058127880096,0.30003006756305695,0.014423072338104248,0.05378606915473938,0.00807952880859375
000947_jpg.rf.d73f3f8c2ca9fe79cae556394f5a753e.jpg,8,0.5892428159713745,0.3091947138309479,0.015625,0.036658644676208496,0.004207611083984375
000947_jpg.rf.d73f3f8c2ca9fe79cae556394f5a753e.jpg,3,0.7271634936332703,0.45192308723926544,0.01923072338104248,0.027644246816635132,0.00333404541015625
000947_jpg.rf.d73f3f8c2ca9fe79cae556394f5a753e.jpg,1,0.6959134936332703,0.0072490989696234465,0.015625,0.012282152194529772,0.0021991729736328125
000947_jpg.rf.d73f3f8c2ca9fe79cae556394f5a753e.jpg,3,0.3233173191547394,0.3906250149011612,0.051081717014312744,0.04326924681663513,0.0018033981323242188
000948_jpg.rf.c13a38fd10c3df06a9b8878fd0df257c.jpg,1,0.5182030267172928,0.11294604178606688,0.018520619099815394,0.08217986904124709,0.63623046875
000948_jpg.rf.c13a38fd10c3df06a9b8878fd0df257c.jpg,1,0.09547662515217258,0.1742788478732109,0.018973096835997794,0.08606467823443875,0.4730224609375
000948_jpg.rf.c13a38fd10c3df06a9b8878fd0df257c.jpg,1,0.8800629993346224,0.2168752701585508,0.013912554568670243,0.05926405356879219,0.43798828125
000948_jpg.rf.c13a38fd10c3df06a9b8878fd0df257c.jpg,1,0.5495137821448002,0.11315518408051281,0.020042132208230257,0.07993834410072764,0.31939697265625
000948_jpg.rf.c13a38fd10c3df06a9b8878fd0df257c.jpg,1,0.546875,0.008760892786085606,0.010817289352416992,0.013127254322171211,0.0208892822265625
000948_jpg.rf.c13a38fd10c3df06a9b8878fd0df257c.jpg,0,0.3623798191547394,0.8437500298023224,0.030048072338104248,0.026442348957061768,0.01557159423828125
000948_jpg.rf.c13a38fd10c3df06a9b8878fd0df257c.jpg,1,0.12287089889954747,0.16570569790173423,0.02215458543058703,0.07884630846472915,0.015554428100585938
000948_jpg.rf.c13a38fd10c3df06a9b8878fd0df257c.jpg,1,0.3652450431664699,0.20685498935584448,0.054573954345732034,0.023981686251900558,0.01409149169921875
000948_jpg.rf.c13a38fd10c3df06a9b8878fd0df257c.jpg,5,0.7475961744785309,0.23512621223926544,0.03605765104293823,0.06069710850715637,0.00768280029296875
000948_jpg.rf.c13a38fd10c3df06a9b8878fd0df257c.jpg,1,0.4417067617177963,0.2031250074505806,0.039663463830947876,0.021634623408317566,0.0058441162109375
000948_jpg.rf.c13a38fd10c3df06a9b8878fd0df257c.jpg,1,0.5637019276618958,0.008901742985472083,0.010817289352416992,0.01209435099735856,0.004871368408203125
000948_jpg.rf.c13a38fd10c3df06a9b8878fd0df257c.jpg,0,0.30198319256305695,0.36538463830947876,0.01262018084526062,0.04567307233810425,0.003787994384765625
000948_jpg.rf.c13a38fd10c3df06a9b8878fd0df257c.jpg,11,0.4438101053237915,0.3768028896301985,0.6171875,0.719951931387186,0.0021076202392578125
000948_jpg.rf.c13a38fd10c3df06a9b8878fd0df257c.jpg,0,0.7475961744785309,0.2358774170279503,0.038461506366729736,0.05889423191547394,0.00206756591796875
000948_jpg.rf.c13a38fd10c3df06a9b8878fd0df257c.jpg,1,0.465745210647583,0.01951247124816291,0.012019217014312744,0.0384991011233069,0.0019502639770507812
000948_jpg.rf.c13a38fd10c3df06a9b8878fd0df257c.jpg,0,0.12176983803510666,0.17010968178510666,0.021634623408317566,0.08586238324642181,0.0015554428100585938
000948_jpg.rf.c13a38fd10c3df06a9b8878fd0df257c.jpg,1,0.9182692766189575,0.45582935214042664,0.033653855323791504,0.0859375,0.0015077590942382812
000952_JPG_jpg.rf.90428e1f86a947e855e2b482a765c793.jpg,0,0.5656744854993561,0.10729987397283113,0.17822391139406735,0.08748769020142197,0.825439453125
000952_JPG_jpg.rf.90428e1f86a947e855e2b482a765c793.jpg,0,0.3882211595773697,0.5661057829856873,0.017427891492843628,0.015625,0.033416748046875
000952_JPG_jpg.rf.90428e1f86a947e855e2b482a765c793.jpg,1,0.9915865659713745,0.12982647866010666,0.015625,0.1303711086511612,0.032318115234375
000952_JPG_jpg.rf.90428e1f86a947e855e2b482a765c793.jpg,0,0.22076330244432307,0.5545598059917776,0.047272934327302424,0.02245334126903087,0.01697063446044922
000952_JPG_jpg.rf.90428e1f86a947e855e2b482a765c793.jpg,0,0.25570914149284363,0.5555889904499054,0.035456717014312744,0.024639427661895752,0.01068115234375
000952_JPG_jpg.rf.90428e1f86a947e855e2b482a765c793.jpg,1,0.4231076254586207,0.005006151813764977,0.03607513753804087,0.010012303627529954,0.00971221923828125
000952_JPG_jpg.rf.90428e1f86a947e855e2b482a765c793.jpg,0,0.21123798936605453,0.5588942766189575,0.05108173191547394,0.03125,0.009307861328125
000952_JPG_jpg.rf.90428e1f86a947e855e2b482a765c793.jpg,1,0.4393029063940048,0.6048678159713745,0.03305289149284363,0.01141822338104248,0.0049285888671875
000952_JPG_jpg.rf.90428e1f86a947e855e2b482a765c793.jpg,0,0.9915865957736969,0.10344050824642181,0.014423072338104248,0.107421875,0.00479888916015625
000952_JPG_jpg.rf.90428e1f86a947e855e2b482a765c793.jpg,1,0.2641226053237915,0.4179687649011612,0.00961536169052124,0.009615391492843628,0.004474639892578125
000952_JPG_jpg.rf.90428e1f86a947e855e2b482a765c793.jpg,14,0.6628606021404266,0.6887019276618958,0.03605765104293823,0.018028855323791504,0.004306793212890625
000952_JPG_jpg.rf.90428e1f86a947e855e2b482a765c793.jpg,14,0.47536058723926544,0.7043269574642181,0.024038463830947876,0.019230782985687256,0.0037441253662109375
000952_JPG_jpg.rf.90428e1f86a947e855e2b482a765c793.jpg,1,0.5988582074642181,0.5222356021404266,0.03786057233810425,0.03245192766189575,0.00287628173828125
000952_JPG_jpg.rf.90428e1f86a947e855e2b482a765c793.jpg,8,0.5709134638309479,0.990985631942749,0.11057692766189575,0.013221144676208496,0.0027446746826171875
000952_JPG_jpg.rf.90428e1f86a947e855e2b482a765c793.jpg,14,0.027512770582688972,0.22175481915473938,0.054499699792359024,0.11418271064758301,0.0023403167724609375
000952_JPG_jpg.rf.90428e1f86a947e855e2b482a765c793.jpg,0,0.25811298191547394,0.5643028914928436,0.042367786169052124,0.043269217014312744,0.00176239013671875
000952_JPG_jpg.rf.90428e1f86a947e855e2b482a765c793.jpg,0,0.23016827553510666,0.559495210647583,0.06129808723926544,0.03485572338104248,0.0016756057739257812
000953_jpg.rf.5154086f77976b3f05bef0e2a6b5cf33.jpg,0,0.5566156925772958,0.049997932668136076,0.03628282524800375,0.09827152905287305,0.668701171875
000953_jpg.rf.5154086f77976b3f05bef0e2a6b5cf33.jpg,0,0.018804545440635055,0.11110634682383261,0.027591915390942065,0.11399873196571862,0.64599609375
000953_jpg.rf.5154086f77976b3f05bef0e2a6b5cf33.jpg,1,0.5980079802037961,0.050057245781178705,0.026672535600477887,0.09769770724458296,0.17364501953125
000953_jpg.rf.5154086f77976b3f05bef0e2a6b5cf33.jpg,0,0.5961538553237915,0.04976712999632582,0.05408656597137451,0.0984825772466138,0.00836181640625
000953_jpg.rf.5154086f77976b3f05bef0e2a6b5cf33.jpg,1,0.6138822138309479,0.015747070487122983,0.035456717014312744,0.029691256233491004,0.002956390380859375
000953_jpg.rf.5154086f77976b3f05bef0e2a6b5cf33.jpg,1,0.13018329814076424,0.4705529063940048,0.01923077553510666,0.018028825521469116,0.0026302337646484375
000953_jpg.rf.5154086f77976b3f05bef0e2a6b5cf33.jpg,1,0.006929837923962623,0.014958308835048229,0.011230469099245965,0.027249850681982934,0.0022430419921875
000953_jpg.rf.5154086f77976b3f05bef0e2a6b5cf33.jpg,1,0.027888371609151363,0.017625075694013503,0.023475060239434242,0.03517503119292087,0.0017213821411132812
000953_jpg.rf.5154086f77976b3f05bef0e2a6b5cf33.jpg,1,0.24188702553510666,0.4663461744785309,0.019831731915473938,0.014423072338104248,0.0016489028930664062
000959_JPG_jpg.rf.2f6359d6921e833a4c769a41ea5a5f35.jpg,0,0.5198317459162628,0.1711835482599512,0.18416840252199201,0.07872130327894608,0.80810546875
000959_JPG_jpg.rf.2f6359d6921e833a4c769a41ea5a5f35.jpg,0,0.31033342151934207,0.404542054731713,0.08622219103947631,0.03637398343905457,0.784423828125
000959_JPG_jpg.rf.2f6359d6921e833a4c769a41ea5a5f35.jpg,0,0.050646588650414825,0.6295523647708974,0.05251872904685653,0.028400734425265473,0.4315185546875
000959_JPG_jpg.rf.2f6359d6921e833a4c769a41ea5a5f35.jpg,1,0.01424466705066152,0.6311598718166351,0.027775692229624838,0.03335338830947876,0.12109375
000959_JPG_jpg.rf.2f6359d6921e833a4c769a41ea5a5f35.jpg,1,0.037935699125227984,0.6308594048023224,0.0756460376578616,0.031550467014312744,0.0849609375
000959_JPG_jpg.rf.2f6359d6921e833a4c769a41ea5a5f35.jpg,10,0.7602163851261139,0.7103365659713745,0.012019217014312744,0.02403843402862549,0.0188751220703125
000959_JPG_jpg.rf.2f6359d6921e833a4c769a41ea5a5f35.jpg,1,0.17352765053510666,0.13837140053510666,0.01322115957736969,0.011117801070213318,0.0149383544921875
000959_JPG_jpg.rf.2f6359d6921e833a4c769a41ea5a5f35.jpg,0,0.030881743151094848,0.6300515403404142,0.04493827232464817,0.03151108534538927,0.0073757171630859375
000959_JPG_jpg.rf.2f6359d6921e833a4c769a41ea5a5f35.jpg,5,0.6935096383094788,0.1670297533273697,0.1538461446762085,0.1557241678237915,0.00461578369140625
000959_JPG_jpg.rf.2f6359d6921e833a4c769a41ea5a5f35.jpg,5,0.8425481021404266,0.12349760346114635,0.14182692766189575,0.14963943138718605,0.0045623779296875
000959_JPG_jpg.rf.2f6359d6921e833a4c769a41ea5a5f35.jpg,1,0.9897836744785309,0.0805288515985012,0.019230782985687256,0.01772836595773697,0.0019502639770507812
000961_JPG_jpg.rf.6bcbe860c6d7172dbb20df1d4ac1f688.jpg,0,0.7001627503788679,0.20301131627019037,0.14534763118501326,0.08091710665194518,0.81396484375
000961_JPG_jpg.rf.6bcbe860c6d7172dbb20df1d4ac1f688.jpg,0,0.5582813228348067,0.5465864776430311,0.038437645669613496,0.018028855323791504,0.43603515625
000961_JPG_jpg.rf.6bcbe860c6d7172dbb20df1d4ac1f688.jpg,0,0.4679447086562141,0.665048021836847,0.039663463830947876,0.019999898997485444,0.124664306640625
000961_JPG_jpg.rf.6bcbe860c6d7172dbb20df1d4ac1f688.jpg,0,0.975618567138681,0.5356854325733124,0.044987015068072456,0.027072508292983022,0.10016632080078125
000961_JPG_jpg.rf.6bcbe860c6d7172dbb20df1d4ac1f688.jpg,1,0.46213944256305695,0.6622596383094788,0.028846174478530884,0.014423131942749023,0.0775146484375
000961_JPG_jpg.rf.6bcbe860c6d7172dbb20df1d4ac1f688.jpg,11,0.9368990659713745,0.1796875074505806,0.1117788553237915,0.13221155107021332,0.04315185546875
000961_JPG_jpg.rf.6bcbe860c6d7172dbb20df1d4ac1f688.jpg,1,0.48257212340831757,0.40444713830947876,0.008413463830947876,0.011418282985687256,0.033538818359375
000961_JPG_jpg.rf.6bcbe860c6d7172dbb20df1d4ac1f688.jpg,1,0.4681490510702133,0.6658653914928436,0.039663463830947876,0.02163463830947876,0.0305938720703125
000961_JPG_jpg.rf.6bcbe860c6d7172dbb20df1d4ac1f688.jpg,8,0.8269231021404266,0.22179237753152847,0.11057692766189575,0.13934795558452606,0.0290679931640625
000961_JPG_jpg.rf.6bcbe860c6d7172dbb20df1d4ac1f688.jpg,0,0.15324519574642181,0.23617789894342422,0.018028855323791504,0.010817304253578186,0.026123046875
000961_JPG_jpg.rf.6bcbe860c6d7172dbb20df1d4ac1f688.jpg,9,0.936298131942749,0.17953727021813393,0.1117788553237915,0.13251202553510666,0.0220947265625
000961_JPG_jpg.rf.6bcbe860c6d7172dbb20df1d4ac1f688.jpg,1,0.4834735840559006,0.4041466563940048,0.013822108507156372,0.02043268084526062,0.01153564453125
000961_JPG_jpg.rf.6bcbe860c6d7172dbb20df1d4ac1f688.jpg,0,0.9302884936332703,0.5492788553237915,0.009615421295166016,0.03125,0.006435394287109375
000961_JPG_jpg.rf.6bcbe860c6d7172dbb20df1d4ac1f688.jpg,14,0.590745210647583,0.49248799681663513,0.05168271064758301,0.030048072338104248,0.004459381103515625
000961_JPG_jpg.rf.6bcbe860c6d7172dbb20df1d4ac1f688.jpg,0,0.34014424681663513,0.3695913553237915,0.013221144676208496,0.03245192766189575,0.0032939910888671875
000961_JPG_jpg.rf.6bcbe860c6d7172dbb20df1d4ac1f688.jpg,1,0.47866587340831757,0.40024039149284363,0.015024036169052124,0.019230782985687256,0.0023860931396484375
000961_JPG_jpg.rf.6bcbe860c6d7172dbb20df1d4ac1f688.jpg,0,0.9302884936332703,0.559495210647583,0.010817289352416992,0.03485572338104248,0.0023136138916015625
000961_JPG_jpg.rf.6bcbe860c6d7172dbb20df1d4ac1f688.jpg,9,0.8665865659713745,0.3999399095773697,0.02403843402862549,0.03725960850715637,0.0020351409912109375
000961_JPG_jpg.rf.6bcbe860c6d7172dbb20df1d4ac1f688.jpg,7,0.7572115659713745,0.41045674681663513,0.02403843402862549,0.018028855323791504,0.0020122528076171875
000961_JPG_jpg.rf.6bcbe860c6d7172dbb20df1d4ac1f688.jpg,0,0.7512019574642181,0.22085338085889816,0.26442307233810425,0.1328125149011612,0.0018606185913085938
000963_JPG_jpg.rf.d070485dd75af260a4d7cbc60f80a0b8.jpg,0,0.3730158655759012,0.11363500951016114,0.10402676093513741,0.0716813966622918,0.81103515625
000963_JPG_jpg.rf.d070485dd75af260a4d7cbc60f80a0b8.jpg,0,0.2729728259670902,0.6162371605214938,0.04866740011833082,0.023689045906066908,0.2166748046875
000963_JPG_jpg.rf.d070485dd75af260a4d7cbc60f80a0b8.jpg,1,0.2716353658746694,0.6146341869196094,0.049280340256495136,0.02602250125739025,0.1961669921875
000963_JPG_jpg.rf.d070485dd75af260a4d7cbc60f80a0b8.jpg,0,0.7193509936332703,0.12672777101397514,0.008413434028625488,0.020132221281528473,0.0159912109375
000963_JPG_jpg.rf.d070485dd75af260a4d7cbc60f80a0b8.jpg,0,0.47085338830947876,0.9657452404499054,0.0078125,0.022836506366729736,0.004032135009765625
000963_JPG_jpg.rf.d070485dd75af260a4d7cbc60f80a0b8.jpg,0,0.6706731021404266,0.6947115659713745,0.014423072338104248,0.030048131942749023,0.0020580291748046875
000963_JPG_jpg.rf.d070485dd75af260a4d7cbc60f80a0b8.jpg,1,0.8774038851261139,0.9939903914928436,0.020432651042938232,0.012019217014312744,0.0017347335815429688
000963_JPG_jpg.rf.d070485dd75af260a4d7cbc60f80a0b8.jpg,1,0.7415865659713745,0.5120192468166351,0.01923072338104248,0.010817348957061768,0.0016298294067382812
000963_JPG_jpg.rf.d070485dd75af260a4d7cbc60f80a0b8.jpg,0,0.19471154361963272,0.6370192468166351,0.025240376591682434,0.02524036169052124,0.0016241073608398438
000964_JPG_jpg.rf.5b7fe2e78a16c40785daf9c61fa3e325.jpg,0,0.4536508619785309,0.22022194859542532,0.32587140798568726,0.19422417879104614,0.82470703125
000964_JPG_jpg.rf.5b7fe2e78a16c40785daf9c61fa3e325.jpg,0,0.615985594689846,0.6730769276618958,0.766826942563057,0.6538461446762085,0.00804901123046875
000964_JPG_jpg.rf.5b7fe2e78a16c40785daf9c61fa3e325.jpg,0,0.5655048191547394,0.15009015053510666,0.08173078298568726,0.049879804253578186,0.0045623779296875
000964_JPG_jpg.rf.5b7fe2e78a16c40785daf9c61fa3e325.jpg,0,0.5024038702249527,0.32391828298568726,0.05168268084526062,0.028846144676208496,0.004306793212890625
000964_JPG_jpg.rf.5b7fe2e78a16c40785daf9c61fa3e325.jpg,1,0.7932692468166351,0.012000450793493656,0.24519234895706177,0.023925781391881173,0.0036163330078125
000965_JPG_jpg.rf.f30cf7d23ef0c575c1d2835f80e0c27e.jpg,0,0.3155459616155851,0.15189124634932905,0.0847105518693016,0.06208862665863264,0.615234375
000965_JPG_jpg.rf.f30cf7d23ef0c575c1d2835f80e0c27e.jpg,1,0.9140625596046448,0.7181490659713745,0.018028855323791504,0.06370186805725098,0.0173797607421875
000965_JPG_jpg.rf.f30cf7d23ef0c575c1d2835f80e0c27e.jpg,1,0.7324901741428711,0.4261664324497122,0.032441041796018144,0.04137893549038113,0.01432037353515625
000965_JPG_jpg.rf.f30cf7d23ef0c575c1d2835f80e0c27e.jpg,11,0.39663463830947876,0.9194712042808533,0.011418282985687256,0.013221144676208496,0.003269195556640625
000965_JPG_jpg.rf.f30cf7d23ef0c575c1d2835f80e0c27e.jpg,1,0.8984375298023224,0.48257212340831757,0.016826927661895752,0.021634608507156372,0.0023860931396484375
000965_JPG_jpg.rf.f30cf7d23ef0c575c1d2835f80e0c27e.jpg,14,0.9759615957736969,0.532451942563057,0.04567307233810425,0.22836539149284363,0.0018825531005859375
000965_JPG_jpg.rf.f30cf7d23ef0c575c1d2835f80e0c27e.jpg,1,0.7319712042808533,0.4447115659713745,0.033653855323791504,0.078125,0.00185394287109375
000965_JPG_jpg.rf.f30cf7d23ef0c575c1d2835f80e0c27e.jpg,1,0.8076923191547394,0.026724008701421553,0.050480782985687256,0.05329777701263083,0.0018033981323242188
000965_JPG_jpg.rf.f30cf7d23ef0c575c1d2835f80e0c27e.jpg,0,0.5138221383094788,0.4522235691547394,0.01923072338104248,0.013221144676208496,0.0015554428100585938
000968_jpg.rf.0dfad49ade7a30b64575f717b35a8ee6.jpg,1,0.29620955024311924,0.19554269437357885,0.024206068993398333,0.08232015829443184,0.817138671875
000968_jpg.rf.0dfad49ade7a30b64575f717b35a8ee6.jpg,1,0.5599470621232292,0.17823800948319782,0.019432592533672688,0.07554078268172304,0.6572265625
000968_jpg.rf.0dfad49ade7a30b64575f717b35a8ee6.jpg,1,0.6604567468166351,0.01334322494949447,0.038461506366729736,0.02638596911856439,0.020263671875
000968_jpg.rf.0dfad49ade7a30b64575f717b35a8ee6.jpg,1,0.8918269574642181,0.2767428010702133,0.012019217014312744,0.05889424681663513,0.01873779296875
000968_jpg.rf.0dfad49ade7a30b64575f717b35a8ee6.jpg,1,0.02083376287091751,0.005732259221514138,0.041568579744349216,0.011464518443028275,0.00582122802734375
000968_jpg.rf.0dfad49ade7a30b64575f717b35a8ee6.jpg,0,0.6610577404499054,0.014441857521887869,0.04567307233810425,0.025353065808303654,0.00279998779296875
000968_jpg.rf.0dfad49ade7a30b64575f717b35a8ee6.jpg,9,0.6442307829856873,0.3647836595773697,0.020432710647583008,0.03605768084526062,0.0017080307006835938
000968_jpg.rf.0dfad49ade7a30b64575f717b35a8ee6.jpg,1,0.3100961744785309,0.19561298936605453,0.046875,0.08293269574642181,0.0016756057739257812
000969_JPG_jpg.rf.2d0df3acb668b987139a6e9f5e3675b3.jpg,0,0.359131093627426,0.13109996779849367,0.1926603954307426,0.0878770756232139,0.8251953125
000969_JPG_jpg.rf.2d0df3acb668b987139a6e9f5e3675b3.jpg,0,0.3820353451007542,0.5435171499812705,0.04689556516673132,0.02088901478370586,0.5618991851806641
000969_JPG_jpg.rf.2d0df3acb668b987139a6e9f5e3675b3.jpg,0,0.05411799281750181,0.4514153614384112,0.012939909281789494,0.023088167408795657,0.008655548095703125
000969_JPG_jpg.rf.2d0df3acb668b987139a6e9f5e3675b3.jpg,1,0.731370210647583,0.5691106021404266,0.04206728935241699,0.030048072338104248,0.00658416748046875
000969_JPG_jpg.rf.2d0df3acb668b987139a6e9f5e3675b3.jpg,1,0.908052921295166,0.6346153914928436,0.013221144676208496,0.02163463830947876,0.00595855712890625
000969_JPG_jpg.rf.2d0df3acb668b987139a6e9f5e3675b3.jpg,1,0.21527513516003244,0.6420828064392007,0.01830250454812868,0.012019217014312744,0.0058956146240234375
000969_JPG_jpg.rf.2d0df3acb668b987139a6e9f5e3675b3.jpg,0,0.06039663590490818,0.450120210647583,0.01615084335207939,0.03125,0.004669189453125
000969_JPG_jpg.rf.2d0df3acb668b987139a6e9f5e3675b3.jpg,1,0.7223557829856873,0.5769231021404266,0.026442289352416992,0.02163463830947876,0.004425048828125
000969_JPG_jpg.rf.2d0df3acb668b987139a6e9f5e3675b3.jpg,1,0.981370210647583,0.43780049681663513,0.03605771064758301,0.033653855323791504,0.004001617431640625
000969_JPG_jpg.rf.2d0df3acb668b987139a6e9f5e3675b3.jpg,0,0.02054537320509553,0.4525240510702133,0.01780348550528288,0.022836536169052124,0.0036296844482421875
000969_JPG_jpg.rf.2d0df3acb668b987139a6e9f5e3675b3.jpg,1,0.9026442766189575,0.6286058127880096,0.02403843402862549,0.016826927661895752,0.003047943115234375
000969_JPG_jpg.rf.2d0df3acb668b987139a6e9f5e3675b3.jpg,1,0.9849759936332703,0.6286057829856873,0.030048012733459473,0.021634578704833984,0.00208282470703125
000969_JPG_jpg.rf.2d0df3acb668b987139a6e9f5e3675b3.jpg,1,0.9014423191547394,0.634615421295166,0.016826927661895752,0.020432710647583008,0.0016298294067382812
000969_JPG_jpg.rf.2d0df3acb668b987139a6e9f5e3675b3.jpg,1,0.7355769574642181,0.009028508327901363,0.050480782985687256,0.018057016655802727,0.001617431640625
000969_JPG_jpg.rf.2d0df3acb668b987139a6e9f5e3675b3.jpg,1,0.06287560239434242,0.375901460647583,0.011268027126789093,0.010817289352416992,0.001567840576171875
000969_JPG_jpg.rf.2d0df3acb668b987139a6e9f5e3675b3.jpg,1,0.21003606170415878,0.6418269276618958,0.019831731915473938,0.013221144676208496,0.0015497207641601562
000970_jpg.rf.5ec919fb6d9aa56484d7295dc541b41f.jpg,0,0.4188885437902575,0.16994724906260944,0.026997416544542685,0.08892366703929397,0.719970703125
000970_jpg.rf.5ec919fb6d9aa56484d7295dc541b41f.jpg,0,0.565240424578707,0.16137772886715268,0.022307717214665068,0.08498507685766213,0.7158203125
000970_jpg.rf.5ec919fb6d9aa56484d7295dc541b41f.jpg,0,0.06935925456137212,0.32590769041695433,0.013713159228867303,0.04643963241505478,0.24365234375
000970_jpg.rf.5ec919fb6d9aa56484d7295dc541b41f.jpg,1,0.9945913851261139,0.5506502722466734,0.00961536169052124,0.020041788357116008,0.024606704711914062
000970_jpg.rf.5ec919fb6d9aa56484d7295dc541b41f.jpg,5,0.0793269236528431,0.7992788851261139,0.15835336652526166,0.40024036169052124,0.0173797607421875
000970_jpg.rf.5ec919fb6d9aa56484d7295dc541b41f.jpg,10,0.4164663553237915,0.5841346383094788,0.021033644676208496,0.04326927661895752,0.009857177734375
000970_jpg.rf.5ec919fb6d9aa56484d7295dc541b41f.jpg,9,0.41616588830947876,0.5832332074642181,0.021033644676208496,0.04026442766189575,0.00771331787109375
000970_jpg.rf.5ec919fb6d9aa56484d7295dc541b41f.jpg,5,0.650240421295166,0.41826924681663513,0.03605771064758301,0.016826927661895752,0.006740570068359375
000970_jpg.rf.5ec919fb6d9aa56484d7295dc541b41f.jpg,1,0.44275868059600837,0.5098257355691365,0.01989192533915307,0.014963845722199887,0.005007743835449219
000970_jpg.rf.5ec919fb6d9aa56484d7295dc541b41f.jpg,1,0.5859375,0.8389423191547394,0.0649038553237915,0.019230782985687256,0.0039825439453125
000970_jpg.rf.5ec919fb6d9aa56484d7295dc541b41f.jpg,0,0.6428786218166351,0.9242788553237915,0.6301081776618958,0.151442289352417,0.0024623870849609375
000970_jpg.rf.5ec919fb6d9aa56484d7295dc541b41f.jpg,1,0.4248798191547394,0.9038461744785309,0.46754807233810425,0.19230765104293823,0.0023956298828125
000970_jpg.rf.5ec919fb6d9aa56484d7295dc541b41f.jpg,0,0.41286058723926544,0.9302884638309479,0.4603365361690521,0.13942307233810425,0.0023403167724609375
000970_jpg.rf.5ec919fb6d9aa56484d7295dc541b41f.jpg,11,0.6658653914928436,0.8996394276618958,0.6598557829856873,0.2007211446762085,0.00208282470703125
000970_jpg.rf.5ec919fb6d9aa56484d7295dc541b41f.jpg,5,0.43817611038684845,0.8713942468166351,0.49143633246421814,0.25721150636672974,0.0018396377563476562
000970_jpg.rf.5ec919fb6d9aa56484d7295dc541b41f.jpg,10,0.6430288851261139,0.3257211744785309,0.016826927661895752,0.033653855323791504,0.0018396377563476562
000970_jpg.rf.5ec919fb6d9aa56484d7295dc541b41f.jpg,1,0.5303485691547394,0.3022836744785309,0.012019217014312744,0.016826927661895752,0.0017900466918945312
000974_jpg.rf.95bf6e92a0d8593cc220636d1638bfce.jpg,1,0.4778549249420849,0.24079415878758736,0.01733738788395517,0.06490384675132954,0.677734375
000974_jpg.rf.95bf6e92a0d8593cc220636d1638bfce.jpg,1,0.5132211744785309,0.24080385906667245,0.018021387308505554,0.06097906866121186,0.25806427001953125
000974_jpg.rf.95bf6e92a0d8593cc220636d1638bfce.jpg,1,0.379807710647583,0.403245210647583,0.011418282985687256,0.044471144676208496,0.07958984375
000974_jpg.rf.95bf6e92a0d8593cc220636d1638bfce.jpg,0,0.5091244617274845,0.3107204111232673,0.01666607029098044,0.05267723531098645,0.061878204345703125
000974_jpg.rf.95bf6e92a0d8593cc220636d1638bfce.jpg,1,0.2167283945548411,0.010507185260434673,0.023077467171939647,0.020953055954003992,0.025447845458984375
000974_jpg.rf.95bf6e92a0d8593cc220636d1638bfce.jpg,1,0.7824519574642181,0.37379810214042664,0.014423072338104248,0.04807692766189575,0.0214385986328125
000974_jpg.rf.95bf6e92a0d8593cc220636d1638bfce.jpg,1,0.3617788553237915,0.010188176296651363,0.014423072338104248,0.019888071343302727,0.0169830322265625
000974_jpg.rf.95bf6e92a0d8593cc220636d1638bfce.jpg,9,0.512620210647583,0.22986778616905212,0.020432710647583008,0.07692307233810425,0.006687164306640625
000974_jpg.rf.95bf6e92a0d8593cc220636d1638bfce.jpg,1,0.5549879968166351,0.40204328298568726,0.014423072338104248,0.036658644676208496,0.005390167236328125
000974_jpg.rf.95bf6e92a0d8593cc220636d1638bfce.jpg,1,0.5138221085071564,0.22776443511247635,0.014423072338104248,0.03936298191547394,0.003170013427734375
000974_jpg.rf.95bf6e92a0d8593cc220636d1638bfce.jpg,1,0.21754807978868484,0.013577975507359952,0.028245195746421814,0.02535306627396494,0.00301361083984375
000974_jpg.rf.95bf6e92a0d8593cc220636d1638bfce.jpg,0,0.023155800066888332,0.44891828298568726,0.02264873869717121,0.012019217014312744,0.002140045166015625
000974_jpg.rf.95bf6e92a0d8593cc220636d1638bfce.jpg,3,0.7259615659713745,0.2847055345773697,0.016826868057250977,0.03605768084526062,0.002140045166015625
000974_jpg.rf.95bf6e92a0d8593cc220636d1638bfce.jpg,0,0.49609375,0.2983774095773697,0.018629789352416992,0.06790867447853088,0.001987457275390625
000974_jpg.rf.95bf6e92a0d8593cc220636d1638bfce.jpg,0,0.4954928010702133,0.3218149244785309,0.013822108507156372,0.028846144676208496,0.0015077590942382812
000976_jpg.rf.8c873750fec07f4474c0d7f2a39fa0da.jpg,1,0.16489634734487663,0.22706438030037923,0.025871436033293477,0.09799285278778688,0.7314453125
000976_jpg.rf.8c873750fec07f4474c0d7f2a39fa0da.jpg,1,0.7319315455723578,0.16453101020348132,0.02064225263475783,0.08885334112709443,0.68023681640625
000976_jpg.rf.8c873750fec07f4474c0d7f2a39fa0da.jpg,1,0.39625496085957657,0.06985060943355947,0.024809952867931306,0.10326288141023217,0.64013671875
000976_jpg.rf.8c873750fec07f4474c0d7f2a39fa0da.jpg,0,0.34630051551567076,0.07592303167884629,0.02405281598496528,0.09295294136197164,0.562255859375
000976_jpg.rf.8c873750fec07f4474c0d7f2a39fa0da.jpg,1,0.8921985373164318,0.2908734440276818,0.012019253868252977,0.050923445873479356,0.23138427734375
000976_jpg.rf.8c873750fec07f4474c0d7f2a39fa0da.jpg,0,0.7267435817372683,0.16563935224564338,0.020114165469692358,0.0900858832286824,0.175048828125
000976_jpg.rf.8c873750fec07f4474c0d7f2a39fa0da.jpg,0,0.7118970194051154,0.16611849091720704,0.021993122256285913,0.09051302698828953,0.137603759765625
000976_jpg.rf.8c873750fec07f4474c0d7f2a39fa0da.jpg,0,0.7187068258025044,0.16667594543424935,0.016870131661713694,0.08733201227188242,0.12045097351074219
000976_jpg.rf.8c873750fec07f4474c0d7f2a39fa0da.jpg,1,0.8812734213417541,0.023884171024098337,0.017002760241895176,0.047641959724475214,0.08145904541015625
000976_jpg.rf.8c873750fec07f4474c0d7f2a39fa0da.jpg,1,0.7103365659713745,0.1616586595773697,0.02764427661895752,0.08263221383094788,0.0222625732421875
000976_jpg.rf.8c873750fec07f4474c0d7f2a39fa0da.jpg,9,0.7992788851261139,0.2783954441547394,0.02163463830947876,0.04236781597137451,0.018951416015625
000976_jpg.rf.8c873750fec07f4474c0d7f2a39fa0da.jpg,3,0.8311298191547394,0.41826924681663513,0.012019217014312744,0.018028855323791504,0.015167236328125
000976_jpg.rf.8c873750fec07f4474c0d7f2a39fa0da.jpg,5,0.7992788851261139,0.27944712340831757,0.02163463830947876,0.04266825318336487,0.01268768310546875
000976_jpg.rf.8c873750fec07f4474c0d7f2a39fa0da.jpg,11,0.17067308723926544,0.3671875149011612,0.022836536169052124,0.04326924681663513,0.01044464111328125
000976_jpg.rf.8c873750fec07f4474c0d7f2a39fa0da.jpg,8,0.6995192766189575,0.46153847873210907,0.03605771064758301,0.04086539149284363,0.00708770751953125
000976_jpg.rf.8c873750fec07f4474c0d7f2a39fa0da.jpg,1,0.28094953298568726,0.2851562574505806,0.027043282985687256,0.11057691276073456,0.005645751953125
000976_jpg.rf.8c873750fec07f4474c0d7f2a39fa0da.jpg,8,0.15369592607021332,0.22926682978868484,0.031850963830947876,0.10276441276073456,0.0052032470703125
000976_jpg.rf.8c873750fec07f4474c0d7f2a39fa0da.jpg,5,0.6983173489570618,0.4624399095773697,0.03605771064758301,0.038461536169052124,0.004528045654296875
000976_jpg.rf.8c873750fec07f4474c0d7f2a39fa0da.jpg,3,0.7542067468166351,0.49098560214042664,0.04086536169052124,0.04206734895706177,0.004306793212890625
000976_jpg.rf.8c873750fec07f4474c0d7f2a39fa0da.jpg,1,0.14873798936605453,0.21754807978868484,0.02584134042263031,0.08173076808452606,0.0042877197265625
000977_jpg.rf.5365f2798e5553edc1339622bd463d67.jpg,1,0.011600945314235637,0.15990530485022897,0.020851837073681195,0.0793269315282065,0.77392578125
000977_jpg.rf.5365f2798e5553edc1339622bd463d67.jpg,1,0.5594701911027737,0.16118284314210612,0.020048713573165178,0.075938166897805,0.551025390625
000977_jpg.rf.5365f2798e5553edc1339622bd463d67.jpg,8,0.5880304346707907,0.1599286193570273,0.03148514263897395,0.05969444223066259,0.4776611328125
000977_jpg.rf.5365f2798e5553edc1339622bd463d67.jpg,1,0.5091971946015689,0.17067661612148743,0.019322147023315306,0.07719012027968639,0.425537109375
000977_jpg.rf.5365f2798e5553edc1339622bd463d67.jpg,7,0.5877403914928436,0.15989333391189575,0.03245192766189575,0.058218151330947876,0.2392578125
000977_jpg.rf.5365f2798e5553edc1339622bd463d67.jpg,0,0.5105168521404266,0.16902043670415878,0.02163463830947876,0.08563701808452606,0.0201873779296875
000977_jpg.rf.5365f2798e5553edc1339622bd463d67.jpg,5,0.8233173191547394,0.51772840321064,0.043269217014312744,0.06670674681663513,0.0170440673828125
000977_jpg.rf.5365f2798e5553edc1339622bd463d67.jpg,3,0.6790865659713745,0.23076923936605453,0.01923072338104248,0.027043268084526062,0.01465606689453125
000977_jpg.rf.5365f2798e5553edc1339622bd463d67.jpg,3,0.7379807829856873,0.2289663553237915,0.010817289352416992,0.025841355323791504,0.00952911376953125
000977_jpg.rf.5365f2798e5553edc1339622bd463d67.jpg,1,0.01971435663290322,0.1601562574505806,0.033062276896089315,0.07842548191547394,0.005084991455078125
000977_jpg.rf.5365f2798e5553edc1339622bd463d67.jpg,0,0.011803261004388332,0.1610577031970024,0.021165115758776665,0.08353365957736969,0.0034389495849609375
000977_jpg.rf.5365f2798e5553edc1339622bd463d67.jpg,1,0.012592022307217121,0.1092247636988759,0.025184044614434242,0.18359375558793545,0.0022335052490234375
000977_jpg.rf.5365f2798e5553edc1339622bd463d67.jpg,3,0.5844351351261139,0.1557992808520794,0.027043282985687256,0.06790865212678909,0.0018682479858398438
000978_JPG_jpg.rf.6833bfea619b632020ad5a6dff45823d.jpg,0,0.14636949062340662,0.09141242904664526,0.16795115692108392,0.07132861080287772,0.808349609375
000978_JPG_jpg.rf.6833bfea619b632020ad5a6dff45823d.jpg,1,0.7047325490978356,0.5569355590384015,0.017232519295513282,0.024429188480108333,0.05249786376953125
000978_JPG_jpg.rf.6833bfea619b632020ad5a6dff45823d.jpg,1,0.4684638131745057,0.010587473844398116,0.03196539344268873,0.021157062429096287,0.03406715393066406
000978_JPG_jpg.rf.6833bfea619b632020ad5a6dff45823d.jpg,1,0.2786959186196327,0.6478365659713745,0.14152644574642181,0.1899038553237915,0.013427734375
000978_JPG_jpg.rf.6833bfea619b632020ad5a6dff45823d.jpg,1,0.7013221383094788,0.5576923489570618,0.026442289352416992,0.018028855323791504,0.01287841796875
000978_JPG_jpg.rf.6833bfea619b632020ad5a6dff45823d.jpg,7,0.18479567652684636,0.37950723990797997,0.3683894299319945,0.5174279287457466,0.011444091796875
000978_JPG_jpg.rf.6833bfea619b632020ad5a6dff45823d.jpg,12,0.18419472419191152,0.3798077031970024,0.36358175589703023,0.5000000149011612,0.0101470947265625
000978_JPG_jpg.rf.6833bfea619b632020ad5a6dff45823d.jpg,0,0.6808894574642181,0.555588960647583,0.04567307233810425,0.02764427661895752,0.00909423828125
000978_JPG_jpg.rf.6833bfea619b632020ad5a6dff45823d.jpg,0,0.660291684359164,0.5521450561356933,0.035291684359163966,0.027750012466804308,0.008062362670898438
000978_JPG_jpg.rf.6833bfea619b632020ad5a6dff45823d.jpg,1,0.25017935059240143,0.7098618555868697,0.19709340298758302,0.31448326455337583,0.005913734436035156
000978_JPG_jpg.rf.6833bfea619b632020ad5a6dff45823d.jpg,3,0.024601864133728668,0.9915865659713745,0.047701324394438416,0.016826868057250977,0.00418853759765625
000978_JPG_jpg.rf.6833bfea619b632020ad5a6dff45823d.jpg,1,0.32241587340831757,0.5775240659713745,0.04867789149284363,0.05168271064758301,0.004093170166015625
000978_JPG_jpg.rf.6833bfea619b632020ad5a6dff45823d.jpg,1,0.24083534628152847,0.6672175824642181,0.14152644574642181,0.18239182233810425,0.004032135009765625
000978_JPG_jpg.rf.6833bfea619b632020ad5a6dff45823d.jpg,11,0.18719953185063787,0.3885216489434242,0.37319714057957754,0.4717548340559006,0.00373077392578125
000978_JPG_jpg.rf.6833bfea619b632020ad5a6dff45823d.jpg,1,0.2851562574505806,0.5763221383094788,0.12319712340831757,0.05048072338104248,0.0026092529296875
000978_JPG_jpg.rf.6833bfea619b632020ad5a6dff45823d.jpg,1,0.6334134936332703,0.22536057932302356,0.15264427661895752,0.4423076966777444,0.0022525787353515625
000978_JPG_jpg.rf.6833bfea619b632020ad5a6dff45823d.jpg,1,0.3251953274011612,0.6224459409713745,0.04792669415473938,0.14453125,0.001728057861328125
000978_JPG_jpg.rf.6833bfea619b632020ad5a6dff45823d.jpg,14,0.9927884936332703,0.6664663553237915,0.014423012733459473,0.03605771064758301,0.0016946792602539062
000982_JPG_jpg.rf.3dd252db590da0f9bd0fbe123d59dd9a.jpg,0,0.5017411718773144,0.1472307134783227,0.23148924358992734,0.07709334718331716,0.8154830932617188
000982_JPG_jpg.rf.3dd252db590da0f9bd0fbe123d59dd9a.jpg,0,0.23698854126527524,0.4503996628731449,0.07560912979964773,0.032158338165219014,0.7255859375
000982_JPG_jpg.rf.3dd252db590da0f9bd0fbe123d59dd9a.jpg,0,0.5024038553237915,0.09495192719623446,0.2271634340286255,0.1814903924241662,0.0023956298828125
000982_JPG_jpg.rf.3dd252db590da0f9bd0fbe123d59dd9a.jpg,0,0.2597656399011612,0.461838960647583,0.04597356915473938,0.06069713830947876,0.00152587890625
000993_JPG_jpg.rf.eb6970c7ae88336a7693bb0bbad27552.jpg,0,0.8197516050449638,0.22547220467753115,0.10163694204286078,0.05677084549840031,0.77685546875
000993_JPG_jpg.rf.eb6970c7ae88336a7693bb0bbad27552.jpg,0,0.16337725570219636,0.42835915748701364,0.05490096008166842,0.03262597132950673,0.671875
000993_JPG_jpg.rf.eb6970c7ae88336a7693bb0bbad27552.jpg,1,0.5546875298023224,0.3789062649011612,0.018629848957061768,0.03425481915473938,0.0265960693359375
000993_JPG_jpg.rf.eb6970c7ae88336a7693bb0bbad27552.jpg,14,0.9552283883094788,0.01432917732745409,0.08954322338104248,0.02865835465490818,0.01313018798828125
000993_JPG_jpg.rf.eb6970c7ae88336a7693bb0bbad27552.jpg,0,0.8822115659713745,0.9038462042808533,0.09014427661895752,0.033653855323791504,0.0111846923828125
000993_JPG_jpg.rf.eb6970c7ae88336a7693bb0bbad27552.jpg,8,0.9609375298023224,0.864182710647583,0.07692307233810425,0.12019228935241699,0.005123138427734375
000993_JPG_jpg.rf.eb6970c7ae88336a7693bb0bbad27552.jpg,11,0.957932710647583,0.8467548489570618,0.08293271064758301,0.08293271064758301,0.0044403076171875
000993_JPG_jpg.rf.eb6970c7ae88336a7693bb0bbad27552.jpg,1,0.9933894276618958,0.0840424793073976,0.013221144676208496,0.09897124144339356,0.0032415390014648438
000993_JPG_jpg.rf.eb6970c7ae88336a7693bb0bbad27552.jpg,5,0.9585336744785309,0.8575721681118011,0.08293265104293823,0.10817307233810425,0.0022525787353515625
000993_JPG_jpg.rf.eb6970c7ae88336a7693bb0bbad27552.jpg,1,0.9411058127880096,0.01824481756921159,0.11538463830947876,0.03618915435799863,0.0020198822021484375
000993_JPG_jpg.rf.eb6970c7ae88336a7693bb0bbad27552.jpg,14,0.9927884936332703,0.14362981801969,0.014423012733459473,0.2860577129176818,0.0017690658569335938
000996_JPG_jpg.rf.4d705f3b6d2ed49e0641ee8ac23488d4.jpg,0,0.23330561993611718,0.1623989983664082,0.09309191745031137,0.059916742459455,0.783447265625
000996_JPG_jpg.rf.4d705f3b6d2ed49e0641ee8ac23488d4.jpg,0,0.5649038553237915,0.9591346383094788,0.010817289352416992,0.03846156597137451,0.001964569091796875
000996_JPG_jpg.rf.4d705f3b6d2ed49e0641ee8ac23488d4.jpg,9,0.8209134936332703,0.3906250149011612,0.028846144676208496,0.10336539149284363,0.0019502639770507812
000996_JPG_jpg.rf.4d705f3b6d2ed49e0641ee8ac23488d4.jpg,1,0.47475962340831757,0.1655649095773697,0.008413463830947876,0.008413463830947876,0.0019350051879882812
000996_JPG_jpg.rf.4d705f3b6d2ed49e0641ee8ac23488d4.jpg,1,0.45132212340831757,0.029353216290473938,0.03305289149284363,0.058706432580947876,0.0015802383422851562
000999_JPG_jpg.rf.4c71b3c7cf8e7e2cd962791ac3e9f8c2.jpg,0,0.7842853970223052,0.11938253979828647,0.13437088321456137,0.05485556581897623,0.796875
000999_JPG_jpg.rf.4c71b3c7cf8e7e2cd962791ac3e9f8c2.jpg,0,0.44354826406073045,0.5193988934655144,0.026144718340541828,0.015735150459319724,0.162322998046875
000999_JPG_jpg.rf.4c71b3c7cf8e7e2cd962791ac3e9f8c2.jpg,0,0.12759137479886073,0.5410136538475694,0.030579851871017374,0.016616407470305017,0.1169586181640625
000999_JPG_jpg.rf.4c71b3c7cf8e7e2cd962791ac3e9f8c2.jpg,1,0.44411060214042664,0.5222356021404266,0.016826927661895752,0.010817348957061768,0.020416259765625
000999_JPG_jpg.rf.4c71b3c7cf8e7e2cd962791ac3e9f8c2.jpg,4,0.832895352561724,0.3485670377900201,0.03198902499434364,0.07050659324791714,0.009325027465820312
000999_JPG_jpg.rf.4c71b3c7cf8e7e2cd962791ac3e9f8c2.jpg,14,0.1059194765985012,0.5147235691547394,0.03966347128152847,0.02944713830947876,0.00765228271484375
000999_JPG_jpg.rf.4c71b3c7cf8e7e2cd962791ac3e9f8c2.jpg,0,0.14983226107852954,0.508619035498516,0.02879995609725919,0.01588779356744552,0.006351470947265625
000999_JPG_jpg.rf.4c71b3c7cf8e7e2cd962791ac3e9f8c2.jpg,3,0.842548131942749,0.33954328298568726,0.049278855323791504,0.08713942766189575,0.006072998046875
000999_JPG_jpg.rf.4c71b3c7cf8e7e2cd962791ac3e9f8c2.jpg,0,0.13318810984492302,0.543870210647583,0.023437507450580597,0.014423131942749023,0.004856109619140625
000999_JPG_jpg.rf.4c71b3c7cf8e7e2cd962791ac3e9f8c2.jpg,4,0.8437500298023224,0.3398437649011612,0.04447120428085327,0.08473560214042664,0.004817962646484375
000999_JPG_jpg.rf.4c71b3c7cf8e7e2cd962791ac3e9f8c2.jpg,5,0.9326923489570618,0.11373197473585606,0.10096156597137451,0.1265024058520794,0.00461578369140625
000999_JPG_jpg.rf.4c71b3c7cf8e7e2cd962791ac3e9f8c2.jpg,1,0.2040264531970024,0.46754810214042664,0.013822123408317566,0.019230782985687256,0.0039825439453125
000999_JPG_jpg.rf.4c71b3c7cf8e7e2cd962791ac3e9f8c2.jpg,0,0.15985577553510666,0.5066106021404266,0.019230768084526062,0.014423072338104248,0.0038776397705078125
000999_JPG_jpg.rf.4c71b3c7cf8e7e2cd962791ac3e9f8c2.jpg,0,0.11313101649284363,0.5276442766189575,0.039663463830947876,0.03125,0.002910614013671875
000999_JPG_jpg.rf.4c71b3c7cf8e7e2cd962791ac3e9f8c2.jpg,1,0.20372597128152847,0.4804687798023224,0.01802884042263031,0.04507213830947876,0.0027141571044921875
000999_JPG_jpg.rf.4c71b3c7cf8e7e2cd962791ac3e9f8c2.jpg,3,0.8882211744785309,0.3257962763309479,0.04807692766189575,0.0863882303237915,0.0025691986083984375
000999_JPG_jpg.rf.4c71b3c7cf8e7e2cd962791ac3e9f8c2.jpg,11,0.9338942766189575,0.11320613510906696,0.09855771064758301,0.1254507265985012,0.002208709716796875
000999_JPG_jpg.rf.4c71b3c7cf8e7e2cd962791ac3e9f8c2.jpg,0,0.11598558351397514,0.53515625,0.03846154361963272,0.021033644676208496,0.001956939697265625
000999_JPG_jpg.rf.4c71b3c7cf8e7e2cd962791ac3e9f8c2.jpg,0,0.446213960647583,0.5351562798023224,0.020432710647583008,0.04567307233810425,0.0015077590942382812
001012_jpg.rf.3b4e47d5d0aec3c802434866e4877710.jpg,3,0.5566656993932825,0.24594119431830086,0.5228249894999033,0.35527000223508975,0.8828125
001012_jpg.rf.3b4e47d5d0aec3c802434866e4877710.jpg,8,0.43999004701148303,0.7877305487166673,0.43903786290589686,0.09347119250296032,0.3841552734375
001012_jpg.rf.3b4e47d5d0aec3c802434866e4877710.jpg,8,0.5462740659713745,0.7968750298023224,0.21274042129516602,0.09495192766189575,0.033660888671875
001012_jpg.rf.3b4e47d5d0aec3c802434866e4877710.jpg,8,0.5516826957464218,0.7950721681118011,0.7271634638309479,0.10817307233810425,0.01050567626953125
001012_jpg.rf.3b4e47d5d0aec3c802434866e4877710.jpg,10,0.5324519574642181,0.7968750298023224,0.27163463830947876,0.09615379571914673,0.0031948089599609375
001012_jpg.rf.3b4e47d5d0aec3c802434866e4877710.jpg,13,0.45582935214042664,0.7950721681118011,0.46935099363327026,0.09735578298568726,0.002323150634765625
001012_jpg.rf.3b4e47d5d0aec3c802434866e4877710.jpg,0,0.5853365659713745,0.8257212042808533,0.8245192766189575,0.3461538553237915,0.0016756057739257812
001022_jpg.rf.db191b4ee3c77a6aec982968f3576a7d.jpg,3,0.26919863373041153,0.2325466588392096,0.3603471249847089,0.4650933176784192,0.921875
001024_jpg.rf.d831cb9b6a722923ac1825b963a503fd.jpg,3,0.38161060214042664,0.4274732624254529,0.4495001984021021,0.31057550367854886,0.9228515625
001024_jpg.rf.d831cb9b6a722923ac1825b963a503fd.jpg,3,0.24774640798568726,0.7115384936332703,0.03996396064758301,0.037259578704833984,0.003818511962890625
001024_jpg.rf.d831cb9b6a722923ac1825b963a503fd.jpg,0,0.5570913851261139,0.6352163851261139,0.04807692766189575,0.058894217014312744,0.0027027130126953125
001024_jpg.rf.d831cb9b6a722923ac1825b963a503fd.jpg,3,0.30348558723926544,0.7067307829856873,0.040264397859573364,0.03125,0.0020275115966796875
001027_jpg.rf.7262eacdc4c6d246c36dff2e3044f4ed.jpg,3,0.7470002773390071,0.4705250994299893,0.3527291696879675,0.45255446540179084,0.93212890625
001037_jpg.rf.5e86f794ad80f352233a450937d3a05f.jpg,3,0.7391092108105713,0.2280075769339855,0.247691400454078,0.38152179009509535,0.918701171875
001037_jpg.rf.5e86f794ad80f352233a450937d3a05f.jpg,0,0.12560096755623817,0.6009615361690521,0.031550489366054535,0.014423072338104248,0.054290771484375
001037_jpg.rf.5e86f794ad80f352233a450937d3a05f.jpg,1,0.37079328298568726,0.7908653914928436,0.018028855323791504,0.04807692766189575,0.005046844482421875
001042_jpg.rf.fcf2549721ee0aee2f434695d2d26f92.jpg,3,0.5106703092009817,0.46107808471910205,0.16909975565032453,0.22685653448894322,0.921630859375
001042_jpg.rf.fcf2549721ee0aee2f434695d2d26f92.jpg,1,0.06783353537321091,0.41376203298568726,0.010066106915473938,0.024639427661895752,0.008758544921875
001042_jpg.rf.fcf2549721ee0aee2f434695d2d26f92.jpg,1,0.1255258470773697,0.39723558723926544,0.010967552661895752,0.013221174478530884,0.0028533935546875
001043_jpg.rf.64cca20d14d047ca9071e05dc9045ddf.jpg,3,0.5111360733738448,0.21199485058106582,0.3790972611014159,0.2516005828924571,0.908447265625
001043_jpg.rf.64cca20d14d047ca9071e05dc9045ddf.jpg,1,0.8575721681118011,0.5420673191547394,0.07451921701431274,0.058894217014312744,0.00714111328125
001043_jpg.rf.64cca20d14d047ca9071e05dc9045ddf.jpg,10,0.005089393351227045,0.4438101202249527,0.01017878670245409,0.02644231915473938,0.00415802001953125
001043_jpg.rf.64cca20d14d047ca9071e05dc9045ddf.jpg,11,0.8575721681118011,0.5423678159713745,0.07451921701431274,0.05889427661895752,0.00415802001953125
001043_jpg.rf.64cca20d14d047ca9071e05dc9045ddf.jpg,3,0.3515625149011612,0.5420673191547394,0.061298102140426636,0.04507213830947876,0.0037593841552734375
001043_jpg.rf.64cca20d14d047ca9071e05dc9045ddf.jpg,3,0.30198317766189575,0.6562500298023224,0.0234375,0.016826927661895752,0.0021572113037109375
001046_jpg.rf.4b6711717ecf3be158ee3d051cfe0222.jpg,0,0.362032450644585,0.21854594883634082,0.018028855323791504,0.06854264787935335,0.7197265625
001046_jpg.rf.4b6711717ecf3be158ee3d051cfe0222.jpg,1,0.32440464907149286,0.22063951129124817,0.019459978475971806,0.06846631208836468,0.4759521484375
001046_jpg.rf.4b6711717ecf3be158ee3d051cfe0222.jpg,1,0.053271585527588344,0.025081006609367476,0.02114733765550956,0.050104354235085205,0.117767333984375
001046_jpg.rf.4b6711717ecf3be158ee3d051cfe0222.jpg,8,0.3257211595773697,0.22145433723926544,0.022836536169052124,0.06790867447853088,0.013275146484375
001046_jpg.rf.4b6711717ecf3be158ee3d051cfe0222.jpg,1,0.014782379772719876,0.6500683376774596,0.029344755792553044,0.06387268244857747,0.006900787353515625
001046_jpg.rf.4b6711717ecf3be158ee3d051cfe0222.jpg,14,0.978365421295166,0.03432992845773697,0.040865421295166016,0.06865985691547394,0.004207611083984375
001046_jpg.rf.4b6711717ecf3be158ee3d051cfe0222.jpg,1,0.02294921875,0.028057392977643758,0.0458984375,0.054462141706608236,0.003673553466796875
001046_jpg.rf.4b6711717ecf3be158ee3d051cfe0222.jpg,1,0.9855769574642181,0.1156851015985012,0.00961536169052124,0.0625000074505806,0.0033588409423828125
001046_jpg.rf.4b6711717ecf3be158ee3d051cfe0222.jpg,5,0.04815204627811909,0.1953125074505806,0.015850361436605453,0.05408655107021332,0.0033206939697265625
001046_jpg.rf.4b6711717ecf3be158ee3d051cfe0222.jpg,1,0.36538463830947876,0.21905048936605453,0.03125,0.06911058723926544,0.0030364990234375
001046_jpg.rf.4b6711717ecf3be158ee3d051cfe0222.jpg,1,0.021859977394342422,0.731370210647583,0.043719954788684845,0.2896634340286255,0.002887725830078125
001046_jpg.rf.4b6711717ecf3be158ee3d051cfe0222.jpg,3,0.858173131942749,0.37530049681663513,0.033653855323791504,0.035456717014312744,0.0027675628662109375
001046_jpg.rf.4b6711717ecf3be158ee3d051cfe0222.jpg,1,0.017981896176934242,0.6784856021404266,0.035963792353868484,0.12740379571914673,0.002620697021484375
001046_jpg.rf.4b6711717ecf3be158ee3d051cfe0222.jpg,0,0.9945913553237915,0.403245210647583,0.010817289352416992,0.043269217014312744,0.0017824172973632812
001046_jpg.rf.4b6711717ecf3be158ee3d051cfe0222.jpg,1,0.9789663851261139,0.03389798849821091,0.04086536169052124,0.06779597699642181,0.0016489028930664062
001054_jpg.rf.f582147bbd7419c7088ca9fdaaf90f01.jpg,0,0.19755977272413888,0.19159892819992952,0.028846144676208496,0.10633215365999607,0.78662109375
001054_jpg.rf.f582147bbd7419c7088ca9fdaaf90f01.jpg,0,0.5540962608730016,0.16296201462490276,0.029987141299840148,0.10875118802544893,0.72705078125
001054_jpg.rf.f582147bbd7419c7088ca9fdaaf90f01.jpg,1,0.35426683723926544,0.44170674681663513,0.013221174478530884,0.04086536169052124,0.006740570068359375
001054_jpg.rf.f582147bbd7419c7088ca9fdaaf90f01.jpg,3,0.4549279063940048,0.5291466414928436,0.02043268084526062,0.035456717014312744,0.005474090576171875
001054_jpg.rf.f582147bbd7419c7088ca9fdaaf90f01.jpg,1,0.5174473953899941,0.4758500182060392,0.016458771412561246,0.01780575979312099,0.0047016143798828125
001054_jpg.rf.f582147bbd7419c7088ca9fdaaf90f01.jpg,1,0.18543686618862218,0.5827964347614576,0.01059727172966135,0.02360500252765163,0.0041675567626953125
001054_jpg.rf.f582147bbd7419c7088ca9fdaaf90f01.jpg,1,0.9399038851261139,0.501201942563057,0.014423072338104248,0.04086539149284363,0.0039825439453125
001054_jpg.rf.f582147bbd7419c7088ca9fdaaf90f01.jpg,9,0.6105769574642181,0.20883414149284363,0.019230782985687256,0.03425481915473938,0.00333404541015625
001054_jpg.rf.f582147bbd7419c7088ca9fdaaf90f01.jpg,1,0.24429088085889816,0.009127103723585606,0.027644231915473938,0.01825420744717121,0.0025005340576171875
001054_jpg.rf.f582147bbd7419c7088ca9fdaaf90f01.jpg,1,0.17998798191547394,0.014892578343278728,0.015625,0.029522236000047997,0.002490997314453125
001054_jpg.rf.f582147bbd7419c7088ca9fdaaf90f01.jpg,1,0.2798978388309479,0.02602914720773697,0.032752394676208496,0.05205829441547394,0.0023860931396484375
001060_jpg.rf.960261628ec8b4805eef2149a0c8c65a.jpg,3,0.5234375190245127,0.30216840360940905,0.6678181411613018,0.5008956899447291,0.90478515625
001067_jpg.rf.1ec60ddf92fc5487383b06ca4d808c90.jpg,3,0.43161050455560734,0.45218267395341427,0.25250632498087233,0.44814084150905,0.92041015625
001067_jpg.rf.1ec60ddf92fc5487383b06ca4d808c90.jpg,1,0.7944711744785309,0.41436299681663513,0.007211506366729736,0.015024065971374512,0.039459228515625
001067_jpg.rf.1ec60ddf92fc5487383b06ca4d808c90.jpg,11,0.7956731021404266,0.414963960647583,0.008413493633270264,0.018028855323791504,0.01348114013671875
001067_jpg.rf.1ec60ddf92fc5487383b06ca4d808c90.jpg,1,0.7193509936332703,0.4125601202249527,0.009615421295166016,0.02644231915473938,0.002471923828125
001071_jpg.rf.b81f2e96fdc0fe954b082873ad6b68e7.jpg,3,0.6144769191183549,0.1596417454534013,0.2602288724108733,0.1767914536602524,0.912109375
001071_jpg.rf.b81f2e96fdc0fe954b082873ad6b68e7.jpg,3,0.10471754893660545,0.4993990510702133,0.012169472873210907,0.019230753183364868,0.0030364990234375
001079_jpg.rf.90be1e48623af11f900b5faa20ce3e87.jpg,3,0.7112295611717689,0.18865850024638528,0.1232816139674302,0.16907537228484742,0.90283203125
001079_jpg.rf.90be1e48623af11f900b5faa20ce3e87.jpg,0,0.9615384936332703,0.3813101202249527,0.07692301273345947,0.04867789149284363,0.0191650390625
001079_jpg.rf.90be1e48623af11f900b5faa20ce3e87.jpg,9,0.29026444256305695,0.8671875298023224,0.029447108507156372,0.04927879571914673,0.0087890625
001079_jpg.rf.90be1e48623af11f900b5faa20ce3e87.jpg,0,0.6203425824642181,0.36538462340831757,0.054987967014312744,0.05168268084526062,0.00868988037109375
001079_jpg.rf.90be1e48623af11f900b5faa20ce3e87.jpg,0,0.650240421295166,0.3701923191547394,0.11778843402862549,0.05288463830947876,0.0055999755859375
001079_jpg.rf.90be1e48623af11f900b5faa20ce3e87.jpg,0,0.5919471383094788,0.3701923191547394,0.08293271064758301,0.0625,0.002887725830078125
001079_jpg.rf.90be1e48623af11f900b5faa20ce3e87.jpg,1,0.28695914149284363,0.5793269276618958,0.1069711446762085,0.0625,0.0015802383422851562
001080_jpg.rf.9e6cc8bd7dabec5c585e6cd2d880f9c1.jpg,3,0.7469780422409205,0.1511311416441804,0.12383246875607423,0.17258333073844467,0.904296875
001080_jpg.rf.9e6cc8bd7dabec5c585e6cd2d880f9c1.jpg,3,0.8473557829856873,0.723557710647583,0.026442289352416992,0.033653855323791504,0.0111846923828125
001080_jpg.rf.9e6cc8bd7dabec5c585e6cd2d880f9c1.jpg,0,0.978365421295166,0.33954328298568726,0.040865421295166016,0.024639427661895752,0.00811004638671875
001080_jpg.rf.9e6cc8bd7dabec5c585e6cd2d880f9c1.jpg,0,0.5279447436332703,0.35126203298568726,0.0883413553237915,0.04627406597137451,0.0018110275268554688
001080_jpg.rf.9e6cc8bd7dabec5c585e6cd2d880f9c1.jpg,1,0.8329327404499054,0.07720478251576424,0.019230782985687256,0.04060246795415878,0.0017690658569335938
001080_jpg.rf.9e6cc8bd7dabec5c585e6cd2d880f9c1.jpg,3,0.9669471383094788,0.5865384936332703,0.020432710647583008,0.028846144676208496,0.0016946792602539062
001098_jpg.rf.904ca44d0e474922d946481d96d90edc.jpg,3,0.2994409321468319,0.5678928909064629,0.14782076710696473,0.19165940335542164,0.902099609375
001207_jpg.rf.f930dbf406f382458c8e035041b56eb8.jpg,4,0.2763908781149976,0.43886828107252457,0.4335625300063011,0.7575442504408904,0.680908203125
001207_jpg.rf.f930dbf406f382458c8e035041b56eb8.jpg,1,0.8593750298023224,0.02411358244717121,0.11298078298568726,0.04822716489434242,0.0018110275268554688
001211_jpg.rf.5de3acec541e79472ae1a4da623b30cb.jpg,4,0.24824757336327125,0.2938601906266716,0.3008042795609014,0.5296645295177854,0.9306640625
001211_jpg.rf.5de3acec541e79472ae1a4da623b30cb.jpg,14,0.4077524084423203,0.8846153914928436,0.8143028937629424,0.23076921701431274,0.027496337890625
001211_jpg.rf.5de3acec541e79472ae1a4da623b30cb.jpg,9,0.46003608067985624,0.8870192468166351,0.9164663918782026,0.22596150636672974,0.00852203369140625
001211_jpg.rf.5de3acec541e79472ae1a4da623b30cb.jpg,1,0.21424279361963272,0.7530048191547394,0.010817304253578186,0.012019217014312744,0.00765228271484375
001211_jpg.rf.5de3acec541e79472ae1a4da623b30cb.jpg,7,0.4218750298023224,0.887620210647583,0.8437500596046448,0.22475957870483398,0.006816864013671875
001211_jpg.rf.5de3acec541e79472ae1a4da623b30cb.jpg,0,0.19125601649284363,0.9879807829856873,0.023137032985687256,0.02403843402862549,0.0053253173828125
001211_jpg.rf.5de3acec541e79472ae1a4da623b30cb.jpg,13,0.21664664149284363,0.7536058127880096,0.009014427661895752,0.014423072338104248,0.0035877227783203125
001211_jpg.rf.5de3acec541e79472ae1a4da623b30cb.jpg,0,0.38942308723926544,0.6977163851261139,0.02644231915473938,0.014423072338104248,0.0021820068359375
001211_jpg.rf.5de3acec541e79472ae1a4da623b30cb.jpg,3,0.7331731021404266,0.8125000298023224,0.02163463830947876,0.02884620428085327,0.001567840576171875
001230_jpg.rf.4ab063279769a0f7bcc767272baa6880.jpg,4,0.7427994182468698,0.4522973915117319,0.5108828370340144,0.7868936525006814,0.8466796875
001230_jpg.rf.4ab063279769a0f7bcc767272baa6880.jpg,1,0.059344954788684845,0.6054687649011612,0.11868990957736969,0.5438701808452606,0.005645751953125
001230_jpg.rf.4ab063279769a0f7bcc767272baa6880.jpg,1,0.3167818635702133,0.6012620329856873,0.18975362181663513,0.418870210647583,0.001979827880859375
001230_jpg.rf.4ab063279769a0f7bcc767272baa6880.jpg,0,0.04698768057642155,0.5447716638445854,0.09382512076263083,0.5907452255487442,0.0015859603881835938
001246_jpg.rf.6251f07afc5376c9d3df89f2793b4595.jpg,4,0.7678230869531197,0.5536109401228649,0.3484110054856875,0.2652604816607005,0.938232421875
001246_jpg.rf.6251f07afc5376c9d3df89f2793b4595.jpg,14,0.5521576319103179,0.8769398876165782,0.8956847361793643,0.2461202247668436,0.04889678955078125
001246_jpg.rf.6251f07afc5376c9d3df89f2793b4595.jpg,9,0.4068509638309479,0.5378605797886848,0.8137019276618958,0.9242788404226303,0.003936767578125
001248_jpg.rf.fc16188c8fbc8a22aac020d2b77e999a.jpg,4,0.2279235949427308,0.419801402528134,0.44911761033780395,0.787848709787399,0.73974609375
001248_jpg.rf.fc16188c8fbc8a22aac020d2b77e999a.jpg,1,0.9146634936332703,0.00857778703175427,0.033653855323791504,0.017099233915359946,0.0030612945556640625
001248_jpg.rf.fc16188c8fbc8a22aac020d2b77e999a.jpg,1,0.9218750298023224,0.7922175526618958,0.15384620428085327,0.4155648946762085,0.00243377685546875
001248_jpg.rf.fc16188c8fbc8a22aac020d2b77e999a.jpg,1,0.9459134638309479,0.8125000298023224,0.10817307233810425,0.27884620428085327,0.0016431808471679688
001254_jpg.rf.f2d5e75996f49fbee9b3159c07391026.jpg,4,0.33733829425754025,0.27402450277665513,0.18141643888123055,0.35156251111813724,0.929443359375
001254_jpg.rf.f2d5e75996f49fbee9b3159c07391026.jpg,9,0.5288461707532406,0.5396634750068188,0.9278846457600594,0.9194711819291115,0.001972198486328125
001254_jpg.rf.f2d5e75996f49fbee9b3159c07391026.jpg,9,0.7566106021404266,0.4465144507121295,0.47475963830947876,0.8858173624612391,0.0015134811401367188
001255_jpg.rf.f27ae9358a8515e65bb213c448a66944.jpg,4,0.18387967197759472,0.3764597527229811,0.2812325340350094,0.49401743622570915,0.931640625
001255_jpg.rf.f27ae9358a8515e65bb213c448a66944.jpg,1,0.21844953298568726,0.6754808127880096,0.007211536169052124,0.02163463830947876,0.0073089599609375
001266_jpg.rf.dfafca814860637292f6b6188e033d97.jpg,4,0.7884615659713745,0.3074582913659905,0.25126137920026226,0.1999377594454942,0.932861328125
001266_jpg.rf.dfafca814860637292f6b6188e033d97.jpg,0,0.22235577553510666,0.8149038851261139,0.04627405107021332,0.02163463830947876,0.004871368408203125
001272_jpg.rf.debdfb258e32db7b758bdee30191873c.jpg,11,0.23394915606412622,0.4983375483540573,0.28516873460676934,0.502653583101552,0.4833984375
001272_jpg.rf.debdfb258e32db7b758bdee30191873c.jpg,4,0.2352638043132618,0.49652479827498486,0.2856396648873429,0.5018609018786773,0.30810546875
001272_jpg.rf.debdfb258e32db7b758bdee30191873c.jpg,5,0.23523889109492302,0.5005258545279503,0.2867337837815285,0.5061598569154739,0.2685546875
001272_jpg.rf.debdfb258e32db7b758bdee30191873c.jpg,1,0.9945913553237915,0.7091346383094788,0.010817289352416992,0.033653855323791504,0.0017824172973632812
001274_jpg.rf.6a9fc06f1a42b21ec0de8a1f29454bc2.jpg,4,0.43707327131458096,0.5142792785942111,0.8041216857981817,0.6504641466353938,0.885986328125
001274_jpg.rf.6a9fc06f1a42b21ec0de8a1f29454bc2.jpg,11,0.43840145878493786,0.5099158957600594,0.8118990696966648,0.6520433276891708,0.12841796875
001274_jpg.rf.6a9fc06f1a42b21ec0de8a1f29454bc2.jpg,0,0.9194711744785309,0.2611178010702133,0.016826927661895752,0.009915858507156372,0.002414703369140625
001276_jpg.rf.7d0a2b0ddd0dafcd080a1224caa02687.jpg,4,0.20392592637248225,0.2636052305996225,0.3147705553471656,0.4097563468487453,0.942138671875
001276_jpg.rf.7d0a2b0ddd0dafcd080a1224caa02687.jpg,0,0.7950721383094788,0.2758413553237915,0.1742788553237915,0.1195913553237915,0.0037021636962890625
001276_jpg.rf.7d0a2b0ddd0dafcd080a1224caa02687.jpg,0,0.9495192468166351,0.2860577031970024,0.10096150636672974,0.0781250149011612,0.002735137939453125
001276_jpg.rf.7d0a2b0ddd0dafcd080a1224caa02687.jpg,0,0.8209134936332703,0.2699819803237915,0.295673131942749,0.1265023946762085,0.002323150634765625
001276_jpg.rf.7d0a2b0ddd0dafcd080a1224caa02687.jpg,11,0.532151460647583,0.7602163851261139,0.010817289352416992,0.022836506366729736,0.00185394287109375
001280_jpg.rf.fe5e870377d5a46d738b7cc74cef047e.jpg,4,0.7301814273317477,0.4713467677099575,0.14898594540023402,0.2040330106316507,0.927490234375
001292_jpg.rf.ea7284402db85b04c3ed96078de1e656.jpg,4,0.6856406274184941,0.22963944898933092,0.5039687516123293,0.33019713319699706,0.92041015625
001292_jpg.rf.ea7284402db85b04c3ed96078de1e656.jpg,0,0.05367337883944856,0.6428786218166351,0.10704627689847257,0.07481974363327026,0.01016998291015625
001292_jpg.rf.ea7284402db85b04c3ed96078de1e656.jpg,1,0.18058894574642181,0.48076924681663513,0.022836536169052124,0.07692307233810425,0.00449371337890625
001293_jpg.rf.64453050c01d690589ddad0495650db3.jpg,4,0.4966838933893545,0.49193918339334675,0.9103111779569597,0.6266160114215742,0.859619140625
001293_jpg.rf.64453050c01d690589ddad0495650db3.jpg,11,0.49591415171556485,0.48683930829427724,0.9120111681854461,0.6320974522993252,0.47857666015625
001293_jpg.rf.64453050c01d690589ddad0495650db3.jpg,4,0.2992788553237915,0.5078876465559006,0.520432710647583,0.5863882601261139,0.1646728515625
001293_jpg.rf.64453050c01d690589ddad0495650db3.jpg,11,0.29341947101056576,0.5156250149011612,0.5147235579788685,0.5721153914928436,0.007537841796875
001293_jpg.rf.64453050c01d690589ddad0495650db3.jpg,1,0.6418269574642181,0.9789663851261139,0.02163463830947876,0.019230782985687256,0.001956939697265625
001294_jpg.rf.72eee9e568f7f611e22851ba5b2cb7e9.jpg,4,0.7803496201521432,0.3694780344705956,0.09314702358121185,0.1246236353839924,0.933837890625
001294_jpg.rf.72eee9e568f7f611e22851ba5b2cb7e9.jpg,3,0.7812500298023224,0.36838944256305695,0.09134620428085327,0.12439903616905212,0.160400390625
001404_jpg.rf.0973ede0fcd57776627e8b1475bc1e75.jpg,5,0.786057710647583,0.2889563637461675,0.2303642488044242,0.491439581848681,0.8984375
001404_jpg.rf.0973ede0fcd57776627e8b1475bc1e75.jpg,1,0.9772617375296596,0.8963087692076517,0.045476524940680774,0.18468766776831347,0.019451141357421875
001404_jpg.rf.0973ede0fcd57776627e8b1475bc1e75.jpg,1,0.9819711744785309,0.8431490659713745,0.03605765104293823,0.06610572338104248,0.005645751953125
001404_jpg.rf.0973ede0fcd57776627e8b1475bc1e75.jpg,8,0.007624699734151363,0.06536395847797394,0.015249399468302727,0.071044921875,0.002323150634765625
001404_jpg.rf.0973ede0fcd57776627e8b1475bc1e75.jpg,0,0.9819711744785309,0.8425481021404266,0.03605765104293823,0.06850963830947876,0.0020275115966796875
001408_jpg.rf.71e6c679185037dd4304caa0dfb82f0b.jpg,5,0.7481971383094788,0.3457177193047137,0.4057540463120719,0.6902335154877292,0.918212890625
001408_jpg.rf.71e6c679185037dd4304caa0dfb82f0b.jpg,1,0.3432241678237915,0.7662259936332703,0.12004208564758301,0.06610572338104248,0.0018177032470703125
001424_jpg.rf.668197d3c1f03905e07406b3544dab90.jpg,5,0.7457398227337053,0.5249310057744446,0.47221321208497224,0.9476628937063959,0.921875
001424_jpg.rf.668197d3c1f03905e07406b3544dab90.jpg,9,0.6790865659713745,0.9591346681118011,0.026442289352416992,0.04567307233810425,0.10028076171875
001424_jpg.rf.668197d3c1f03905e07406b3544dab90.jpg,4,0.6778846383094788,0.9615384936332703,0.028846144676208496,0.05769228935241699,0.01016998291015625
001425_jpg.rf.b8c878d2dd671c0fc3c7e7cb8d023673.jpg,5,0.559650740848902,0.3776963993859215,0.11507351830219614,0.21037362950543564,0.9140625
001425_jpg.rf.b8c878d2dd671c0fc3c7e7cb8d023673.jpg,11,0.15812223125214608,0.9807692468166351,0.31384061626089577,0.038461506366729736,0.013500213623046875
001425_jpg.rf.b8c878d2dd671c0fc3c7e7cb8d023673.jpg,5,0.15449745886750366,0.9813630599025134,0.3089949177350073,0.03667055771631356,0.0095977783203125
001425_jpg.rf.b8c878d2dd671c0fc3c7e7cb8d023673.jpg,12,0.14355469669681042,0.9807692468166351,0.28500602790154517,0.038461506366729736,0.00909423828125
001425_jpg.rf.b8c878d2dd671c0fc3c7e7cb8d023673.jpg,7,0.15767674647312516,0.982741746517014,0.313011415723444,0.03451650696597208,0.008907318115234375
001425_jpg.rf.b8c878d2dd671c0fc3c7e7cb8d023673.jpg,14,0.15264423421467654,0.9807692468166351,0.30378606455633417,0.038461506366729736,0.007030487060546875
001425_jpg.rf.b8c878d2dd671c0fc3c7e7cb8d023673.jpg,9,0.14813701808452606,0.981370210647583,0.2962740361690521,0.037259578704833984,0.0036163330078125
001425_jpg.rf.b8c878d2dd671c0fc3c7e7cb8d023673.jpg,0,0.7151442468166351,0.7445913851261139,0.04086536169052124,0.014423072338104248,0.0023326873779296875
001425_jpg.rf.b8c878d2dd671c0fc3c7e7cb8d023673.jpg,6,0.6400240659713745,0.24639423936605453,0.01923072338104248,0.022235587239265442,0.002323150634765625
001425_jpg.rf.b8c878d2dd671c0fc3c7e7cb8d023673.jpg,14,0.7035757303237915,0.9843750298023224,0.592848539352417,0.031249940395355225,0.0023040771484375
001425_jpg.rf.b8c878d2dd671c0fc3c7e7cb8d023673.jpg,9,0.6496394574642181,0.24549280107021332,0.034855782985687256,0.022836536169052124,0.00176239013671875
001425_jpg.rf.b8c878d2dd671c0fc3c7e7cb8d023673.jpg,4,0.6376202404499054,0.24519231915473938,0.014423072338104248,0.024639427661895752,0.001617431640625
001429_jpg.rf.a8e20dc093dc02eabd8744203d6f6d76.jpg,5,0.6063727150314031,0.37424566657082914,0.24517723312260836,0.42156322223359144,0.9345703125
001429_jpg.rf.a8e20dc093dc02eabd8744203d6f6d76.jpg,8,0.01727764494717121,0.45192308723926544,0.03455528989434242,0.12499997019767761,0.02874755859375
001429_jpg.rf.a8e20dc093dc02eabd8744203d6f6d76.jpg,8,0.020226111926604062,0.5180288553237915,0.039776142104528844,0.2524038553237915,0.00470733642578125
001429_jpg.rf.a8e20dc093dc02eabd8744203d6f6d76.jpg,0,0.01812416755492319,0.11488011899559727,0.017249652174513797,0.018096078765750798,0.00424957275390625
001429_jpg.rf.a8e20dc093dc02eabd8744203d6f6d76.jpg,1,0.016592173371464014,0.11283053457736969,0.014592099003493786,0.016225963830947876,0.0036029815673828125
001429_jpg.rf.a8e20dc093dc02eabd8744203d6f6d76.jpg,9,0.317307710647583,0.8028846383094788,0.015625,0.02403843402862549,0.0020580291748046875
001429_jpg.rf.a8e20dc093dc02eabd8744203d6f6d76.jpg,1,0.02631084807217121,0.8768028914928436,0.05262169614434242,0.17307692766189575,0.0018320083618164062
001431_jpg.rf.7b6f89bcc8b9ee8d28a91b6ce4f235a6.jpg,5,0.7273225544956274,0.49468957940808145,0.5170508167054946,0.9758830258761335,0.92626953125
001431_jpg.rf.7b6f89bcc8b9ee8d28a91b6ce4f235a6.jpg,5,0.13113975421783644,0.6344813547484583,0.04826345301266814,0.04901072223037617,0.04012012481689453
001431_jpg.rf.7b6f89bcc8b9ee8d28a91b6ce4f235a6.jpg,3,0.14610877633094788,0.3569711744785309,0.03891226649284363,0.044471144676208496,0.0016689300537109375
001437_jpg.rf.7803dfb91d17967267df0a35942050e9.jpg,5,0.7770298727023335,0.3658655912350542,0.3774038553237915,0.6655447703961747,0.9169921875
001437_jpg.rf.7803dfb91d17967267df0a35942050e9.jpg,7,0.3500601015985012,0.9026442468166351,0.6171875074505806,0.19471150636672974,0.002132415771484375
001448_jpg.rf.8da3e1fa618562204ba9b4a1865cbcc7.jpg,5,0.7470254195246466,0.4657754183358408,0.4009168767674084,0.8599608908233078,0.9130859375
001455_jpg.rf.4ae8619624b19a3cb929b01e5c016030.jpg,5,0.7969488093990307,0.3039710813752956,0.4012947897636453,0.5288354838783829,0.9326171875
001456_jpg.rf.ef13fb4a053f2aab757cc6919088792b.jpg,5,0.5324808460720016,0.5343809678453314,0.23501452683744367,0.18116096905447338,0.9287109375
001456_jpg.rf.ef13fb4a053f2aab757cc6919088792b.jpg,11,0.3641827069222927,0.40797778218984604,0.6610577180981636,0.510967567563057,0.0038776397705078125
001456_jpg.rf.ef13fb4a053f2aab757cc6919088792b.jpg,1,0.17127404361963272,0.32211539149284363,0.07361780107021332,0.03245192766189575,0.0025691986083984375
001463_jpg.rf.b556a3edd9d5d5ec16931666af8c905e.jpg,5,0.5691815355585954,0.25387286797170777,0.589935489663726,0.33396771679220527,0.741455078125
001463_jpg.rf.b556a3edd9d5d5ec16931666af8c905e.jpg,8,0.5703125298023224,0.2554086558520794,0.5913462042808533,0.33413461595773697,0.0369873046875
001487_jpg.rf.01f68e4982ea5a05893eb867578a3ec1.jpg,5,0.28875134871186803,0.39282521499559214,0.17963766500848166,0.31519720918759353,0.92724609375
001487_jpg.rf.01f68e4982ea5a05893eb867578a3ec1.jpg,1,0.0782564664259553,0.9116586744785309,0.09559045545756817,0.15745192766189575,0.050628662109375
001487_jpg.rf.01f68e4982ea5a05893eb867578a3ec1.jpg,1,0.11478365864604712,0.9146634638309479,0.1887019295245409,0.17067307233810425,0.049224853515625
001487_jpg.rf.01f68e4982ea5a05893eb867578a3ec1.jpg,1,0.8413461744785309,0.8551683127880096,0.014423072338104248,0.06129807233810425,0.0181732177734375
001487_jpg.rf.01f68e4982ea5a05893eb867578a3ec1.jpg,1,0.07098858337849379,0.9098557829856873,0.09329927898943424,0.09855771064758301,0.002979278564453125
001491_jpg.rf.da39dffad53ad6806de87932e3d08947.jpg,5,0.5114397402177722,0.46929733205961705,0.3830485284888504,0.6839586256974496,0.909423828125
001614_JPG_jpg.rf.eb043f7ecd671c798036d4d10f1a580d.jpg,1,0.4393029063940048,0.1761664923123988,0.10277544053164811,0.0619320747783092,0.865966796875
001614_JPG_jpg.rf.eb043f7ecd671c798036d4d10f1a580d.jpg,1,0.6436298191547394,0.299729585647583,0.00961536169052124,0.009314894676208496,0.0212860107421875
001614_JPG_jpg.rf.eb043f7ecd671c798036d4d10f1a580d.jpg,1,0.5432692468166351,0.36057694256305695,0.00961536169052124,0.01081731915473938,0.00579833984375
001614_JPG_jpg.rf.eb043f7ecd671c798036d4d10f1a580d.jpg,1,0.9507212042808533,0.32992789149284363,0.028846144676208496,0.018028855323791504,0.0022525787353515625
001617_JPG_jpg.rf.9c3419da3dc740077f63ea0e76df7dc1.jpg,1,0.23557692766189575,0.10659555718302727,0.13671875,0.06295072287321091,0.85400390625
001617_JPG_jpg.rf.9c3419da3dc740077f63ea0e76df7dc1.jpg,0,0.007487873465345778,0.16426270473473176,0.014975746930691557,0.05475337076656925,0.0216827392578125
001617_JPG_jpg.rf.9c3419da3dc740077f63ea0e76df7dc1.jpg,1,0.8984375298023224,0.11733774468302727,0.038461506366729736,0.13551682978868484,0.016357421875
001617_JPG_jpg.rf.9c3419da3dc740077f63ea0e76df7dc1.jpg,1,0.5733173320704028,0.40502787472743496,0.01494396104167739,0.01854972714070552,0.005725860595703125
001617_JPG_jpg.rf.9c3419da3dc740077f63ea0e76df7dc1.jpg,0,0.504807710647583,0.42548078298568726,0.02283656597137451,0.018028855323791504,0.005428314208984375
001617_JPG_jpg.rf.9c3419da3dc740077f63ea0e76df7dc1.jpg,1,0.39270091298284426,0.012473396537617622,0.04590399708188947,0.024946793075235243,0.004914283752441406
001617_JPG_jpg.rf.9c3419da3dc740077f63ea0e76df7dc1.jpg,1,0.33233174681663513,0.013070913821138674,0.020432710647583008,0.025991587252065074,0.003787994384765625
001617_JPG_jpg.rf.9c3419da3dc740077f63ea0e76df7dc1.jpg,0,0.006089430913561955,0.35516828298568726,0.01159668032778427,0.04807692766189575,0.0032062530517578125
001617_JPG_jpg.rf.9c3419da3dc740077f63ea0e76df7dc1.jpg,8,0.7536058127880096,0.6748798340559006,0.49038463830947876,0.6430288851261139,0.0026092529296875
001617_JPG_jpg.rf.9c3419da3dc740077f63ea0e76df7dc1.jpg,0,0.1855468824505806,0.7806490659713745,0.021334126591682434,0.015625,0.0020751953125
001617_JPG_jpg.rf.9c3419da3dc740077f63ea0e76df7dc1.jpg,1,0.9350962042808533,0.01886455900967121,0.03846156597137451,0.03772911801934242,0.0017480850219726562
001617_JPG_jpg.rf.9c3419da3dc740077f63ea0e76df7dc1.jpg,1,0.8990384936332703,0.09314904175698757,0.033653855323791504,0.07136418297886848,0.001636505126953125
001620_JPG_jpg.rf.e754ade0e23631271b5882ae5b1db754.jpg,1,0.3059429175985136,0.11746368852543172,0.11882562236636049,0.06304467848009951,0.84881591796875
001620_JPG_jpg.rf.e754ade0e23631271b5882ae5b1db754.jpg,0,0.3938494922134187,0.4348184621050843,0.025679707807879815,0.01747343057689832,0.217071533203125
001620_JPG_jpg.rf.e754ade0e23631271b5882ae5b1db754.jpg,0,0.40024039149284363,0.4375000149011612,0.033653855323791504,0.021634608507156372,0.034637451171875
001620_JPG_jpg.rf.e754ade0e23631271b5882ae5b1db754.jpg,0,0.27764424681663513,0.442307710647583,0.02734375,0.015625,0.0269012451171875
001620_JPG_jpg.rf.e754ade0e23631271b5882ae5b1db754.jpg,0,0.2719089269750949,0.4412491961071888,0.030165292209748062,0.021582251809763198,0.01007080078125
001620_JPG_jpg.rf.e754ade0e23631271b5882ae5b1db754.jpg,0,0.1968149095773697,0.2836538553237915,0.04026442766189575,0.030048072338104248,0.0089263916015625
001620_JPG_jpg.rf.e754ade0e23631271b5882ae5b1db754.jpg,0,0.38882212340831757,0.4365985691547394,0.039663463830947876,0.0234375,0.008392333984375
001620_JPG_jpg.rf.e754ade0e23631271b5882ae5b1db754.jpg,14,0.051832932978868484,0.024245042353868484,0.08383413404226303,0.04849008470773697,0.00765228271484375
001620_JPG_jpg.rf.e754ade0e23631271b5882ae5b1db754.jpg,0,0.007927012237771825,0.20516312974495565,0.01585402447554365,0.03581706341164803,0.0074310302734375
001620_JPG_jpg.rf.e754ade0e23631271b5882ae5b1db754.jpg,1,0.6418269574642181,0.08428486064076424,0.039663493633270264,0.10261418670415878,0.004077911376953125
001620_JPG_jpg.rf.e754ade0e23631271b5882ae5b1db754.jpg,1,0.9176682829856873,0.28064904993516393,0.09375,0.5600961767486297,0.002590179443359375
001622_JPG_jpg.rf.bc19749a7cc5d5f14fdf0064fc8734fb.jpg,1,0.3118918544055711,0.11528363345554593,0.1150769444713125,0.06465373861727562,0.866455078125
001622_JPG_jpg.rf.bc19749a7cc5d5f14fdf0064fc8734fb.jpg,1,0.021049643578104113,0.471986064724239,0.042099287156208226,0.07851930397123846,0.02582550048828125
001622_JPG_jpg.rf.bc19749a7cc5d5f14fdf0064fc8734fb.jpg,0,0.2506009712815285,0.02190223173238337,0.07271634042263031,0.037851187866181135,0.0093841552734375
001622_JPG_jpg.rf.bc19749a7cc5d5f14fdf0064fc8734fb.jpg,9,0.5510817468166351,0.1582031287252903,0.03245192766189575,0.10456731170415878,0.0084228515625
001622_JPG_jpg.rf.bc19749a7cc5d5f14fdf0064fc8734fb.jpg,0,0.04867788776755333,0.17127405107021332,0.04529748111963272,0.03125,0.00714111328125
001622_JPG_jpg.rf.bc19749a7cc5d5f14fdf0064fc8734fb.jpg,1,0.2500000074505806,0.0214045598404482,0.07151441276073456,0.0382455678191036,0.0055999755859375
001622_JPG_jpg.rf.bc19749a7cc5d5f14fdf0064fc8734fb.jpg,1,0.5528846383094788,0.15009014680981636,0.026442289352416992,0.08894231170415878,0.005451202392578125
001622_JPG_jpg.rf.bc19749a7cc5d5f14fdf0064fc8734fb.jpg,14,0.9615384936332703,0.09900841349735856,0.0757211446762085,0.19260817300528288,0.0025310516357421875
001622_JPG_jpg.rf.bc19749a7cc5d5f14fdf0064fc8734fb.jpg,1,0.7776442468166351,0.02296800003387034,0.04807692766189575,0.03534405259415507,0.0015926361083984375
001637_JPG_jpg.rf.0dc9d0f3b934bd3b2aca10b523ac3f27.jpg,1,0.4522373261178464,0.12291873818729852,0.17725619035463924,0.10485701910149967,0.87548828125
001637_JPG_jpg.rf.0dc9d0f3b934bd3b2aca10b523ac3f27.jpg,1,0.15121695026755333,0.9399038851261139,0.06715745478868484,0.03245192766189575,0.0210418701171875
001637_JPG_jpg.rf.0dc9d0f3b934bd3b2aca10b523ac3f27.jpg,0,0.9867788553237915,0.49038462340831757,0.026442289352416992,0.08173075318336487,0.007476806640625
001637_JPG_jpg.rf.0dc9d0f3b934bd3b2aca10b523ac3f27.jpg,1,0.9867788553237915,0.49038462340831757,0.026442289352416992,0.07932689785957336,0.003231048583984375
001638_JPG_jpg.rf.2a3d2a331eb8c9bf6afc868c6da103c8.jpg,1,0.4804377720231924,0.1650506912043731,0.0905531971972453,0.050260777252292194,0.809326171875
001638_JPG_jpg.rf.2a3d2a331eb8c9bf6afc868c6da103c8.jpg,0,0.23574362299463097,0.35907017789414564,0.044029871468451026,0.09857704910500148,0.134613037109375
001638_JPG_jpg.rf.2a3d2a331eb8c9bf6afc868c6da103c8.jpg,1,0.6250000298023224,0.4633413553237915,0.034855782985687256,0.018028855323791504,0.015869140625
001638_JPG_jpg.rf.2a3d2a331eb8c9bf6afc868c6da103c8.jpg,0,0.9879807829856873,0.02131535459193401,0.02403843402862549,0.04135366581613198,0.00591278076171875
001638_JPG_jpg.rf.2a3d2a331eb8c9bf6afc868c6da103c8.jpg,7,0.49038463830947876,0.3314303010702133,0.013221144676208496,0.019831746816635132,0.005123138427734375
001638_JPG_jpg.rf.2a3d2a331eb8c9bf6afc868c6da103c8.jpg,9,0.5841346383094788,0.26141827553510666,0.028846144676208496,0.040865376591682434,0.00496673583984375
001638_JPG_jpg.rf.2a3d2a331eb8c9bf6afc868c6da103c8.jpg,1,0.38100962340831757,0.3665865510702133,0.015024036169052124,0.02644231915473938,0.00449371337890625
001638_JPG_jpg.rf.2a3d2a331eb8c9bf6afc868c6da103c8.jpg,0,0.010066105984151363,0.17202524840831757,0.020132211968302727,0.027944713830947876,0.003818511962890625
001638_JPG_jpg.rf.2a3d2a331eb8c9bf6afc868c6da103c8.jpg,1,0.4633413702249527,0.4290865659713745,0.025240391492843628,0.016826927661895752,0.003231048583984375
001638_JPG_jpg.rf.2a3d2a331eb8c9bf6afc868c6da103c8.jpg,9,0.02520752022974193,0.37620192766189575,0.036123423371464014,0.03125,0.00287628173828125
001638_JPG_jpg.rf.2a3d2a331eb8c9bf6afc868c6da103c8.jpg,9,0.58203125,0.27028245478868484,0.036658644676208496,0.06370191276073456,0.002864837646484375
001638_JPG_jpg.rf.2a3d2a331eb8c9bf6afc868c6da103c8.jpg,1,0.7842548489570618,0.4350961744785309,0.02283656597137451,0.050480782985687256,0.002124786376953125
001638_JPG_jpg.rf.2a3d2a331eb8c9bf6afc868c6da103c8.jpg,1,0.37920673191547394,0.36117789149284363,0.015024036169052124,0.016826927661895752,0.0020351409912109375
001638_JPG_jpg.rf.2a3d2a331eb8c9bf6afc868c6da103c8.jpg,8,0.011728140758350492,0.3774038553237915,0.017333985771983862,0.03605771064758301,0.0018320083618164062
001638_JPG_jpg.rf.2a3d2a331eb8c9bf6afc868c6da103c8.jpg,8,0.008798452909104526,0.3003305345773697,0.01476111845113337,0.043569713830947876,0.0016813278198242188
001650_JPG_jpg.rf.cc3958340011fb5bfbfb27121c9e8e79.jpg,1,0.40403170628384966,0.09158357092047052,0.22132346136158226,0.10172609310898109,0.87646484375
001650_JPG_jpg.rf.cc3958340011fb5bfbfb27121c9e8e79.jpg,1,0.4327245500730319,0.673677921295166,0.06363746582531071,0.03238746582531071,0.71923828125
001650_JPG_jpg.rf.cc3958340011fb5bfbfb27121c9e8e79.jpg,0,0.40354567766189575,0.09044471196830273,0.2241586446762085,0.10682091489434242,0.3037109375
001650_JPG_jpg.rf.cc3958340011fb5bfbfb27121c9e8e79.jpg,0,0.06719501718180254,0.015380860306322575,0.1327373901149258,0.03076172061264515,0.0211181640625
001650_JPG_jpg.rf.cc3958340011fb5bfbfb27121c9e8e79.jpg,9,0.015531100681982934,0.18810096383094788,0.02899639611132443,0.06310096383094788,0.018310546875
001650_JPG_jpg.rf.cc3958340011fb5bfbfb27121c9e8e79.jpg,0,0.06557992960733827,0.03966346330707893,0.13040865727816708,0.07677283987868577,0.01032257080078125
001650_JPG_jpg.rf.cc3958340011fb5bfbfb27121c9e8e79.jpg,0,0.05994591489434242,0.008967473531811265,0.11989182978868484,0.017822266767325345,0.00774383544921875
001650_JPG_jpg.rf.cc3958340011fb5bfbfb27121c9e8e79.jpg,1,0.8990384936332703,0.637620210647583,0.0625,0.1586538553237915,0.005558013916015625
001650_JPG_jpg.rf.cc3958340011fb5bfbfb27121c9e8e79.jpg,1,0.8981633597883785,0.5905289265560394,0.04936302308443341,0.05907316670317575,0.0032672882080078125
001650_JPG_jpg.rf.cc3958340011fb5bfbfb27121c9e8e79.jpg,1,0.4329928159713745,0.6862981021404266,0.0625,0.05649036169052124,0.00318145751953125
001650_JPG_jpg.rf.cc3958340011fb5bfbfb27121c9e8e79.jpg,1,0.9206731021404266,0.9387019574642181,0.022836506366729736,0.07692307233810425,0.002887725830078125
001650_JPG_jpg.rf.cc3958340011fb5bfbfb27121c9e8e79.jpg,1,0.16590294986963272,0.6700721383094788,0.05341045558452606,0.033653855323791504,0.0022869110107421875
001658_JPG_jpg.rf.97a6a7a5ab7100597fbe17f504946c0d.jpg,1,0.38535678334691936,0.23796115347228403,0.06283319169750434,0.03772015921613758,0.818603515625
001658_JPG_jpg.rf.97a6a7a5ab7100597fbe17f504946c0d.jpg,4,0.09359976090490818,0.37920674681663513,0.08158053085207939,0.06370192766189575,0.11968994140625
001658_JPG_jpg.rf.97a6a7a5ab7100597fbe17f504946c0d.jpg,0,0.8906250298023224,0.2764423191547394,0.012019217014312744,0.04206728935241699,0.045379638671875
001658_JPG_jpg.rf.97a6a7a5ab7100597fbe17f504946c0d.jpg,0,0.727629068448118,0.24889291327603696,0.1327314131073314,0.04668021194273628,0.03928375244140625
001658_JPG_jpg.rf.97a6a7a5ab7100597fbe17f504946c0d.jpg,14,0.3022836595773697,0.2821514457464218,0.04387018084526062,0.04326924681663513,0.0391845703125
001658_JPG_jpg.rf.97a6a7a5ab7100597fbe17f504946c0d.jpg,5,0.09211614169180393,0.379807710647583,0.07838792726397514,0.06370192766189575,0.032684326171875
001658_JPG_jpg.rf.97a6a7a5ab7100597fbe17f504946c0d.jpg,8,0.08909255266189575,0.37860578298568726,0.08849158883094788,0.06430286169052124,0.02960205078125
001658_JPG_jpg.rf.97a6a7a5ab7100597fbe17f504946c0d.jpg,11,0.09187199920415878,0.379807710647583,0.07962740957736969,0.06370192766189575,0.0272064208984375
001658_JPG_jpg.rf.97a6a7a5ab7100597fbe17f504946c0d.jpg,1,0.46694713830947876,0.4531250149011612,0.016826927661895752,0.039663463830947876,0.0094146728515625
001658_JPG_jpg.rf.97a6a7a5ab7100597fbe17f504946c0d.jpg,1,0.5036057829856873,0.44891828298568726,0.013221144676208496,0.028846144676208496,0.0034656524658203125
001658_JPG_jpg.rf.97a6a7a5ab7100597fbe17f504946c0d.jpg,1,0.48257213830947876,0.4507211744785309,0.046875,0.026442289352416992,0.002269744873046875
001658_JPG_jpg.rf.97a6a7a5ab7100597fbe17f504946c0d.jpg,1,0.021484376720763976,0.6207933127880096,0.042818513051315676,0.043269217014312744,0.0015554428100585938
001659_JPG_jpg.rf.6b4f2c924f137a103a77ef6b6e02c8b8.jpg,1,0.41676013312330235,0.1317407084816483,0.11055011119804337,0.06443636471009229,0.853515625
001659_JPG_jpg.rf.6b4f2c924f137a103a77ef6b6e02c8b8.jpg,8,0.765265442492403,0.9792226145068103,0.3170812106806482,0.0415547709863795,0.0647735595703125
001659_JPG_jpg.rf.6b4f2c924f137a103a77ef6b6e02c8b8.jpg,0,0.41676683723926544,0.13198617845773697,0.11117789149284363,0.06355167925357819,0.031524658203125
001659_JPG_jpg.rf.6b4f2c924f137a103a77ef6b6e02c8b8.jpg,0,0.756159628495405,0.9787627997864008,0.47647580774908516,0.04247440042719852,0.018829345703125
001659_JPG_jpg.rf.6b4f2c924f137a103a77ef6b6e02c8b8.jpg,8,0.7692307829856873,0.9879807829856873,0.2524038553237915,0.02403843402862549,0.0153961181640625
001659_JPG_jpg.rf.6b4f2c924f137a103a77ef6b6e02c8b8.jpg,8,0.7621694803237915,0.9846754968166351,0.38671875,0.030649006366729736,0.00963592529296875
001659_JPG_jpg.rf.6b4f2c924f137a103a77ef6b6e02c8b8.jpg,14,0.26712093001489035,0.19831216644274724,0.08618535188545123,0.1347263389450225,0.0067195892333984375
001659_JPG_jpg.rf.6b4f2c924f137a103a77ef6b6e02c8b8.jpg,0,0.9742886588286777,0.13199631808886375,0.04948992047549117,0.03134331283091879,0.0044097900390625
001659_JPG_jpg.rf.6b4f2c924f137a103a77ef6b6e02c8b8.jpg,5,0.16120793670415878,0.008812538348138332,0.056790873408317566,0.017625076696276665,0.002132415771484375
001659_JPG_jpg.rf.6b4f2c924f137a103a77ef6b6e02c8b8.jpg,7,0.767427921295166,0.9723558127880096,0.2944711446762085,0.05288463830947876,0.0018110275268554688
001685_JPG_jpg.rf.91a346061ab17e42bdb4292b2062d26e.jpg,9,0.36024945271653075,0.21412496223273286,0.12483795241368656,0.1881873895317615,0.8759765625
001685_JPG_jpg.rf.91a346061ab17e42bdb4292b2062d26e.jpg,1,0.5197510914023298,0.23793216551882268,0.18688355538929347,0.09327938423283877,0.81494140625
001685_JPG_jpg.rf.91a346061ab17e42bdb4292b2062d26e.jpg,0,0.7367788553237915,0.09540264996758197,0.28125,0.19020433837431483,0.01666259765625
001685_JPG_jpg.rf.91a346061ab17e42bdb4292b2062d26e.jpg,1,0.7155285224548587,0.10169964489050322,0.24257396980375734,0.20293492279836126,0.00839996337890625
001685_JPG_jpg.rf.91a346061ab17e42bdb4292b2062d26e.jpg,11,0.7914663851261139,0.8834134936332703,0.41466349363327026,0.23076927661895752,0.005367279052734375
001685_JPG_jpg.rf.91a346061ab17e42bdb4292b2062d26e.jpg,14,0.9777644276618958,0.24008414149284363,0.044471144676208496,0.48016828298568726,0.005283355712890625
001685_JPG_jpg.rf.91a346061ab17e42bdb4292b2062d26e.jpg,14,0.9915865659713745,0.18795072101056576,0.016826868057250977,0.29477163031697273,0.00470733642578125
001685_JPG_jpg.rf.91a346061ab17e42bdb4292b2062d26e.jpg,1,0.9723558127880096,0.33173078298568726,0.05288463830947876,0.6634615659713745,0.00396728515625
001685_JPG_jpg.rf.91a346061ab17e42bdb4292b2062d26e.jpg,1,0.7261117994785309,0.18569712340831757,0.25691109895706177,0.37139424681663513,0.0030612945556640625
001685_JPG_jpg.rf.91a346061ab17e42bdb4292b2062d26e.jpg,0,0.5640024393796921,0.19260817393660545,0.2890625298023224,0.21754807978868484,0.002910614013671875
001685_JPG_jpg.rf.91a346061ab17e42bdb4292b2062d26e.jpg,0,0.9681490659713745,0.31820914149284363,0.0625,0.6364182829856873,0.002864837646484375
001685_JPG_jpg.rf.91a346061ab17e42bdb4292b2062d26e.jpg,14,0.9939903914928436,0.1797250621020794,0.012019217014312744,0.22107873111963272,0.002864837646484375
001685_JPG_jpg.rf.91a346061ab17e42bdb4292b2062d26e.jpg,1,0.9861778914928436,0.9356971681118011,0.027644217014312744,0.12620192766189575,0.002590179443359375
001685_JPG_jpg.rf.91a346061ab17e42bdb4292b2062d26e.jpg,11,0.989182710647583,0.19320914894342422,0.021634578704833984,0.2674279063940048,0.0022335052490234375
001685_JPG_jpg.rf.91a346061ab17e42bdb4292b2062d26e.jpg,1,0.5474759787321091,0.4543269529240206,0.6514423191547394,0.9038462133612484,0.0021076202392578125
001685_JPG_jpg.rf.91a346061ab17e42bdb4292b2062d26e.jpg,0,0.6664663553237915,0.02734375186264515,0.1225961446762085,0.0546875037252903,0.00208282470703125
001685_JPG_jpg.rf.91a346061ab17e42bdb4292b2062d26e.jpg,1,0.12860577553510666,0.9705528914928436,0.02884615957736969,0.058894217014312744,0.001987457275390625
001685_JPG_jpg.rf.91a346061ab17e42bdb4292b2062d26e.jpg,5,0.8533653914928436,0.4248798191547394,0.29326921701431274,0.8497596383094788,0.001979827880859375
001685_JPG_jpg.rf.91a346061ab17e42bdb4292b2062d26e.jpg,14,0.914963960647583,0.4116586744785309,0.17007207870483398,0.8233173489570618,0.0016622543334960938
001685_JPG_jpg.rf.91a346061ab17e42bdb4292b2062d26e.jpg,5,0.7379807829856873,0.45973560214042664,0.4375,0.9194712042808533,0.0015439987182617188
001697_JPG_jpg.rf.91af880603426aff322f2f42675333ca.jpg,1,0.4897836744785309,0.302412005536484,0.2511435211306871,0.1134868365654749,0.894287109375
001697_JPG_jpg.rf.91af880603426aff322f2f42675333ca.jpg,8,0.14842359738067554,0.20644704018636606,0.08114114273922711,0.12528556034309343,0.3402233123779297
001697_JPG_jpg.rf.91af880603426aff322f2f42675333ca.jpg,0,0.4885817617177963,0.30243390798568726,0.2524038851261139,0.1156851053237915,0.1329345703125
001697_JPG_jpg.rf.91af880603426aff322f2f42675333ca.jpg,5,0.08683894388377666,0.826923131942749,0.05994591489434242,0.0649038553237915,0.00719451904296875
001697_JPG_jpg.rf.91af880603426aff322f2f42675333ca.jpg,0,0.6388221383094788,0.6975661069154739,0.10096156597137451,0.6048677861690521,0.00318145751953125
001697_JPG_jpg.rf.91af880603426aff322f2f42675333ca.jpg,1,0.14618390053510666,0.20913462340831757,0.08082933723926544,0.12439903616905212,0.0023784637451171875
001697_JPG_jpg.rf.91af880603426aff322f2f42675333ca.jpg,8,0.08473557978868484,0.8281250298023224,0.06640625,0.06490379571914673,0.0020427703857421875
001804_JPG_jpg.rf.5db3e08f0615f5c26deeb350abd57999.jpg,0,0.4873798340559006,0.17978161068376666,0.1454327404499054,0.0552711906190404,0.8154296875
001804_JPG_jpg.rf.5db3e08f0615f5c26deeb350abd57999.jpg,0,0.1761905721348669,0.30474186639858647,0.07471919544993977,0.027997384258009683,0.391357421875
001804_JPG_jpg.rf.5db3e08f0615f5c26deeb350abd57999.jpg,9,0.8004807829856873,0.4375000149011612,0.033653855323791504,0.038461536169052124,0.08831787109375
001804_JPG_jpg.rf.5db3e08f0615f5c26deeb350abd57999.jpg,8,0.8004807829856873,0.43780049681663513,0.03605771064758301,0.03966343402862549,0.0806884765625
001804_JPG_jpg.rf.5db3e08f0615f5c26deeb350abd57999.jpg,1,0.41086509567264795,0.4032017828680884,0.022019868259348874,0.03391161196796849,0.0717926025390625
001804_JPG_jpg.rf.5db3e08f0615f5c26deeb350abd57999.jpg,8,0.7692308127880096,0.15760216861963272,0.04807692766189575,0.06280048191547394,0.056793212890625
001804_JPG_jpg.rf.5db3e08f0615f5c26deeb350abd57999.jpg,1,0.3960885943619679,0.4034532827067264,0.022357086779178248,0.03094369564858729,0.046657562255859375
001804_JPG_jpg.rf.5db3e08f0615f5c26deeb350abd57999.jpg,12,0.7992788553237915,0.43569712340831757,0.028846144676208496,0.03725960850715637,0.0173797607421875
001804_JPG_jpg.rf.5db3e08f0615f5c26deeb350abd57999.jpg,1,0.4296875149011612,0.4038461744785309,0.013221174478530884,0.03605771064758301,0.0103607177734375
001804_JPG_jpg.rf.5db3e08f0615f5c26deeb350abd57999.jpg,0,0.14963942766189575,0.17893630266189575,0.044471144676208496,0.020733177661895752,0.0087890625
001804_JPG_jpg.rf.5db3e08f0615f5c26deeb350abd57999.jpg,5,0.770432710647583,0.15591196715831757,0.05168271064758301,0.0673828125,0.006740570068359375
001804_JPG_jpg.rf.5db3e08f0615f5c26deeb350abd57999.jpg,1,0.4248798191547394,0.4038461744785309,0.019230782985687256,0.03605771064758301,0.005733489990234375
001804_JPG_jpg.rf.5db3e08f0615f5c26deeb350abd57999.jpg,1,0.5949519276618958,0.35516828298568726,0.018629789352416992,0.04086536169052124,0.0036163330078125
001804_JPG_jpg.rf.5db3e08f0615f5c26deeb350abd57999.jpg,5,0.8677884638309479,0.5132211744785309,0.26442307233810425,0.6358173489570618,0.0034656524658203125
001804_JPG_jpg.rf.5db3e08f0615f5c26deeb350abd57999.jpg,0,0.15790264680981636,0.1929086595773697,0.06760817021131516,0.054086536169052124,0.0024242401123046875
001804_JPG_jpg.rf.5db3e08f0615f5c26deeb350abd57999.jpg,1,0.6742788851261139,0.5649038851261139,0.016826927661895752,0.043269217014312744,0.0021648406982421875
001804_JPG_jpg.rf.5db3e08f0615f5c26deeb350abd57999.jpg,0,0.15801533311605453,0.17848557978868484,0.06497897207736969,0.02584134042263031,0.0018253326416015625
001805_JPG_jpg.rf.6be207f36b3528388ef38d83a0ecafcb.jpg,0,0.31276448003046603,0.2731662641386544,0.22456667542997744,0.07779812778428805,0.8208274841308594
001805_JPG_jpg.rf.6be207f36b3528388ef38d83a0ecafcb.jpg,8,0.809495210647583,0.6899038553237915,0.049278855323791504,0.060096144676208496,0.25
001805_JPG_jpg.rf.6be207f36b3528388ef38d83a0ecafcb.jpg,5,0.8100809374538241,0.690497200642386,0.04807692766189575,0.061313309362810986,0.22959518432617188
001805_JPG_jpg.rf.6be207f36b3528388ef38d83a0ecafcb.jpg,1,0.18246134338254866,0.6214676183855855,0.03284331511263236,0.04247226376079705,0.11870765686035156
001805_JPG_jpg.rf.6be207f36b3528388ef38d83a0ecafcb.jpg,0,0.3144908866049222,0.6983999174040212,0.013987322520293388,0.00961536169052124,0.0627288818359375
001805_JPG_jpg.rf.6be207f36b3528388ef38d83a0ecafcb.jpg,8,0.7331731021404266,0.26772837340831757,0.06971150636672974,0.09074518084526062,0.0352783203125
001805_JPG_jpg.rf.6be207f36b3528388ef38d83a0ecafcb.jpg,1,0.49248798191547394,0.5510817468166351,0.025841325521469116,0.06310099363327026,0.034271240234375
001805_JPG_jpg.rf.6be207f36b3528388ef38d83a0ecafcb.jpg,9,0.49278847873210907,0.5504808127880096,0.02644231915473938,0.06370192766189575,0.0140533447265625
001805_JPG_jpg.rf.6be207f36b3528388ef38d83a0ecafcb.jpg,5,0.7331731021404266,0.26772837340831757,0.06850963830947876,0.09194710850715637,0.00989532470703125
001805_JPG_jpg.rf.6be207f36b3528388ef38d83a0ecafcb.jpg,0,0.33774039149284363,0.7031250298023224,0.015625,0.007211506366729736,0.0078582763671875
001805_JPG_jpg.rf.6be207f36b3528388ef38d83a0ecafcb.jpg,1,0.14378005266189575,0.6243990659713745,0.01862981915473938,0.05048072338104248,0.0060272216796875
001805_JPG_jpg.rf.6be207f36b3528388ef38d83a0ecafcb.jpg,1,0.1704101637005806,0.6256009936332703,0.05341045558452606,0.052884578704833984,0.0054931640625
001805_JPG_jpg.rf.6be207f36b3528388ef38d83a0ecafcb.jpg,3,0.8100961744785309,0.7536057829856873,0.04567307233810425,0.028846144676208496,0.002933502197265625
001805_JPG_jpg.rf.6be207f36b3528388ef38d83a0ecafcb.jpg,0,0.33022837340831757,0.7031250298023224,0.019230753183364868,0.00961536169052124,0.0024051666259765625
001805_JPG_jpg.rf.6be207f36b3528388ef38d83a0ecafcb.jpg,1,0.6286057829856873,0.911057710647583,0.020432710647583008,0.08293271064758301,0.0018463134765625
001805_JPG_jpg.rf.6be207f36b3528388ef38d83a0ecafcb.jpg,1,0.21198918670415878,0.6286057829856873,0.024338945746421814,0.0625,0.0017480850219726562
001805_JPG_jpg.rf.6be207f36b3528388ef38d83a0ecafcb.jpg,5,0.8966346681118011,0.09112079785700189,0.20192307233810425,0.18194111493357923,0.001636505126953125
001822_JPG_jpg.rf.10b1076c4e4871955bdffe6a66bb0963.jpg,0,0.38014191534919306,0.14243381892514637,0.10092779848175487,0.04542821009607867,0.813232421875
001822_JPG_jpg.rf.10b1076c4e4871955bdffe6a66bb0963.jpg,1,0.22566106915473938,0.23152044415473938,0.03245192766189575,0.018930286169052124,0.061248779296875
001822_JPG_jpg.rf.10b1076c4e4871955bdffe6a66bb0963.jpg,0,0.08901743218302727,0.26186899095773697,0.03140024095773697,0.14813701808452606,0.0300445556640625
001822_JPG_jpg.rf.10b1076c4e4871955bdffe6a66bb0963.jpg,1,0.489182710647583,0.041766827926039696,0.016826927661895752,0.013146031647920609,0.0191650390625
001822_JPG_jpg.rf.10b1076c4e4871955bdffe6a66bb0963.jpg,0,0.08647330913067611,0.2911867687972316,0.027069125750958448,0.08164721061375774,0.01459503173828125
001822_JPG_jpg.rf.10b1076c4e4871955bdffe6a66bb0963.jpg,1,0.4014423191547394,0.481370210647583,0.020432710647583008,0.015625,0.0089263916015625
001822_JPG_jpg.rf.10b1076c4e4871955bdffe6a66bb0963.jpg,1,0.403245210647583,0.47716347873210907,0.020432710647583008,0.017427891492843628,0.005146026611328125
001822_JPG_jpg.rf.10b1076c4e4871955bdffe6a66bb0963.jpg,1,0.5552884638309479,0.11884014680981636,0.016826927661895752,0.012920670211315155,0.004779815673828125
001822_JPG_jpg.rf.10b1076c4e4871955bdffe6a66bb0963.jpg,14,0.7493990659713745,0.5168269574642181,0.05048072338104248,0.027644217014312744,0.004390716552734375
001822_JPG_jpg.rf.10b1076c4e4871955bdffe6a66bb0963.jpg,7,0.30198317766189575,0.1527944765985012,0.050480782985687256,0.07181490212678909,0.00373077392578125
001822_JPG_jpg.rf.10b1076c4e4871955bdffe6a66bb0963.jpg,14,0.7500000298023224,0.4945913553237915,0.050480782985687256,0.02403843402862549,0.0031452178955078125
001822_JPG_jpg.rf.10b1076c4e4871955bdffe6a66bb0963.jpg,1,0.46514424681663513,0.09945913776755333,0.012019217014312744,0.015324525535106659,0.00287628173828125
001822_JPG_jpg.rf.10b1076c4e4871955bdffe6a66bb0963.jpg,1,0.5588942468166351,0.12019231170415878,0.016826927661895752,0.010817304253578186,0.0027561187744140625
001822_JPG_jpg.rf.10b1076c4e4871955bdffe6a66bb0963.jpg,8,0.3021334260702133,0.15301983430981636,0.049579352140426636,0.06896033138036728,0.0026607513427734375
001822_JPG_jpg.rf.10b1076c4e4871955bdffe6a66bb0963.jpg,1,0.5144231021404266,0.01310847420245409,0.019230782985687256,0.015887921676039696,0.0024051666259765625
001822_JPG_jpg.rf.10b1076c4e4871955bdffe6a66bb0963.jpg,9,0.9915865659713745,0.4368990659713745,0.016826868057250977,0.03245192766189575,0.001956939697265625
001822_JPG_jpg.rf.10b1076c4e4871955bdffe6a66bb0963.jpg,1,0.489182710647583,0.03632061369717121,0.019230782985687256,0.015700120478868484,0.0017824172973632812
001832_JPG_jpg.rf.1a2ec3bbec0da319dc42aba24a93d934.jpg,1,0.4852879153962997,0.2369386481932241,0.1322420871958419,0.05801954642296109,0.864013671875
001832_JPG_jpg.rf.1a2ec3bbec0da319dc42aba24a93d934.jpg,1,0.05690695307335923,0.34363464782196385,0.05574836518658164,0.20351195296041966,0.279693603515625
001832_JPG_jpg.rf.1a2ec3bbec0da319dc42aba24a93d934.jpg,14,0.4134615510702133,0.5943509936332703,0.039663463830947876,0.021033644676208496,0.04852294921875
001832_JPG_jpg.rf.1a2ec3bbec0da319dc42aba24a93d934.jpg,9,0.37620192766189575,0.23768030107021332,0.07932692766189575,0.11117789149284363,0.0245208740234375
001832_JPG_jpg.rf.1a2ec3bbec0da319dc42aba24a93d934.jpg,0,0.9867788553237915,0.5588942766189575,0.026442289352416992,0.018028855323791504,0.0086212158203125
001832_JPG_jpg.rf.1a2ec3bbec0da319dc42aba24a93d934.jpg,11,0.3756009638309479,0.2378305345773697,0.0805288553237915,0.11268028616905212,0.00836181640625
001832_JPG_jpg.rf.1a2ec3bbec0da319dc42aba24a93d934.jpg,14,0.965745210647583,0.8401442766189575,0.06730771064758301,0.033653855323791504,0.004871368408203125
001832_JPG_jpg.rf.1a2ec3bbec0da319dc42aba24a93d934.jpg,1,0.9891827404499054,0.5540865659713745,0.019230782985687256,0.015625,0.003002166748046875
001832_JPG_jpg.rf.1a2ec3bbec0da319dc42aba24a93d934.jpg,1,0.4125601053237915,0.5967548489570618,0.03245192766189575,0.015625,0.002864837646484375
001832_JPG_jpg.rf.1a2ec3bbec0da319dc42aba24a93d934.jpg,1,0.7247596383094788,0.29266828298568726,0.01201927661895752,0.013221144676208496,0.0026092529296875
001832_JPG_jpg.rf.1a2ec3bbec0da319dc42aba24a93d934.jpg,14,0.9867788553237915,0.8203125298023224,0.026442289352416992,0.06610578298568726,0.0018396377563476562
001835_JPG_jpg.rf.b77a5b24c3aa5b5f9f7e0497560cc466.jpg,1,0.329473302898206,0.2828639243447785,0.07606037474958544,0.03668188447658677,0.804931640625
001835_JPG_jpg.rf.b77a5b24c3aa5b5f9f7e0497560cc466.jpg,1,0.6496607684035776,0.3075364637698982,0.07373213919928856,0.03920827741428462,0.57470703125
001835_JPG_jpg.rf.b77a5b24c3aa5b5f9f7e0497560cc466.jpg,9,0.7608173489570618,0.31093943524141643,0.02921843689586856,0.04879420185527139,0.212615966796875
001835_JPG_jpg.rf.b77a5b24c3aa5b5f9f7e0497560cc466.jpg,5,0.2650240436196327,0.28335338085889816,0.04266826808452606,0.06911058723926544,0.086669921875
001835_JPG_jpg.rf.b77a5b24c3aa5b5f9f7e0497560cc466.jpg,1,0.7608173489570618,0.3115985691547394,0.02902983588183905,0.04627406597137451,0.04622650146484375
001835_JPG_jpg.rf.b77a5b24c3aa5b5f9f7e0497560cc466.jpg,8,0.2651742920279503,0.28290265053510666,0.04176683723926544,0.06820912659168243,0.0281219482421875
001835_JPG_jpg.rf.b77a5b24c3aa5b5f9f7e0497560cc466.jpg,3,0.4365985840559006,0.5649038553237915,0.029447108507156372,0.020432710647583008,0.00479888916015625
001835_JPG_jpg.rf.b77a5b24c3aa5b5f9f7e0497560cc466.jpg,0,0.5676081776618958,0.5306490361690521,0.013221144676208496,0.019230782985687256,0.0032939910888671875
001835_JPG_jpg.rf.b77a5b24c3aa5b5f9f7e0497560cc466.jpg,1,0.7019231021404266,0.3113732188940048,0.02884620428085327,0.04672476649284363,0.002956390380859375
001835_JPG_jpg.rf.b77a5b24c3aa5b5f9f7e0497560cc466.jpg,1,0.16030649840831757,0.013484074734151363,0.06760817766189575,0.026968149468302727,0.0029449462890625
001835_JPG_jpg.rf.b77a5b24c3aa5b5f9f7e0497560cc466.jpg,8,0.9915865659713745,0.16582782566547394,0.016826868057250977,0.14610877633094788,0.0027561187744140625
001835_JPG_jpg.rf.b77a5b24c3aa5b5f9f7e0497560cc466.jpg,1,0.2608173117041588,0.28485578298568726,0.03936298191547394,0.06550478935241699,0.002590179443359375
001835_JPG_jpg.rf.b77a5b24c3aa5b5f9f7e0497560cc466.jpg,8,0.4375000149011612,0.5612981021404266,0.030048102140426636,0.02884620428085327,0.002140045166015625
001835_JPG_jpg.rf.b77a5b24c3aa5b5f9f7e0497560cc466.jpg,1,0.6262019574642181,0.3203125149011612,0.02163463830947876,0.06790867447853088,0.0017480850219726562
001835_JPG_jpg.rf.b77a5b24c3aa5b5f9f7e0497560cc466.jpg,0,0.9939903914928436,0.06362680555321276,0.012019217014312744,0.11373197613283992,0.0016117095947265625
001836_JPG_jpg.rf.6b05f2d4dc6e48d0696c797bad5463f1.jpg,1,0.16924590584584837,0.19285872026246365,0.11522061166902546,0.06912579138619249,0.800537109375
001836_JPG_jpg.rf.6b05f2d4dc6e48d0696c797bad5463f1.jpg,1,0.6724626971446453,0.23951642616919247,0.1153314523549791,0.06659306358718992,0.783447265625
001836_JPG_jpg.rf.6b05f2d4dc6e48d0696c797bad5463f1.jpg,9,0.8453041127825205,0.24874641255517232,0.04496876170149944,0.09089065745341038,0.5103759765625
001836_JPG_jpg.rf.6b05f2d4dc6e48d0696c797bad5463f1.jpg,12,0.8461538851261139,0.24924881011247635,0.04567307233810425,0.09164665639400482,0.10540771484375
001836_JPG_jpg.rf.6b05f2d4dc6e48d0696c797bad5463f1.jpg,8,0.7493990659713745,0.25030048191547394,0.046875,0.10216346383094788,0.022003173828125
001836_JPG_jpg.rf.6b05f2d4dc6e48d0696c797bad5463f1.jpg,0,0.1850961670279503,0.3569711744785309,0.019831731915473938,0.03125,0.006687164306640625
001836_JPG_jpg.rf.6b05f2d4dc6e48d0696c797bad5463f1.jpg,7,0.8461538851261139,0.24789664894342422,0.04567307233810425,0.09194712340831757,0.004001617431640625
001836_JPG_jpg.rf.6b05f2d4dc6e48d0696c797bad5463f1.jpg,1,0.6959134936332703,0.23497597873210907,0.07451927661895752,0.06430289149284363,0.0036869049072265625
001836_JPG_jpg.rf.6b05f2d4dc6e48d0696c797bad5463f1.jpg,1,0.42007212340831757,0.681490421295166,0.025240391492843628,0.028846144676208496,0.0034389495849609375
001836_JPG_jpg.rf.6b05f2d4dc6e48d0696c797bad5463f1.jpg,8,0.2007211664604256,0.8425481021404266,0.4008413713600021,0.31490379571914673,0.0026302337646484375
001836_JPG_jpg.rf.6b05f2d4dc6e48d0696c797bad5463f1.jpg,1,0.27959735691547394,0.39182692766189575,0.01472356915473938,0.013221144676208496,0.00251007080078125
001836_JPG_jpg.rf.6b05f2d4dc6e48d0696c797bad5463f1.jpg,0,0.18103966861963272,0.36929087340831757,0.03455530107021332,0.016225963830947876,0.00176239013671875
001836_JPG_jpg.rf.6b05f2d4dc6e48d0696c797bad5463f1.jpg,0,0.18659856170415878,0.34885817766189575,0.015925481915473938,0.042668282985687256,0.0015554428100585938
001837_JPG_jpg.rf.284b7b1a01965eaf5cc5716f9d7d87a5.jpg,1,0.19082931664911007,0.30393587712130293,0.14854958231046267,0.13521643130001182,0.7994880676269531
001837_JPG_jpg.rf.284b7b1a01965eaf5cc5716f9d7d87a5.jpg,1,0.8538767511344292,0.38537609898644276,0.14799051393664542,0.12795754737968956,0.7899169921875
001837_JPG_jpg.rf.284b7b1a01965eaf5cc5716f9d7d87a5.jpg,1,0.13867188431322575,0.29897838085889816,0.2635216526687145,0.17608173191547394,0.0087890625
001837_JPG_jpg.rf.284b7b1a01965eaf5cc5716f9d7d87a5.jpg,5,0.06045113024967057,0.3173199053682865,0.08984631221853734,0.2735087833956841,0.00582122802734375
001837_JPG_jpg.rf.284b7b1a01965eaf5cc5716f9d7d87a5.jpg,0,0.24819713085889816,0.25270432978868484,0.05498798191547394,0.04266826808452606,0.005306243896484375
001837_JPG_jpg.rf.284b7b1a01965eaf5cc5716f9d7d87a5.jpg,0,0.21709735691547394,0.2539062574505806,0.11808893084526062,0.04537259042263031,0.004528045654296875
001837_JPG_jpg.rf.284b7b1a01965eaf5cc5716f9d7d87a5.jpg,0,0.16331130266189575,0.5054086539894342,0.3266226053237915,0.9891826920211315,0.0019044876098632812
001837_JPG_jpg.rf.284b7b1a01965eaf5cc5716f9d7d87a5.jpg,1,0.20646785199642181,0.7008714079856873,0.13273736834526062,0.5982571840286255,0.0016622543334960938
001933_jpg.rf.41ff446b69e2e2a22b47708e0985fab6.jpg,0,0.3667808379136534,0.46473918378392715,0.20261028844556306,0.6843988972033833,0.826904296875
001933_jpg.rf.41ff446b69e2e2a22b47708e0985fab6.jpg,1,0.3704928010702133,0.4408053196966648,0.19170674681663513,0.6472356244921684,0.01580810546875
001933_jpg.rf.41ff446b69e2e2a22b47708e0985fab6.jpg,0,0.2701322212815285,0.46274038776755333,0.38882212340831757,0.7019230797886848,0.00807952880859375
001933_jpg.rf.41ff446b69e2e2a22b47708e0985fab6.jpg,1,0.5438701957464218,0.554612398147583,0.18028846383094788,0.514573335647583,0.0030841827392578125
001933_jpg.rf.41ff446b69e2e2a22b47708e0985fab6.jpg,0,0.5180288702249527,0.5240384712815285,0.5168269574642181,0.5817307680845261,0.002735137939453125
001933_jpg.rf.41ff446b69e2e2a22b47708e0985fab6.jpg,0,0.606670692563057,0.41225963830947876,0.7229567468166351,0.8245192766189575,0.0021495819091796875
001935_jpg.rf.1128ec9bc530caddfa15079c809a1b7c.jpg,0,0.3298048491687719,0.45774383258708334,0.3456902588086094,0.5831082174229499,0.902587890625
001935_jpg.rf.1128ec9bc530caddfa15079c809a1b7c.jpg,1,0.5390625298023224,0.5405649244785309,0.12019234895706177,0.46694713830947876,0.0201263427734375
001935_jpg.rf.1128ec9bc530caddfa15079c809a1b7c.jpg,1,0.9299962973363995,0.7710299530253462,0.1380622336066588,0.1848743422485054,0.015377044677734375
001935_jpg.rf.1128ec9bc530caddfa15079c809a1b7c.jpg,0,0.9283800758572243,0.7640298523521616,0.14142853094016017,0.19431313902501635,0.01507568359375
001935_jpg.rf.1128ec9bc530caddfa15079c809a1b7c.jpg,1,0.681490421295166,0.01530573982745409,0.08293271064758301,0.03061147965490818,0.00684356689453125
001935_jpg.rf.1128ec9bc530caddfa15079c809a1b7c.jpg,0,0.6983173191547394,0.44020435214042664,0.6033653616905212,0.8804087042808533,0.004817962646484375
001935_jpg.rf.1128ec9bc530caddfa15079c809a1b7c.jpg,0,0.7198017239570618,0.5075120478868484,0.497896671295166,0.42848560214042664,0.0037593841552734375
001935_jpg.rf.1128ec9bc530caddfa15079c809a1b7c.jpg,1,0.5745192617177963,0.4375000149011612,0.1562500298023224,0.22355768084526062,0.0023040771484375
001952_jpg.rf.cfaab7c104abc49d272d7115a44d8d0b.jpg,1,0.6494763921910078,0.570628266315002,0.26896579306644053,0.38885267730621254,0.879150390625
001952_jpg.rf.cfaab7c104abc49d272d7115a44d8d0b.jpg,1,0.582932710647583,0.5694110840559006,0.13942313194274902,0.3876202404499054,0.057769775390625
001963_jpg.rf.a3d949c17965efb33078a437b1270efb.jpg,1,0.47256861231297465,0.41338259758009116,0.0482502527485178,0.2565447023101851,0.43474388122558594
001963_jpg.rf.a3d949c17965efb33078a437b1270efb.jpg,1,0.006226173795164774,0.8304485878645084,0.012444819750246982,0.08445582735590085,0.06520843505859375
001963_jpg.rf.a3d949c17965efb33078a437b1270efb.jpg,3,0.5003004968166351,0.7842548489570618,0.03786057233810425,0.044471144676208496,0.0078887939453125
001963_jpg.rf.a3d949c17965efb33078a437b1270efb.jpg,3,0.37079328298568726,0.9465144574642181,0.008413434028625488,0.01802879571914673,0.005645751953125
001963_jpg.rf.a3d949c17965efb33078a437b1270efb.jpg,0,0.4720553010702133,0.4116586595773697,0.047475963830947876,0.2704326808452606,0.00414276123046875
001963_jpg.rf.a3d949c17965efb33078a437b1270efb.jpg,1,0.6742788851261139,0.6628606021404266,0.04807692766189575,0.13221150636672974,0.0029449462890625
001963_jpg.rf.a3d949c17965efb33078a437b1270efb.jpg,0,0.006333571322102216,0.8281250298023224,0.012592022449098295,0.09134620428085327,0.002788543701171875
001963_jpg.rf.a3d949c17965efb33078a437b1270efb.jpg,1,0.4885817617177963,0.5198317319154739,0.07812502980232239,0.46274039149284363,0.00229644775390625
001963_jpg.rf.a3d949c17965efb33078a437b1270efb.jpg,5,0.9771634936332703,0.5273437649011612,0.04567301273345947,0.27223560214042664,0.0021820068359375
001965_jpg.rf.ea0a174fcf2889152bd4027ecc3c429d.jpg,0,0.2706878083785581,0.14229389727805275,0.04895856763566225,0.17880460306682655,0.751708984375
001965_jpg.rf.ea0a174fcf2889152bd4027ecc3c429d.jpg,0,0.03469800955510676,0.3148142676184953,0.06939601911021352,0.5296091540543049,0.4395751953125
001965_jpg.rf.ea0a174fcf2889152bd4027ecc3c429d.jpg,0,0.5589488933844999,0.30954110338045704,0.15854462179270656,0.6041914714985019,0.4364013671875
001965_jpg.rf.ea0a174fcf2889152bd4027ecc3c429d.jpg,0,0.030836839810945094,0.36929087340831757,0.06032151612453163,0.2686298191547394,0.054840087890625
001965_jpg.rf.ea0a174fcf2889152bd4027ecc3c429d.jpg,1,0.03220778417198744,0.31850963085889816,0.06434044814886875,0.5180288702249527,0.051513671875
001965_jpg.rf.ea0a174fcf2889152bd4027ecc3c429d.jpg,0,0.2983774095773697,0.14588341861963272,0.04266825318336487,0.17277644574642181,0.0235443115234375
001965_jpg.rf.ea0a174fcf2889152bd4027ecc3c429d.jpg,0,0.031212441623210907,0.20612982288002968,0.060471758246421814,0.29747598618268967,0.0218505859375
001965_jpg.rf.ea0a174fcf2889152bd4027ecc3c429d.jpg,7,0.10319637134671211,0.4768630117177963,0.06464093178510666,0.14122596383094788,0.019012451171875
001965_jpg.rf.ea0a174fcf2889152bd4027ecc3c429d.jpg,1,0.8960337042808533,0.9122596681118011,0.028846144676208496,0.06370192766189575,0.01593017578125
001965_jpg.rf.ea0a174fcf2889152bd4027ecc3c429d.jpg,0,0.027888372540473938,0.47776444256305695,0.055776745080947876,0.16586539149284363,0.01416778564453125
001965_jpg.rf.ea0a174fcf2889152bd4027ecc3c429d.jpg,5,0.10413536801934242,0.47776444256305695,0.06636869162321091,0.14182695746421814,0.01216888427734375
001965_jpg.rf.ea0a174fcf2889152bd4027ecc3c429d.jpg,1,0.9230769276618958,0.056468890807107444,0.1538461446762085,0.11293778161421489,0.011617660522460938
001965_jpg.rf.ea0a174fcf2889152bd4027ecc3c429d.jpg,1,0.2713341489434242,0.1142578199505806,0.37560097873210907,0.2285156399011612,0.007450103759765625
001965_jpg.rf.ea0a174fcf2889152bd4027ecc3c429d.jpg,1,0.8203125298023224,0.056715745478868484,0.35697120428085327,0.11343149095773697,0.003170013427734375
001965_jpg.rf.ea0a174fcf2889152bd4027ecc3c429d.jpg,1,0.031926081457640976,0.1977163515985012,0.06182391766924411,0.2554086521267891,0.002452850341796875
001965_jpg.rf.ea0a174fcf2889152bd4027ecc3c429d.jpg,5,0.6724759936332703,0.5000000298023224,0.07331728935241699,0.15985578298568726,0.0017347335815429688
001965_jpg.rf.ea0a174fcf2889152bd4027ecc3c429d.jpg,1,0.48948319256305695,0.07617187959840521,0.03305289149284363,0.15129207645077258,0.0015735626220703125
001977_jpg.rf.d579fa4c0dc552eaed37c3cf155da275.jpg,1,0.4249699989510839,0.4857387171646437,0.19990542230600616,0.6809865124993035,0.8525390625
001977_jpg.rf.d579fa4c0dc552eaed37c3cf155da275.jpg,1,0.23170823603868484,0.7878606021404266,0.1615835279226303,0.42427879571914673,0.0036296844482421875
001977_jpg.rf.d579fa4c0dc552eaed37c3cf155da275.jpg,8,0.38701924681663513,0.9341947138309479,0.10817307233810425,0.13161057233810425,0.0023956298828125
001977_jpg.rf.d579fa4c0dc552eaed37c3cf155da275.jpg,1,0.591646671295166,0.5504807755351067,0.5618990659713745,0.8413461595773697,0.0021991729736328125
001977_jpg.rf.d579fa4c0dc552eaed37c3cf155da275.jpg,0,0.598557710647583,0.5468750260770321,0.5697115659713745,0.9014423564076424,0.0021991729736328125
002029_jpg.rf.d2eb0a84751a83391db98987281b6861.jpg,0,0.42520010670587394,0.40944043296457683,0.21928871738708633,0.690286407910161,0.907470703125
002029_jpg.rf.d2eb0a84751a83391db98987281b6861.jpg,0,0.07301682606339455,0.18389423936605453,0.011868990957736969,0.029146626591682434,0.040313720703125
002029_jpg.rf.d2eb0a84751a83391db98987281b6861.jpg,0,0.5856370329856873,0.4101562798023224,0.1412259340286255,0.19891828298568726,0.0186614990234375
002029_jpg.rf.d2eb0a84751a83391db98987281b6861.jpg,0,0.22059044986963272,0.5189303010702133,0.1850210279226303,0.9585336744785309,0.00963592529296875
002029_jpg.rf.d2eb0a84751a83391db98987281b6861.jpg,1,0.591646671295166,0.403245210647583,0.1328125,0.1742788553237915,0.006145477294921875
002029_jpg.rf.d2eb0a84751a83391db98987281b6861.jpg,0,0.2740384712815285,0.6213942319154739,0.3016826957464218,0.7572115361690521,0.004985809326171875
002029_jpg.rf.d2eb0a84751a83391db98987281b6861.jpg,0,0.11568509787321091,0.4957932969555259,0.23137019574642181,0.9435096699744463,0.0016813278198242188
002189_jpg.rf.92cf19789cd4391933296b8dff7734d3.jpg,0,0.3894654593434751,0.49793903489816027,0.11461415625936971,0.081206821791038,0.794677734375
002189_jpg.rf.92cf19789cd4391933296b8dff7734d3.jpg,11,0.4936899095773697,0.43149039149284363,0.08593747019767761,0.12379807233810425,0.26171875
002189_jpg.rf.92cf19789cd4391933296b8dff7734d3.jpg,9,0.14265324920415878,0.9567308127880096,0.024489179253578186,0.03605765104293823,0.0264129638671875
002189_jpg.rf.92cf19789cd4391933296b8dff7734d3.jpg,5,0.49338944256305695,0.43389424681663513,0.08713945746421814,0.125,0.0207366943359375
002189_jpg.rf.92cf19789cd4391933296b8dff7734d3.jpg,0,0.028357874034554698,0.7259615659713745,0.056114786508260295,0.04326927661895752,0.019378662109375
002189_jpg.rf.92cf19789cd4391933296b8dff7734d3.jpg,0,0.4014423191547394,0.8774038553237915,0.04387021064758301,0.028846144676208496,0.0140533447265625
002189_jpg.rf.92cf19789cd4391933296b8dff7734d3.jpg,10,0.4861779063940048,0.9933894574642181,0.012019246816635132,0.010817348957061768,0.013427734375
002189_jpg.rf.92cf19789cd4391933296b8dff7734d3.jpg,0,0.01617901213467121,0.7301683127880096,0.03235802426934242,0.043269217014312744,0.007366180419921875
002189_jpg.rf.92cf19789cd4391933296b8dff7734d3.jpg,0,0.02430279641195067,0.7023352783140355,0.04855452937269257,0.08417450386074787,0.00689697265625
002189_jpg.rf.92cf19789cd4391933296b8dff7734d3.jpg,0,0.007171075729621473,0.3205020933967283,0.014311297674641697,0.036987774586451916,0.006046295166015625
002189_jpg.rf.92cf19789cd4391933296b8dff7734d3.jpg,3,0.0070894681848585606,0.321213960647583,0.014178936369717121,0.035456717014312744,0.005367279052734375
002189_jpg.rf.92cf19789cd4391933296b8dff7734d3.jpg,0,0.5428964383246078,0.010570651795348579,0.04927883476590289,0.013822263966509027,0.004725456237792969
002189_jpg.rf.92cf19789cd4391933296b8dff7734d3.jpg,1,0.010723408180638216,0.3167818635702133,0.020808294677408412,0.038311272859573364,0.00390625
002189_jpg.rf.92cf19789cd4391933296b8dff7734d3.jpg,0,0.11748798191547394,0.9495192766189575,0.042367786169052124,0.026442289352416992,0.0022258758544921875
002189_jpg.rf.92cf19789cd4391933296b8dff7734d3.jpg,8,0.9729567766189575,0.516826942563057,0.052884578704833984,0.39423081278800964,0.0015554428100585938
026e3566-6f8a-41be-9f41-dd877d8dce46_jpg.rf.9c6822930200d0d4e039347c04da26b1.jpg,1,0.4707206431171395,0.5213287516278324,0.6972086258891715,0.9573424967443351,0.8720703125
0691364a-3aa2-469a-90ec-84685754c373_jpg.rf.ba1a80e8dd943bf5d37b4a2cb53dcb67.jpg,0,0.57969375759084,0.4492388228657906,0.7270956046757151,0.8929486586908598,0.833984375
0691364a-3aa2-469a-90ec-84685754c373_jpg.rf.ba1a80e8dd943bf5d37b4a2cb53dcb67.jpg,0,0.7101863324642181,0.21908805519342422,0.4882813096046448,0.19884316623210907,0.0025310516357421875
0691364a-3aa2-469a-90ec-84685754c373_jpg.rf.ba1a80e8dd943bf5d37b4a2cb53dcb67.jpg,0,0.38882213830947876,0.6475360691547394,0.7776442766189575,0.7049278616905212,0.0015621185302734375
0691364a-3aa2-469a-90ec-84685754c373_jpg.rf.ba1a80e8dd943bf5d37b4a2cb53dcb67.jpg,1,0.704927921295166,0.2187500074505806,0.4963942766189575,0.19471155107021332,0.0015621185302734375
0708c458-e992-419f-9a63-c7719ac9d769_jpg.rf.8a7079669e4857c9d632b5370e9a9411.jpg,0,0.5109946119380133,0.49724811067183816,0.5267141271070349,0.8558635903233034,0.894287109375
0708c458-e992-419f-9a63-c7719ac9d769_jpg.rf.8a7079669e4857c9d632b5370e9a9411.jpg,0,0.6768329441547394,0.4765625298023224,0.6463341116905212,0.9531250596046448,0.0188751220703125
085599ac-31d5-4996-ba91-4e0a088f7bbc_jpg.rf.453617e085d1e8569ec090cf1912f878.jpg,0,0.5750538130640446,0.5584054320311466,0.8029686523498516,0.8126633359789177,0.8662109375
085599ac-31d5-4996-ba91-4e0a088f7bbc_jpg.rf.453617e085d1e8569ec090cf1912f878.jpg,0,0.5889423340559006,0.6352163851261139,0.5384615957736969,0.6358173489570618,0.002452850341796875
097b55bb-4589-4476-8fb6-d955050ffb7b_jpg.rf.374973afcf9595c4dd4fbe4344c032e9.jpg,0,0.500690071279968,0.5118893935967246,0.6732202631241526,0.906346734228944,0.908935546875
097b55bb-4589-4476-8fb6-d955050ffb7b_jpg.rf.374973afcf9595c4dd4fbe4344c032e9.jpg,0,0.2842548191547394,0.49879810214042664,0.5685096383094788,0.9975962042808533,0.022674560546875
097b55bb-4589-4476-8fb6-d955050ffb7b_jpg.rf.374973afcf9595c4dd4fbe4344c032e9.jpg,0,0.12349759787321091,0.4993990568909794,0.24699519574642181,0.9891827288083732,0.01403045654296875
097b55bb-4589-4476-8fb6-d955050ffb7b_jpg.rf.374973afcf9595c4dd4fbe4344c032e9.jpg,0,0.05562650412321091,0.49218752526212484,0.11125300824642181,0.9795673580374569,0.00846099853515625
097b55bb-4589-4476-8fb6-d955050ffb7b_jpg.rf.374973afcf9595c4dd4fbe4344c032e9.jpg,1,0.7578125,0.08556190133094788,0.484375,0.17112380266189575,0.002620697021484375
35306c24-1210-4ee8-9ed6-5b8b7d701034_jpg.rf.e428b8dcf3b87fb1f35876bb9265f949.jpg,0,0.522327080274982,0.5229599388388743,0.7044599939031931,0.9004366278225315,0.9287109375
35306c24-1210-4ee8-9ed6-5b8b7d701034_jpg.rf.e428b8dcf3b87fb1f35876bb9265f949.jpg,0,0.061448320746421814,0.4957932969555259,0.12289664149284363,0.9747596699744463,0.01268768310546875
36bd94e8-faed-41ae-bca6-c17fb37947d2_jpg.rf.042c9886bd9fd9e9492052e058b46aee.jpg,1,0.540826826766825,0.49779342644522906,0.8231312095435313,0.9014797493945634,0.89404296875
36bd94e8-faed-41ae-bca6-c17fb37947d2_jpg.rf.042c9886bd9fd9e9492052e058b46aee.jpg,0,0.576322115957737,0.67788465321064,0.8473557680845261,0.6394231021404266,0.002681732177734375
36bd94e8-faed-41ae-bca6-c17fb37947d2_jpg.rf.042c9886bd9fd9e9492052e058b46aee.jpg,1,0.8413461744785309,0.5210336819291115,0.31730765104293823,0.8617789000272751,0.002323150634765625
36bd94e8-faed-41ae-bca6-c17fb37947d2_jpg.rf.042c9886bd9fd9e9492052e058b46aee.jpg,1,0.37439905921928585,0.10141226649284363,0.7415865794755518,0.20282453298568726,0.0015201568603515625
FisheyeCamera_1_00001_png.rf.5df47d07978ebdd368a5754fb0756a93.jpg,14,0.6098289203815106,0.5434163200683948,0.023156052863104182,0.031569546496374445,0.866455078125
FisheyeCamera_1_00001_png.rf.5df47d07978ebdd368a5754fb0756a93.jpg,6,0.43906305536560947,0.5442596289074475,0.013522974044218206,0.013401694361938943,0.0918731689453125
FisheyeCamera_1_00001_png.rf.5df47d07978ebdd368a5754fb0756a93.jpg,6,0.4447115659713745,0.5426683127880096,0.014423072338104248,0.014423072338104248,0.018951416015625
FisheyeCamera_1_00001_png.rf.5df47d07978ebdd368a5754fb0756a93.jpg,0,0.39723558723926544,0.5348557829856873,0.007211536169052124,0.015625,0.0159912109375
FisheyeCamera_1_00001_png.rf.5df47d07978ebdd368a5754fb0756a93.jpg,6,0.4453125149011612,0.5462740361690521,0.013221174478530884,0.012019217014312744,0.01016998291015625
FisheyeCamera_1_00001_png.rf.5df47d07978ebdd368a5754fb0756a93.jpg,0,0.6850961744785309,0.5333533883094788,0.007211506366729736,0.012620210647583008,0.0019044876098632812
FisheyeCamera_1_00001_png.rf.5df47d07978ebdd368a5754fb0756a93.jpg,9,0.43930289149284363,0.5372596383094788,0.014423072338104248,0.018629789352416992,0.0017213821411132812
FisheyeCamera_1_00001_png.rf.5df47d07978ebdd368a5754fb0756a93.jpg,9,0.4447115659713745,0.5363581776618958,0.014423072338104248,0.018028855323791504,0.001598358154296875
FisheyeCamera_1_00002_png.rf.46595ed2d3036a48d4be9167d3867770.jpg,14,0.6177884936332703,0.5422024454454453,0.026442289352416992,0.03590842900801017,0.82958984375
FisheyeCamera_1_00002_png.rf.46595ed2d3036a48d4be9167d3867770.jpg,6,0.43810097873210907,0.5456731021404266,0.012019246816635132,0.012620151042938232,0.2083740234375
FisheyeCamera_1_00002_png.rf.46595ed2d3036a48d4be9167d3867770.jpg,9,0.6177884936332703,0.5420673191547394,0.025240421295166016,0.034855782985687256,0.1553955078125
FisheyeCamera_1_00002_png.rf.46595ed2d3036a48d4be9167d3867770.jpg,6,0.44020435214042664,0.5411658585071564,0.015625,0.016826927661895752,0.06829833984375
FisheyeCamera_1_00002_png.rf.46595ed2d3036a48d4be9167d3867770.jpg,0,0.39663462340831757,0.5347509249678016,0.008623239471363897,0.01619760074064769,0.04122161865234375
FisheyeCamera_1_00002_png.rf.46595ed2d3036a48d4be9167d3867770.jpg,6,0.4453125149011612,0.5462740361690521,0.013221174478530884,0.012019217014312744,0.0212860107421875
FisheyeCamera_1_00002_png.rf.46595ed2d3036a48d4be9167d3867770.jpg,6,0.4444110840559006,0.5423678159713745,0.015024036169052124,0.01622593402862549,0.0167388916015625
FisheyeCamera_1_00002_png.rf.46595ed2d3036a48d4be9167d3867770.jpg,9,0.43960337340831757,0.5378606021404266,0.015024036169052124,0.019230782985687256,0.00902557373046875
FisheyeCamera_1_00002_png.rf.46595ed2d3036a48d4be9167d3867770.jpg,0,0.7031250298023224,0.5312500298023224,0.007211506366729736,0.016826927661895752,0.004634857177734375
FisheyeCamera_1_00002_png.rf.46595ed2d3036a48d4be9167d3867770.jpg,9,0.44411060214042664,0.5372596383094788,0.015625,0.018629789352416992,0.002124786376953125
FisheyeCamera_1_00002_png.rf.a6f080dfef9216126f60117e7e367ae3.jpg,14,0.6177884936332703,0.5422024454454453,0.026442289352416992,0.03590842900801017,0.82958984375
FisheyeCamera_1_00002_png.rf.a6f080dfef9216126f60117e7e367ae3.jpg,6,0.43810097873210907,0.5456731021404266,0.012019246816635132,0.012620151042938232,0.2083740234375
FisheyeCamera_1_00002_png.rf.a6f080dfef9216126f60117e7e367ae3.jpg,9,0.6177884936332703,0.5420673191547394,0.025240421295166016,0.034855782985687256,0.1553955078125
FisheyeCamera_1_00002_png.rf.a6f080dfef9216126f60117e7e367ae3.jpg,6,0.44020435214042664,0.5411658585071564,0.015625,0.016826927661895752,0.06829833984375
FisheyeCamera_1_00002_png.rf.a6f080dfef9216126f60117e7e367ae3.jpg,0,0.39663462340831757,0.5347509249678016,0.008623239471363897,0.01619760074064769,0.04122161865234375
FisheyeCamera_1_00002_png.rf.a6f080dfef9216126f60117e7e367ae3.jpg,6,0.4453125149011612,0.5462740361690521,0.013221174478530884,0.012019217014312744,0.0212860107421875
FisheyeCamera_1_00002_png.rf.a6f080dfef9216126f60117e7e367ae3.jpg,6,0.4444110840559006,0.5423678159713745,0.015024036169052124,0.01622593402862549,0.0167388916015625
FisheyeCamera_1_00002_png.rf.a6f080dfef9216126f60117e7e367ae3.jpg,9,0.43960337340831757,0.5378606021404266,0.015024036169052124,0.019230782985687256,0.00902557373046875
FisheyeCamera_1_00002_png.rf.a6f080dfef9216126f60117e7e367ae3.jpg,0,0.7031250298023224,0.5312500298023224,0.007211506366729736,0.016826927661895752,0.004634857177734375
FisheyeCamera_1_00002_png.rf.a6f080dfef9216126f60117e7e367ae3.jpg,9,0.44411060214042664,0.5372596383094788,0.015625,0.018629789352416992,0.002124786376953125
FisheyeCamera_1_00003_png.rf.5ae18de47ec2fa313833863e02504764.jpg,14,0.6250000298023224,0.5411750286224142,0.025823072884726406,0.037223075244542825,0.8828125
FisheyeCamera_1_00003_png.rf.5ae18de47ec2fa313833863e02504764.jpg,6,0.43810097873210907,0.5456731021404266,0.012019246816635132,0.012620151042938232,0.2208251953125
FisheyeCamera_1_00003_png.rf.5ae18de47ec2fa313833863e02504764.jpg,6,0.4399038702249527,0.5420673191547394,0.015024036169052124,0.014423072338104248,0.0518798828125
FisheyeCamera_1_00003_png.rf.5ae18de47ec2fa313833863e02504764.jpg,6,0.4453125149011612,0.5474759638309479,0.013221174478530884,0.012019217014312744,0.021514892578125
FisheyeCamera_1_00003_png.rf.5ae18de47ec2fa313833863e02504764.jpg,6,0.4444110840559006,0.5432692468166351,0.015024036169052124,0.014423072338104248,0.0108489990234375
FisheyeCamera_1_00003_png.rf.5ae18de47ec2fa313833863e02504764.jpg,0,0.39663462340831757,0.5336538553237915,0.008413463830947876,0.015625,0.004459381103515625
FisheyeCamera_1_00003_png.rf.5ae18de47ec2fa313833863e02504764.jpg,9,0.43930289149284363,0.5372596383094788,0.014423072338104248,0.018629789352416992,0.003452301025390625
FisheyeCamera_1_00004_png.rf.3d9170c7e36adb51cf1df18f15e77585.jpg,14,0.6334134936332703,0.5398133789094632,0.026442289352416992,0.03966479708403925,0.88037109375
FisheyeCamera_1_00004_png.rf.3d9170c7e36adb51cf1df18f15e77585.jpg,0,0.39529898673730596,0.5320181038221841,0.008413460515533377,0.014021940337635042,0.049961090087890625
FisheyeCamera_1_00004_png.rf.3d9170c7e36adb51cf1df18f15e77585.jpg,6,0.4350961595773697,0.5480769276618958,0.007211536169052124,0.010216355323791504,0.021759033203125
FisheyeCamera_1_00004_png.rf.3d9170c7e36adb51cf1df18f15e77585.jpg,6,0.43479569256305695,0.54296875,0.008413463830947876,0.012620210647583008,0.0073089599609375
FisheyeCamera_1_00004_png.rf.3d9170c7e36adb51cf1df18f15e77585.jpg,0,0.7013221383094788,0.5285456776618958,0.004807710647583008,0.012620210647583008,0.002132415771484375
FisheyeCamera_1_00007_png.rf.066b2a6dfa5494f6f1fd1944a5d148e5.jpg,14,0.6691595598704247,0.5363693396040587,0.033653855323791504,0.05074783923210824,0.901611328125
FisheyeCamera_1_00007_png.rf.066b2a6dfa5494f6f1fd1944a5d148e5.jpg,6,0.42729048325180935,0.5431074641116261,0.011210836785566114,0.014104421748671436,0.51177978515625
FisheyeCamera_1_00007_png.rf.066b2a6dfa5494f6f1fd1944a5d148e5.jpg,6,0.4212740659713745,0.5444711744785309,0.015625,0.014423072338104248,0.025543212890625
FisheyeCamera_1_00007_png.rf.066b2a6dfa5494f6f1fd1944a5d148e5.jpg,6,0.42007213830947876,0.5468750298023224,0.015625,0.008413493633270264,0.0234527587890625
FisheyeCamera_1_00007_png.rf.066b2a6dfa5494f6f1fd1944a5d148e5.jpg,9,0.42698319256305695,0.5372596383094788,0.012019246816635132,0.01923072338104248,0.004077911376953125
FisheyeCamera_1_00009_png.rf.444f540be8f12473bb40e4117a96a833.jpg,14,0.7034322744821344,0.5314103923871389,0.0378470170071058,0.06188551064037606,0.95458984375
FisheyeCamera_1_00009_png.rf.444f540be8f12473bb40e4117a96a833.jpg,6,0.42608174681663513,0.542860285257083,0.013221144676208496,0.016826927661895752,0.54833984375
FisheyeCamera_1_00009_png.rf.444f540be8f12473bb40e4117a96a833.jpg,6,0.4202928624394425,0.5435145355349327,0.013883317066099798,0.016385479401968217,0.235809326171875
FisheyeCamera_1_00009_png.rf.444f540be8f12473bb40e4117a96a833.jpg,9,0.42608174681663513,0.5378606021404266,0.01382213830947876,0.020432651042938232,0.00811004638671875
FisheyeCamera_1_00009_png.rf.444f540be8f12473bb40e4117a96a833.jpg,0,0.29717548191547394,0.46995194256305695,0.015024036169052124,0.022836536169052124,0.00739288330078125
FisheyeCamera_1_00009_png.rf.444f540be8f12473bb40e4117a96a833.jpg,0,0.387620210647583,0.5312500298023224,0.013221144676208496,0.02163463830947876,0.0038471221923828125
FisheyeCamera_1_00009_png.rf.444f540be8f12473bb40e4117a96a833.jpg,9,0.24684496223926544,0.46694713830947876,0.017427891492843628,0.016826927661895752,0.00269317626953125
FisheyeCamera_1_00018_png.rf.020880ddd4767d0a7f0b20ac31fc1cae.jpg,6,0.37941588815688754,0.536841355628974,0.014788434638990433,0.021634578704833984,0.693115234375
FisheyeCamera_1_00018_png.rf.020880ddd4767d0a7f0b20ac31fc1cae.jpg,9,0.38100963830947876,0.5372596383094788,0.014423072338104248,0.02283656597137451,0.10406494140625
FisheyeCamera_1_00018_png.rf.020880ddd4767d0a7f0b20ac31fc1cae.jpg,9,0.15951773524284363,0.4287860840559006,0.01750299334526062,0.022836536169052124,0.004337310791015625
FisheyeCamera_1_00018_png.rf.020880ddd4767d0a7f0b20ac31fc1cae.jpg,6,0.567307710647583,0.5441706776618958,0.007211565971374512,0.015625,0.0023040771484375
FisheyeCamera_1_00018_png.rf.020880ddd4767d0a7f0b20ac31fc1cae.jpg,1,0.434495210647583,0.5108173191547394,0.012620210647583008,0.00961536169052124,0.001598358154296875
FisheyeCamera_1_00018_png.rf.020880ddd4767d0a7f0b20ac31fc1cae.jpg,1,0.45132213830947876,0.5105168521404266,0.0078125,0.007211506366729736,0.0015077590942382812
FisheyeCamera_1_00019_png.rf.b186d768f946332ebaa6375f6682fffb.jpg,6,0.37079328298568726,0.5361410312289127,0.016660286499236454,0.02129251307047153,0.7783203125
FisheyeCamera_1_00019_png.rf.b186d768f946332ebaa6375f6682fffb.jpg,1,0.45510577079875913,0.5104831629567608,0.009437522677754162,0.0068558106998551915,0.011129379272460938
FisheyeCamera_1_00019_png.rf.b186d768f946332ebaa6375f6682fffb.jpg,6,0.5688101053237915,0.5456731021404266,0.007211565971374512,0.012620151042938232,0.0026721954345703125
FisheyeCamera_1_00019_png.rf.b186d768f946332ebaa6375f6682fffb.jpg,9,0.37079328298568726,0.5258413553237915,0.018028855323791504,0.03846156597137451,0.0017690658569335938
FisheyeCamera_1_00019_png.rf.b186d768f946332ebaa6375f6682fffb.jpg,0,0.2137920781970024,0.4329928010702133,0.021634623408317566,0.018028825521469116,0.0017347335815429688
FisheyeCamera_1_00024_png.rf.6e8449427dba9d7c378350971670e829.jpg,6,0.3076350953632105,0.5221115871362525,0.022121124755046462,0.03605766334296345,0.52972412109375
FisheyeCamera_1_00024_png.rf.6e8449427dba9d7c378350971670e829.jpg,9,0.3076923191547394,0.5219351351261139,0.02283656597137451,0.03786057233810425,0.345458984375
FisheyeCamera_1_00024_png.rf.6e8449427dba9d7c378350971670e829.jpg,0,0.45346784349252345,0.5066105893389568,0.008840966571881936,0.006784050428970567,0.0581512451171875
FisheyeCamera_1_00024_png.rf.6e8449427dba9d7c378350971670e829.jpg,1,0.43479569256305695,0.5084134638309479,0.012019246816635132,0.00961536169052124,0.01016998291015625
FisheyeCamera_1_00024_png.rf.6e8449427dba9d7c378350971670e829.jpg,6,0.37860578298568726,0.5462740659713745,0.007211565971374512,0.007211565971374512,0.00658416748046875
FisheyeCamera_1_00024_png.rf.6e8449427dba9d7c378350971670e829.jpg,0,0.37860578298568726,0.5444711744785309,0.008413434028625488,0.008413493633270264,0.006336212158203125
FisheyeCamera_1_00024_png.rf.6e8449427dba9d7c378350971670e829.jpg,6,0.5667067468166351,0.5459735691547394,0.00600963830947876,0.012620151042938232,0.002490997314453125
FisheyeCamera_1_00024_png.rf.6e8449427dba9d7c378350971670e829.jpg,1,0.4368990510702133,0.5069110691547394,0.010216325521469116,0.006610572338104248,0.002124786376953125
FisheyeCamera_1_00024_png.rf.6e8449427dba9d7c378350971670e829.jpg,1,0.9194711744785309,0.44981972873210907,0.014423072338104248,0.013221174478530884,0.0017757415771484375
FisheyeCamera_1_00024_png.rf.6e8449427dba9d7c378350971670e829.jpg,1,0.4314904063940048,0.4951923191547394,0.009615391492843628,0.012620151042938232,0.0017690658569335938
FisheyeCamera_1_00024_png.rf.f21d70754155e15964a12dc85ac239b5.jpg,6,0.3076350953632105,0.5221115871362525,0.022121124755046462,0.03605766334296345,0.52972412109375
FisheyeCamera_1_00024_png.rf.f21d70754155e15964a12dc85ac239b5.jpg,9,0.3076923191547394,0.5219351351261139,0.02283656597137451,0.03786057233810425,0.345458984375
FisheyeCamera_1_00024_png.rf.f21d70754155e15964a12dc85ac239b5.jpg,0,0.45346784349252345,0.5066105893389568,0.008840966571881936,0.006784050428970567,0.0581512451171875
FisheyeCamera_1_00024_png.rf.f21d70754155e15964a12dc85ac239b5.jpg,1,0.43479569256305695,0.5084134638309479,0.012019246816635132,0.00961536169052124,0.01016998291015625
FisheyeCamera_1_00024_png.rf.f21d70754155e15964a12dc85ac239b5.jpg,6,0.37860578298568726,0.5462740659713745,0.007211565971374512,0.007211565971374512,0.00658416748046875
FisheyeCamera_1_00024_png.rf.f21d70754155e15964a12dc85ac239b5.jpg,0,0.37860578298568726,0.5444711744785309,0.008413434028625488,0.008413493633270264,0.006336212158203125
FisheyeCamera_1_00024_png.rf.f21d70754155e15964a12dc85ac239b5.jpg,6,0.5667067468166351,0.5459735691547394,0.00600963830947876,0.012620151042938232,0.002490997314453125
FisheyeCamera_1_00024_png.rf.f21d70754155e15964a12dc85ac239b5.jpg,1,0.4368990510702133,0.5069110691547394,0.010216325521469116,0.006610572338104248,0.002124786376953125
FisheyeCamera_1_00024_png.rf.f21d70754155e15964a12dc85ac239b5.jpg,1,0.9194711744785309,0.44981972873210907,0.014423072338104248,0.013221174478530884,0.0017757415771484375
FisheyeCamera_1_00024_png.rf.f21d70754155e15964a12dc85ac239b5.jpg,1,0.4314904063940048,0.4951923191547394,0.009615391492843628,0.012620151042938232,0.0017690658569335938
FisheyeCamera_1_00025_png.rf.ed99f023dd4702cc1b4ccfdd10be6453.jpg,6,0.28807521450324824,0.5188015114266377,0.024038463830947876,0.04086537020468023,0.6575927734375
FisheyeCamera_1_00025_png.rf.ed99f023dd4702cc1b4ccfdd10be6453.jpg,9,0.28797907521556626,0.5191207954539747,0.02391148170752566,0.041339360605435416,0.170562744140625
FisheyeCamera_1_00025_png.rf.ed99f023dd4702cc1b4ccfdd10be6453.jpg,9,0.9531250298023224,0.43810097873210907,0.022836506366729736,0.03425481915473938,0.13916015625
FisheyeCamera_1_00025_png.rf.ed99f023dd4702cc1b4ccfdd10be6453.jpg,2,0.2881610691547394,0.5186298191547394,0.024639427661895752,0.04086536169052124,0.134521484375
FisheyeCamera_1_00025_png.rf.ed99f023dd4702cc1b4ccfdd10be6453.jpg,12,0.28786058723926544,0.5174278914928436,0.022836536169052124,0.04086536169052124,0.050262451171875
FisheyeCamera_1_00025_png.rf.ed99f023dd4702cc1b4ccfdd10be6453.jpg,6,0.3780048191547394,0.546875,0.0078125,0.0078125,0.02545166015625
FisheyeCamera_1_00025_png.rf.ed99f023dd4702cc1b4ccfdd10be6453.jpg,6,0.3774038702249527,0.543870210647583,0.007211536169052124,0.009615421295166016,0.022430419921875
FisheyeCamera_1_00025_png.rf.ed99f023dd4702cc1b4ccfdd10be6453.jpg,0,0.4531250149011612,0.5066106021404266,0.008413463830947876,0.00600963830947876,0.0198974609375
FisheyeCamera_1_00025_png.rf.ed99f023dd4702cc1b4ccfdd10be6453.jpg,1,0.454026460647583,0.5072115659713745,0.0078125,0.0078125,0.0107269287109375
FisheyeCamera_1_00025_png.rf.ed99f023dd4702cc1b4ccfdd10be6453.jpg,1,0.43329328298568726,0.5096153914928436,0.010817289352416992,0.012019217014312744,0.00449371337890625
FisheyeCamera_1_00040_png.rf.3cecfad4b5ce1e13131a33715cc7fb44.jpg,0,0.44561299681663513,0.49438451467823463,0.012620210647583008,0.008137660994425089,0.09735107421875
FisheyeCamera_1_00040_png.rf.3cecfad4b5ce1e13131a33715cc7fb44.jpg,1,0.4177741082361241,0.4921875149011612,0.01174330697574466,0.010053810714755973,0.059356689453125
FisheyeCamera_1_00040_png.rf.3cecfad4b5ce1e13131a33715cc7fb44.jpg,0,0.43930289149284363,0.49399039149284363,0.014423072338104248,0.0078125,0.035797119140625
FisheyeCamera_1_00040_png.rf.3cecfad4b5ce1e13131a33715cc7fb44.jpg,1,0.43870192766189575,0.49278847873210907,0.014423072338104248,0.007211536169052124,0.0100860595703125
FisheyeCamera_1_00040_png.rf.3cecfad4b5ce1e13131a33715cc7fb44.jpg,0,0.3179086595773697,0.5423677861690521,0.007211536169052124,0.011418282985687256,0.00885772705078125
FisheyeCamera_1_00040_png.rf.3cecfad4b5ce1e13131a33715cc7fb44.jpg,0,0.6003606021404266,0.53515625,0.010817348957061768,0.015625,0.007770538330078125
FisheyeCamera_1_00040_png.rf.3cecfad4b5ce1e13131a33715cc7fb44.jpg,0,0.31850963830947876,0.5354567468166351,0.0078125,0.015024006366729736,0.0026302337646484375
FisheyeCamera_1_00040_png.rf.3cecfad4b5ce1e13131a33715cc7fb44.jpg,13,0.5883413851261139,0.5420673191547394,0.00600963830947876,0.012019217014312744,0.0026092529296875
FisheyeCamera_1_00040_png.rf.3cecfad4b5ce1e13131a33715cc7fb44.jpg,13,0.3179086744785309,0.5420673191547394,0.006610572338104248,0.012019217014312744,0.0023326873779296875
FisheyeCamera_1_00045_png.rf.6691e24e22ba2088c1ad530d5416f1c7.jpg,8,0.21890024840831757,0.51171875,0.026742786169052124,0.04206728935241699,0.4306640625
FisheyeCamera_1_00045_png.rf.6691e24e22ba2088c1ad530d5416f1c7.jpg,8,0.5676082074642181,0.533052921295166,0.022836506366729736,0.03125,0.409912109375
FisheyeCamera_1_00045_png.rf.6691e24e22ba2088c1ad530d5416f1c7.jpg,9,0.21905048936605453,0.5120192617177963,0.026442304253578186,0.039663463830947876,0.07501220703125
FisheyeCamera_1_00045_png.rf.6691e24e22ba2088c1ad530d5416f1c7.jpg,2,0.567307710647583,0.533052921295166,0.021634578704833984,0.028846144676208496,0.0692138671875
FisheyeCamera_1_00045_png.rf.6691e24e22ba2088c1ad530d5416f1c7.jpg,10,0.2187500074505806,0.5123197287321091,0.02584134042263031,0.040264397859573364,0.062103271484375
FisheyeCamera_1_00045_png.rf.6691e24e22ba2088c1ad530d5416f1c7.jpg,12,0.21784856915473938,0.5111178010702133,0.026141822338104248,0.03786054253578186,0.039306640625
FisheyeCamera_1_00045_png.rf.6691e24e22ba2088c1ad530d5416f1c7.jpg,1,0.5667067468166351,0.5315504968166351,0.022836506366729736,0.028245151042938232,0.005889892578125
FisheyeCamera_1_00045_png.rf.6691e24e22ba2088c1ad530d5416f1c7.jpg,2,0.21905048936605453,0.5108173340559006,0.025240376591682434,0.04206731915473938,0.00479888916015625
FisheyeCamera_1_00049_png.rf.47a2731e3973412381039d957098aa0a.jpg,8,0.6032513739379493,0.5210336744785309,0.03605771064758301,0.04512915916023297,0.5133056640625
FisheyeCamera_1_00049_png.rf.47a2731e3973412381039d957098aa0a.jpg,9,0.08143028989434242,0.4804687649011612,0.026592545211315155,0.06249997019767761,0.1407470703125
FisheyeCamera_1_00049_png.rf.47a2731e3973412381039d957098aa0a.jpg,10,0.08135517314076424,0.4795673191547394,0.024188704788684845,0.06129807233810425,0.1375732421875
FisheyeCamera_1_00049_png.rf.47a2731e3973412381039d957098aa0a.jpg,2,0.6021634638309479,0.5216346383094788,0.034855782985687256,0.046875,0.1322021484375
FisheyeCamera_1_00049_png.rf.47a2731e3973412381039d957098aa0a.jpg,12,0.6021634936332703,0.520733192563057,0.03605771064758301,0.046274036169052124,0.08831787109375
FisheyeCamera_1_00049_png.rf.47a2731e3973412381039d957098aa0a.jpg,9,0.6015625298023224,0.5210336595773697,0.03605765104293823,0.04687497019767761,0.062103271484375
FisheyeCamera_1_00049_png.rf.47a2731e3973412381039d957098aa0a.jpg,12,0.08141151070594788,0.4813701957464218,0.026479870080947876,0.06370189785957336,0.051513671875
FisheyeCamera_1_00049_png.rf.47a2731e3973412381039d957098aa0a.jpg,2,0.08156175166368484,0.48016828298568726,0.02437649667263031,0.0625,0.034393310546875
FisheyeCamera_1_00049_png.rf.47a2731e3973412381039d957098aa0a.jpg,7,0.36899039149284363,0.543870210647583,0.012019217014312744,0.01201927661895752,0.01110076904296875
FisheyeCamera_1_00062_png.rf.85485998f636029033ad8caf40bb09b8.jpg,0,0.41007710568686967,0.46476460568686967,0.012240550691081653,0.012778499273843669,0.4541015625
FisheyeCamera_1_00062_png.rf.85485998f636029033ad8caf40bb09b8.jpg,0,0.40896472890406854,0.4593418808546691,0.01164628933550066,0.01483755742848486,0.0463714599609375
FisheyeCamera_1_00062_png.rf.85485998f636029033ad8caf40bb09b8.jpg,9,0.5480051087170112,0.5496511710853111,0.007498841750912533,0.009158065551664762,0.012903213500976562
FisheyeCamera_1_00062_png.rf.85485998f636029033ad8caf40bb09b8.jpg,1,0.36838942766189575,0.4702524244785309,0.014423072338104248,0.011418282985687256,0.006740570068359375
FisheyeCamera_1_00062_png.rf.85485998f636029033ad8caf40bb09b8.jpg,1,0.4017428010702133,0.465745210647583,0.018028825521469116,0.012019217014312744,0.00646209716796875
FisheyeCamera_1_00062_png.rf.85485998f636029033ad8caf40bb09b8.jpg,0,0.07046274468302727,0.496995210647583,0.007361777126789093,0.018028855323791504,0.005535125732421875
FisheyeCamera_1_00062_png.rf.85485998f636029033ad8caf40bb09b8.jpg,10,0.39723558723926544,0.547776460647583,0.007211536169052124,0.007211565971374512,0.004425048828125
FisheyeCamera_1_00062_png.rf.85485998f636029033ad8caf40bb09b8.jpg,0,0.34014424681663513,0.4750601202249527,0.012620210647583008,0.011418253183364868,0.004016876220703125
FisheyeCamera_1_00062_png.rf.85485998f636029033ad8caf40bb09b8.jpg,1,0.3500601053237915,0.47536060214042664,0.016826927661895752,0.013221144676208496,0.002140045166015625
FisheyeCamera_1_00062_png.rf.85485998f636029033ad8caf40bb09b8.jpg,0,0.07001202180981636,0.5030048340559006,0.006760813295841217,0.023437529802322388,0.0020351409912109375
FisheyeCamera_1_00062_png.rf.85485998f636029033ad8caf40bb09b8.jpg,0,0.3939303159713745,0.5072115659713745,0.0078125,0.007211565971374512,0.0017480850219726562
FisheyeCamera_1_00062_png.rf.85485998f636029033ad8caf40bb09b8.jpg,1,0.39963942766189575,0.45733174681663513,0.015625,0.012019217014312744,0.00170135498046875
FisheyeCamera_1_00071_png.rf.0c5406719a81ec89f0f619e2dd84b310.jpg,9,0.34632084167779836,0.5101328803583995,0.0405314485871523,0.05805938127214627,0.659912109375
FisheyeCamera_1_00071_png.rf.0c5406719a81ec89f0f619e2dd84b310.jpg,10,0.3470553010702133,0.5102163553237915,0.04086539149284363,0.05769228935241699,0.160400390625
FisheyeCamera_1_00071_png.rf.0c5406719a81ec89f0f619e2dd84b310.jpg,12,0.3461538553237915,0.5108173340559006,0.043269217014312744,0.055288463830947876,0.0310516357421875
FisheyeCamera_1_00071_png.rf.0c5406719a81ec89f0f619e2dd84b310.jpg,1,0.8213390039064694,0.5217266227886616,0.013668127565895527,0.017942381006688768,0.02104949951171875
FisheyeCamera_1_00071_png.rf.0c5406719a81ec89f0f619e2dd84b310.jpg,12,0.5216346085071564,0.5453726053237915,0.014423072338104248,0.013221144676208496,0.004871368408203125
FisheyeCamera_1_00071_png.rf.0c5406719a81ec89f0f619e2dd84b310.jpg,2,0.8215144574642181,0.5210336744785309,0.014423072338104248,0.022836506366729736,0.0035190582275390625
FisheyeCamera_1_00071_png.rf.0c5406719a81ec89f0f619e2dd84b310.jpg,11,0.5219351053237915,0.5450721383094788,0.013822078704833984,0.015024065971374512,0.002864837646484375
FisheyeCamera_1_00084_png.rf.77a93ce4e838f0a63e982321fc9d3eba.jpg,10,0.37319712340831757,0.5288461744785309,0.025240391492843628,0.03365379571914673,0.20458984375
FisheyeCamera_1_00084_png.rf.77a93ce4e838f0a63e982321fc9d3eba.jpg,11,0.37319712340831757,0.5288461744785309,0.024038463830947876,0.031850993633270264,0.1175537109375
FisheyeCamera_1_00084_png.rf.77a93ce4e838f0a63e982321fc9d3eba.jpg,12,0.373639663805983,0.528798368889807,0.025620089832352033,0.03172530640103033,0.04071807861328125
FisheyeCamera_1_00084_png.rf.77a93ce4e838f0a63e982321fc9d3eba.jpg,11,0.45432694256305695,0.5453726351261139,0.008413463830947876,0.011418282985687256,0.026702880859375
FisheyeCamera_1_00084_png.rf.77a93ce4e838f0a63e982321fc9d3eba.jpg,12,0.7079327404499054,0.5339543521404266,0.012019217014312744,0.015024006366729736,0.009857177734375
FisheyeCamera_1_00090_png.rf.45934e8b7db1097868870f3cc5c1960e.jpg,7,0.30453605098136355,0.5401170584613475,0.012918246638935593,0.015301173119032896,0.525146484375
FisheyeCamera_1_00090_png.rf.45934e8b7db1097868870f3cc5c1960e.jpg,0,0.2520547072007391,0.28296189949008,0.025701691919055275,0.01849015921293251,0.38739013671875
FisheyeCamera_1_00090_png.rf.45934e8b7db1097868870f3cc5c1960e.jpg,1,0.4360172381399742,0.4879415252907068,0.008413463830947876,0.00693068706976091,0.3306884765625
FisheyeCamera_1_00090_png.rf.45934e8b7db1097868870f3cc5c1960e.jpg,1,0.25075120478868484,0.2836538553237915,0.024639412760734558,0.016826927661895752,0.11895751953125
FisheyeCamera_1_00090_png.rf.45934e8b7db1097868870f3cc5c1960e.jpg,7,0.3091583113055087,0.5412721322591534,0.01629879868414863,0.01360959080548474,0.009554862976074219
FisheyeCamera_1_00090_png.rf.45934e8b7db1097868870f3cc5c1960e.jpg,0,0.26622597873210907,0.28200121223926544,0.047475963830947876,0.014122575521469116,0.004047393798828125
FisheyeCamera_1_00090_png.rf.45934e8b7db1097868870f3cc5c1960e.jpg,0,0.42848560214042664,0.4837740510702133,0.033653855323791504,0.009615391492843628,0.002323150634765625
FisheyeCamera_1_00092_png.rf.694eea4d0584c86f4a8f86dfa1848af5.jpg,10,0.13357329812455684,0.46470312171794004,0.04543013648783906,0.09438932322441268,0.5048828125
FisheyeCamera_1_00092_png.rf.694eea4d0584c86f4a8f86dfa1848af5.jpg,12,0.13400114538102834,0.4651442594538201,0.04528128539270937,0.09393263759818798,0.4073486328125
FisheyeCamera_1_00092_png.rf.694eea4d0584c86f4a8f86dfa1848af5.jpg,8,0.13386418670415878,0.4639423340559006,0.04537259042263031,0.09375002980232239,0.197998046875
FisheyeCamera_1_00092_png.rf.694eea4d0584c86f4a8f86dfa1848af5.jpg,11,0.4376128044897232,0.5427246805766355,0.012019246816635132,0.017464901787647258,0.16845703125
FisheyeCamera_1_00092_png.rf.694eea4d0584c86f4a8f86dfa1848af5.jpg,6,0.13491587340831757,0.4648437649011612,0.04417067766189575,0.09314903616905212,0.10028076171875
FisheyeCamera_1_00092_png.rf.694eea4d0584c86f4a8f86dfa1848af5.jpg,2,0.13408954814076424,0.46514423191547394,0.04552283138036728,0.09615382552146912,0.0592041015625
FisheyeCamera_1_00092_png.rf.694eea4d0584c86f4a8f86dfa1848af5.jpg,5,0.8149038851261139,0.5186298191547394,0.014423072338104248,0.027644217014312744,0.0177001953125
FisheyeCamera_1_00092_png.rf.694eea4d0584c86f4a8f86dfa1848af5.jpg,7,0.8137019574642181,0.5180288553237915,0.012019217014312744,0.026442289352416992,0.009063720703125
FisheyeCamera_1_00096_png.rf.0a8785942801fb0380fd532020512c80.jpg,7,0.2610417732238315,0.5340267393858813,0.009463335800079964,0.016522816276368424,0.384033203125
FisheyeCamera_1_00096_png.rf.0a8785942801fb0380fd532020512c80.jpg,1,0.429886347809567,0.476812171052854,0.008413463830947876,0.011667921715724783,0.13531494140625
FisheyeCamera_1_00096_png.rf.0a8785942801fb0380fd532020512c80.jpg,0,0.7367788851261139,0.5228365361690521,0.00961536169052124,0.014423072338104248,0.0310516357421875
FisheyeCamera_1_00096_png.rf.0a8785942801fb0380fd532020512c80.jpg,1,0.42992682612618344,0.48257213830947876,0.008902805619255272,0.015625,0.012376785278320312
FisheyeCamera_1_00096_png.rf.0a8785942801fb0380fd532020512c80.jpg,1,0.42698319256305695,0.4807692617177963,0.04266825318336487,0.007211536169052124,0.00516510009765625
FisheyeCamera_1_00096_png.rf.0a8785942801fb0380fd532020512c80.jpg,0,0.4585336744785309,0.5312500298023224,0.014423072338104248,0.014423072338104248,0.004222869873046875
FisheyeCamera_1_00096_png.rf.0a8785942801fb0380fd532020512c80.jpg,1,0.434495210647583,0.4798678159713745,0.018028855323791504,0.006610572338104248,0.0017147064208984375
FisheyeCamera_1_00144_png.rf.47832f9d95f0df3ba4cd7b2180e9d994.jpg,9,0.6053490487749938,0.5426095985948808,0.007211530115817766,0.014784568061160686,0.62744140625
FisheyeCamera_1_00144_png.rf.47832f9d95f0df3ba4cd7b2180e9d994.jpg,9,0.5661889389173855,0.5474759720780897,0.00704525410797785,0.009947968923030737,0.5491943359375
FisheyeCamera_1_00144_png.rf.47832f9d95f0df3ba4cd7b2180e9d994.jpg,9,0.6310096383094788,0.5440038717672473,0.01201927661895752,0.011251428251058071,0.027923583984375
FisheyeCamera_1_00144_png.rf.47832f9d95f0df3ba4cd7b2180e9d994.jpg,9,0.6057692468166351,0.5378606021404266,0.00961536169052124,0.019230782985687256,0.00719451904296875
FisheyeCamera_1_00144_png.rf.47832f9d95f0df3ba4cd7b2180e9d994.jpg,0,0.43179088830947876,0.5348557829856873,0.006610572338104248,0.013822078704833984,0.0018606185913085938
FisheyeCamera_1_00144_png.rf.47832f9d95f0df3ba4cd7b2180e9d994.jpg,0,0.496995210647583,0.5309495329856873,0.013221144676208496,0.012620210647583008,0.001617431640625
FisheyeCamera_1_00149_png.rf.cf7b693e1eb0f00fa03ace3af883702d.jpg,9,0.6310096383094788,0.5387671347502824,0.01201927661895752,0.018626427912450172,0.822021484375
FisheyeCamera_1_00149_png.rf.cf7b693e1eb0f00fa03ace3af883702d.jpg,9,0.5739182829856873,0.544959618417425,0.013221144676208496,0.010103829851777824,0.627197265625
FisheyeCamera_1_00149_png.rf.cf7b693e1eb0f00fa03ace3af883702d.jpg,9,0.5788819251334772,0.5450835122260372,0.01531313699958603,0.009771300923507864,0.17242431640625
FisheyeCamera_1_00149_png.rf.cf7b693e1eb0f00fa03ace3af883702d.jpg,13,0.6586538851261139,0.5432692468166351,0.00961536169052124,0.013221204280853271,0.01131439208984375
FisheyeCamera_1_00149_png.rf.cf7b693e1eb0f00fa03ace3af883702d.jpg,0,0.49579328298568726,0.529146671295166,0.010817289352416992,0.015625,0.0016756057739257812
FisheyeCamera_1_00149_png.rf.cf7b693e1eb0f00fa03ace3af883702d.jpg,9,0.658052921295166,0.5432692468166351,0.010817289352416992,0.012019217014312744,0.0015926361083984375
FisheyeCamera_1_00153_png.rf.c6c493607c14516bd81fe4c71ddbfd20.jpg,13,0.32793275252612614,0.5218268911500543,0.02966357739035652,0.04206728935241699,0.573486328125
FisheyeCamera_1_00153_png.rf.c6c493607c14516bd81fe4c71ddbfd20.jpg,4,0.32782453298568726,0.5216346383094788,0.03064906597137451,0.04387021064758301,0.1383056640625
FisheyeCamera_1_00153_png.rf.c6c493607c14516bd81fe4c71ddbfd20.jpg,9,0.3272235691547394,0.5222356021404266,0.02944713830947876,0.043269217014312744,0.106689453125
FisheyeCamera_1_00153_png.rf.c6c493607c14516bd81fe4c71ddbfd20.jpg,12,0.32692308723926544,0.5216346383094788,0.028846174478530884,0.04266822338104248,0.08306884765625
FisheyeCamera_1_00153_png.rf.c6c493607c14516bd81fe4c71ddbfd20.jpg,11,0.4002404063940048,0.5432692468166351,0.012019246816635132,0.012019217014312744,0.0124969482421875
FisheyeCamera_1_00153_png.rf.c6c493607c14516bd81fe4c71ddbfd20.jpg,12,0.5432692468166351,0.547776460647583,0.00961536169052124,0.010817289352416992,0.0022335052490234375
FisheyeCamera_1_00153_png.rf.c6c493607c14516bd81fe4c71ddbfd20.jpg,1,0.38942308723926544,0.4936899095773697,0.009615391492843628,0.008413463830947876,0.0018033981323242188
FisheyeCamera_1_00153_png.rf.c6c493607c14516bd81fe4c71ddbfd20.jpg,12,0.6370192468166351,0.5420673489570618,0.014423072338104248,0.013221144676208496,0.0016622543334960938
FisheyeCamera_1_00153_png.rf.c6c493607c14516bd81fe4c71ddbfd20.jpg,13,0.4002404063940048,0.5441707074642181,0.012019246816635132,0.01382213830947876,0.001617431640625
FisheyeCamera_1_00157_png.rf.376a4d13c3725b71818f9557409067bf.jpg,9,0.5994756015170801,0.5435532836090338,0.012587350203754677,0.01413902146007251,0.869873046875
FisheyeCamera_1_00157_png.rf.376a4d13c3725b71818f9557409067bf.jpg,9,0.7139423489570618,0.5270432941105081,0.023589792252458164,0.030192136753635634,0.33404541015625
FisheyeCamera_1_00157_png.rf.376a4d13c3725b71818f9557409067bf.jpg,9,0.5952524244785309,0.5432692766189575,0.01742786169052124,0.015625,0.036712646484375
FisheyeCamera_1_00157_png.rf.376a4d13c3725b71818f9557409067bf.jpg,9,0.49429087340831757,0.5225360691547394,0.008413463830947876,0.016225993633270264,0.01465606689453125
FisheyeCamera_1_00157_png.rf.376a4d13c3725b71818f9557409067bf.jpg,12,0.7139423489570618,0.5288461744785309,0.02283656597137451,0.027644217014312744,0.01226043701171875
FisheyeCamera_1_00157_png.rf.376a4d13c3725b71818f9557409067bf.jpg,4,0.7133413851261139,0.5264423191547394,0.02163463830947876,0.030649006366729736,0.012115478515625
FisheyeCamera_1_00157_png.rf.376a4d13c3725b71818f9557409067bf.jpg,9,0.48948319256305695,0.5138221383094788,0.004206746816635132,0.010817289352416992,0.00885772705078125
FisheyeCamera_1_00157_png.rf.376a4d13c3725b71818f9557409067bf.jpg,1,0.47716347873210907,0.5108173191547394,0.014423102140426636,0.009014427661895752,0.0015926361083984375
FisheyeCamera_1_00185_png.rf.0b9409fb0438ec43df71bbe20ffdd88a.jpg,5,0.3272617439505455,0.5228365659713745,0.026143464860068633,0.0392119141392957,0.760986328125
FisheyeCamera_1_00185_png.rf.0b9409fb0438ec43df71bbe20ffdd88a.jpg,4,0.3272235691547394,0.5234375298023224,0.027043282985687256,0.039663493633270264,0.3291015625
FisheyeCamera_1_00185_png.rf.0b9409fb0438ec43df71bbe20ffdd88a.jpg,1,0.4178648270812295,0.43429583491944657,0.013833474867744222,0.008817878552409175,0.0678863525390625
FisheyeCamera_1_00185_png.rf.0b9409fb0438ec43df71bbe20ffdd88a.jpg,1,0.4796397428754528,0.4474055276755807,0.016847620153528142,0.01081731915473938,0.04680824279785156
FisheyeCamera_1_00185_png.rf.0b9409fb0438ec43df71bbe20ffdd88a.jpg,1,0.481370210647583,0.44651444256305695,0.010216355323791504,0.010216325521469116,0.0297088623046875
FisheyeCamera_1_00185_png.rf.0b9409fb0438ec43df71bbe20ffdd88a.jpg,0,0.48016828298568726,0.44651444256305695,0.014423072338104248,0.01081731915473938,0.01263427734375
FisheyeCamera_1_00185_png.rf.0b9409fb0438ec43df71bbe20ffdd88a.jpg,12,0.606370210647583,0.5426682829856873,0.010216355323791504,0.015625,0.0070037841796875
FisheyeCamera_1_00185_png.rf.0b9409fb0438ec43df71bbe20ffdd88a.jpg,1,0.6057692468166351,0.5432692766189575,0.010817348957061768,0.015625,0.003002166748046875
FisheyeCamera_1_00188_png.rf.00f449ddefd9ae3b4e0066388d558a1f.jpg,5,0.28109063981749205,0.50996291212902,0.034855782985687256,0.05395591108220138,0.53924560546875
FisheyeCamera_1_00188_png.rf.00f449ddefd9ae3b4e0066388d558a1f.jpg,4,0.28094953298568726,0.5099158734083176,0.03425478935241699,0.055288463830947876,0.318603515625
FisheyeCamera_1_00188_png.rf.00f449ddefd9ae3b4e0066388d558a1f.jpg,0,0.4970559606813093,0.43461668693682876,0.014544572405556844,0.010817289352416992,0.24005126953125
FisheyeCamera_1_00188_png.rf.00f449ddefd9ae3b4e0066388d558a1f.jpg,1,0.430588960647583,0.42067310214042664,0.014423072338104248,0.014423072338104248,0.033416748046875
FisheyeCamera_1_00188_png.rf.00f449ddefd9ae3b4e0066388d558a1f.jpg,12,0.6418269276618958,0.5396634936332703,0.013221144676208496,0.018629789352416992,0.0302581787109375
FisheyeCamera_1_00188_png.rf.00f449ddefd9ae3b4e0066388d558a1f.jpg,1,0.4305889457464218,0.4248798191547394,0.015024036169052124,0.015625,0.0272064208984375
FisheyeCamera_1_00188_png.rf.00f449ddefd9ae3b4e0066388d558a1f.jpg,0,0.430588960647583,0.4248798191547394,0.013221144676208496,0.015625,0.0181121826171875
FisheyeCamera_1_00188_png.rf.00f449ddefd9ae3b4e0066388d558a1f.jpg,0,0.43088944256305695,0.42007213830947876,0.013221174478530884,0.014423072338104248,0.01287841796875
FisheyeCamera_1_00188_png.rf.00f449ddefd9ae3b4e0066388d558a1f.jpg,2,0.6424278914928436,0.5396634936332703,0.012019217014312744,0.018028855323791504,0.004634857177734375
FisheyeCamera_1_00188_png.rf.00f449ddefd9ae3b4e0066388d558a1f.jpg,1,0.35817308723926544,0.4140625149011612,0.008413463830947876,0.009615391492843628,0.0042724609375
FisheyeCamera_1_00188_png.rf.00f449ddefd9ae3b4e0066388d558a1f.jpg,1,0.38010819256305695,0.4140625149011612,0.012019246816635132,0.008413463830947876,0.0021648406982421875
FisheyeCamera_1_00188_png.rf.00f449ddefd9ae3b4e0066388d558a1f.jpg,11,0.6424278914928436,0.5390625,0.012019217014312744,0.020432710647583008,0.002132415771484375
FisheyeCamera_1_00188_png.rf.00f449ddefd9ae3b4e0066388d558a1f.jpg,1,0.3921274244785309,0.41616588830947876,0.009014427661895752,0.0078125,0.001972198486328125
FisheyeCamera_1_00192_png.rf.8b76c1a5e91fd1bd129ae7a99a2cd4fc.jpg,1,0.33000696568112625,0.48557694256305695,0.013062996299643248,0.009615391492843628,0.1043701171875
FisheyeCamera_1_00192_png.rf.8b76c1a5e91fd1bd129ae7a99a2cd4fc.jpg,0,0.38852164149284363,0.5255408883094788,0.011418282985687256,0.008413434028625488,0.07403564453125
FisheyeCamera_1_00192_png.rf.8b76c1a5e91fd1bd129ae7a99a2cd4fc.jpg,1,0.3287259638309479,0.4822716563940048,0.0078125,0.005408674478530884,0.06085205078125
FisheyeCamera_1_00192_png.rf.8b76c1a5e91fd1bd129ae7a99a2cd4fc.jpg,9,0.33462306211433235,0.5420481379405466,0.00578455825729024,0.01265851347132374,0.036834716796875
FisheyeCamera_1_00192_png.rf.8b76c1a5e91fd1bd129ae7a99a2cd4fc.jpg,0,0.32872597873210907,0.4822716563940048,0.008413463830947876,0.005408674478530884,0.02630615234375
FisheyeCamera_1_00192_png.rf.8b76c1a5e91fd1bd129ae7a99a2cd4fc.jpg,10,0.30048076808452606,0.5426682829856873,0.008413463830947876,0.010817289352416992,0.025634765625
FisheyeCamera_1_00192_png.rf.8b76c1a5e91fd1bd129ae7a99a2cd4fc.jpg,1,0.325522816448225,0.485075157747262,0.01643021160128405,0.010618961124433501,0.02179718017578125
FisheyeCamera_1_00192_png.rf.8b76c1a5e91fd1bd129ae7a99a2cd4fc.jpg,1,0.29650306462109344,0.4857675193555646,0.008684704480076022,0.00971068107047085,0.021688461303710938
FisheyeCamera_1_00192_png.rf.8b76c1a5e91fd1bd129ae7a99a2cd4fc.jpg,10,0.28335337340831757,0.5420673191547394,0.010216325521469116,0.012019217014312744,0.0153350830078125
FisheyeCamera_1_00192_png.rf.8b76c1a5e91fd1bd129ae7a99a2cd4fc.jpg,1,0.43506476499631774,0.4756453828454251,0.011449669726840195,0.013411733798152192,0.01168060302734375
FisheyeCamera_1_00192_png.rf.8b76c1a5e91fd1bd129ae7a99a2cd4fc.jpg,1,0.2962442803320401,0.4768214859086142,0.010156784045122658,0.012739285635005426,0.008007049560546875
FisheyeCamera_1_00192_png.rf.8b76c1a5e91fd1bd129ae7a99a2cd4fc.jpg,0,0.22671274840831757,0.5324519276618958,0.011117786169052124,0.010817289352416992,0.0067138671875
FisheyeCamera_1_00192_png.rf.8b76c1a5e91fd1bd129ae7a99a2cd4fc.jpg,1,0.40685097873210907,0.48798079788684845,0.013822108507156372,0.008413463830947876,0.00506591796875
FisheyeCamera_1_00192_png.rf.8b76c1a5e91fd1bd129ae7a99a2cd4fc.jpg,9,0.332932710647583,0.536057710647583,0.0078125,0.01923072338104248,0.004669189453125
FisheyeCamera_1_00192_png.rf.8b76c1a5e91fd1bd129ae7a99a2cd4fc.jpg,10,0.29942910373210907,0.5351562798023224,0.01081731915473938,0.016225993633270264,0.0032939910888671875
FisheyeCamera_1_00192_png.rf.8b76c1a5e91fd1bd129ae7a99a2cd4fc.jpg,1,0.43329328298568726,0.48798078298568726,0.012620210647583008,0.013221144676208496,0.0030612945556640625
FisheyeCamera_1_00192_png.rf.8b76c1a5e91fd1bd129ae7a99a2cd4fc.jpg,0,0.3828125,0.5294471383094788,0.015625,0.007211565971374512,0.00287628173828125
FisheyeCamera_1_00192_png.rf.8b76c1a5e91fd1bd129ae7a99a2cd4fc.jpg,1,0.40745194256305695,0.47686299681663513,0.013221174478530884,0.013221144676208496,0.002735137939453125
FisheyeCamera_1_00192_png.rf.8b76c1a5e91fd1bd129ae7a99a2cd4fc.jpg,0,0.2319711595773697,0.533052921295166,0.016826927661895752,0.010817289352416992,0.002368927001953125
FisheyeCamera_1_00192_png.rf.8b76c1a5e91fd1bd129ae7a99a2cd4fc.jpg,1,0.28155049681663513,0.48557694256305695,0.012620210647583008,0.01081731915473938,0.0021648406982421875
FisheyeCamera_1_00210_png.rf.4d971213ecb5e0c4b1fd2e884c67d93f.jpg,0,0.5696618542757652,0.12230810186050775,0.05168267838069196,0.04150476827080013,0.767578125
FisheyeCamera_1_00210_png.rf.4d971213ecb5e0c4b1fd2e884c67d93f.jpg,0,0.7650172783694611,0.19869037619836427,0.03547708015665607,0.024956871047421808,0.4215087890625
FisheyeCamera_1_00210_png.rf.4d971213ecb5e0c4b1fd2e884c67d93f.jpg,1,0.5873333552644695,0.46905049681663513,0.012871813007784616,0.00961536169052124,0.24591064453125
FisheyeCamera_1_00210_png.rf.4d971213ecb5e0c4b1fd2e884c67d93f.jpg,1,0.5162259936332703,0.4672476202249527,0.013221144676208496,0.009615391492843628,0.11273193359375
FisheyeCamera_1_00210_png.rf.4d971213ecb5e0c4b1fd2e884c67d93f.jpg,4,0.516526460647583,0.46694712340831757,0.013822078704833984,0.009615391492843628,0.005558013916015625
FisheyeCamera_1_00211_png.rf.24505de880f58d7fdefebf4637e4fddc.jpg,1,0.611649704641766,0.4546414699933538,0.012389942101591833,0.007211536169052124,0.63720703125
FisheyeCamera_1_00211_png.rf.24505de880f58d7fdefebf4637e4fddc.jpg,10,0.551682710647583,0.5468750298023224,0.008413434028625488,0.00961536169052124,0.1915283203125
FisheyeCamera_1_00211_png.rf.24505de880f58d7fdefebf4637e4fddc.jpg,0,0.6959134936332703,0.5130887224778378,0.01201927661895752,0.007211519503551034,0.154388427734375
FisheyeCamera_1_00211_png.rf.24505de880f58d7fdefebf4637e4fddc.jpg,1,0.571213960647583,0.46514424681663513,0.010216355323791504,0.012019217014312744,0.104736328125
FisheyeCamera_1_00211_png.rf.24505de880f58d7fdefebf4637e4fddc.jpg,1,0.5699916962494087,0.45774939291997563,0.01012469191454446,0.012528547238336019,0.08008575439453125
FisheyeCamera_1_00211_png.rf.24505de880f58d7fdefebf4637e4fddc.jpg,10,0.5498798191547394,0.5444711744785309,0.006610572338104248,0.010817348957061768,0.0618896484375
FisheyeCamera_1_00211_png.rf.24505de880f58d7fdefebf4637e4fddc.jpg,1,0.5685096383094788,0.465745210647583,0.010817289352416992,0.012620210647583008,0.037109375
FisheyeCamera_1_00211_png.rf.24505de880f58d7fdefebf4637e4fddc.jpg,1,0.6161109704110357,0.454089153787972,0.017778059177928518,0.006009608507156372,0.02471923828125
FisheyeCamera_1_00211_png.rf.24505de880f58d7fdefebf4637e4fddc.jpg,9,0.6051682829856873,0.5234375,0.010817289352416992,0.036658644676208496,0.0210418701171875
FisheyeCamera_1_00211_png.rf.24505de880f58d7fdefebf4637e4fddc.jpg,0,0.6917067766189575,0.512620210647583,0.018028855323791504,0.0078125,0.00913238525390625
FisheyeCamera_1_00211_png.rf.24505de880f58d7fdefebf4637e4fddc.jpg,1,0.5537860691547394,0.4663461744785309,0.01742786169052124,0.00961536169052124,0.00695037841796875
FisheyeCamera_1_00211_png.rf.24505de880f58d7fdefebf4637e4fddc.jpg,0,0.5106984214295665,0.5468332494503191,0.0066523547620317425,0.009377566240175605,0.0057888031005859375
FisheyeCamera_1_00211_png.rf.24505de880f58d7fdefebf4637e4fddc.jpg,1,0.6382211744785309,0.4531250149011612,0.012019217014312744,0.007211536169052124,0.005245208740234375
FisheyeCamera_1_00211_png.rf.24505de880f58d7fdefebf4637e4fddc.jpg,10,0.5631009936332703,0.5474759936332703,0.010216355323791504,0.0078125,0.0049285888671875
FisheyeCamera_1_00211_png.rf.24505de880f58d7fdefebf4637e4fddc.jpg,10,0.552584171295166,0.5372596383094788,0.010216355323791504,0.018028855323791504,0.00217437744140625
FisheyeCamera_1_00211_png.rf.24505de880f58d7fdefebf4637e4fddc.jpg,10,0.5486778914928436,0.5351562798023224,0.006610572338104248,0.014423072338104248,0.0016241073608398438
FisheyeCamera_1_00217_png.rf.52a2654765cd7c1fa0628228c93f63c6.jpg,9,0.9080221505869902,0.4558447296624474,0.04681345858364838,0.09906634821581539,0.863037109375
FisheyeCamera_1_00217_png.rf.52a2654765cd7c1fa0628228c93f63c6.jpg,1,0.6715280919664384,0.43981094778420915,0.015116948009872289,0.011083699913501499,0.36517333984375
FisheyeCamera_1_00217_png.rf.52a2654765cd7c1fa0628228c93f63c6.jpg,10,0.6705112340372502,0.5373103625179242,0.014423088392466088,0.016859082694480554,0.32177734375
FisheyeCamera_1_00217_png.rf.52a2654765cd7c1fa0628228c93f63c6.jpg,0,0.8112981021404266,0.4967852724948217,0.012019217014312744,0.013011211728826466,0.31292724609375
FisheyeCamera_1_00217_png.rf.52a2654765cd7c1fa0628228c93f63c6.jpg,10,0.6752216157235267,0.5391654129618908,0.014941466467070064,0.015633615968902448,0.3065185546875
FisheyeCamera_1_00217_png.rf.52a2654765cd7c1fa0628228c93f63c6.jpg,1,0.7306041888821542,0.426682710647583,0.016280133423345,0.012019217014312744,0.230224609375
FisheyeCamera_1_00217_png.rf.52a2654765cd7c1fa0628228c93f63c6.jpg,10,0.9074519574642181,0.4555288702249527,0.04567307233810425,0.09855768084526062,0.1943359375
FisheyeCamera_1_00217_png.rf.52a2654765cd7c1fa0628228c93f63c6.jpg,1,0.6742788851261139,0.4373477656301763,0.016826927661895752,0.011116462194714738,0.143829345703125
FisheyeCamera_1_00217_png.rf.52a2654765cd7c1fa0628228c93f63c6.jpg,0,0.8112981021404266,0.5024038702249527,0.012019217014312744,0.014423102140426636,0.1045684814453125
FisheyeCamera_1_00217_png.rf.52a2654765cd7c1fa0628228c93f63c6.jpg,1,0.6712903577561786,0.44416603761318096,0.016730959640770426,0.015561021319249746,0.09259033203125
FisheyeCamera_1_00217_png.rf.52a2654765cd7c1fa0628228c93f63c6.jpg,1,0.7320252027213972,0.4203146344993287,0.017064137230349052,0.014706864000208653,0.0799407958984375
FisheyeCamera_1_00217_png.rf.52a2654765cd7c1fa0628228c93f63c6.jpg,0,0.8062757580336778,0.49678057452738594,0.01639766074356408,0.01300651121704266,0.0740814208984375
FisheyeCamera_1_00217_png.rf.52a2654765cd7c1fa0628228c93f63c6.jpg,1,0.7620192468166351,0.4170673340559006,0.00961536169052124,0.009615391492843628,0.0310516357421875
FisheyeCamera_1_00217_png.rf.52a2654765cd7c1fa0628228c93f63c6.jpg,0,0.6730769574642181,0.4423076957464218,0.014423072338104248,0.007211536169052124,0.0153961181640625
FisheyeCamera_1_00217_png.rf.52a2654765cd7c1fa0628228c93f63c6.jpg,0,0.8058894276618958,0.5027043521404266,0.015625,0.01382213830947876,0.01313018798828125
FisheyeCamera_1_00217_png.rf.52a2654765cd7c1fa0628228c93f63c6.jpg,0,0.6868990659713745,0.4960937649011612,0.01201927661895752,0.012019246816635132,0.004634857177734375
FisheyeCamera_1_00220_png.rf.6acc163250abe71757f269a3c59caf52.jpg,10,0.6080367511439956,0.5397745429487917,0.012019217014312744,0.018463220764275312,0.53369140625
FisheyeCamera_1_00220_png.rf.6acc163250abe71757f269a3c59caf52.jpg,1,0.6043307330664687,0.43661986314874934,0.015625,0.010452941412062156,0.465087890625
FisheyeCamera_1_00220_png.rf.6acc163250abe71757f269a3c59caf52.jpg,1,0.6685462068301535,0.42631967048222746,0.013524855343649,0.012745297345023832,0.4305877685546875
FisheyeCamera_1_00220_png.rf.6acc163250abe71757f269a3c59caf52.jpg,0,0.7410477104839452,0.5058438620452798,0.010693132270024552,0.008744986557023493,0.33544921875
FisheyeCamera_1_00220_png.rf.6acc163250abe71757f269a3c59caf52.jpg,1,0.5997596383094788,0.4405048191547394,0.016826868057250977,0.009014427661895752,0.11199951171875
FisheyeCamera_1_00220_png.rf.6acc163250abe71757f269a3c59caf52.jpg,1,0.6684744677673727,0.4210835389533586,0.013250542718738378,0.015243945963968109,0.04055023193359375
FisheyeCamera_1_00220_png.rf.6acc163250abe71757f269a3c59caf52.jpg,0,0.7430664870199906,0.49805811870733196,0.013311020943147955,0.016225970724483618,0.033725738525390625
FisheyeCamera_1_00220_png.rf.6acc163250abe71757f269a3c59caf52.jpg,1,0.6034897685264857,0.44354594055046304,0.01675428464367068,0.01710656274591338,0.0255126953125
FisheyeCamera_1_00220_png.rf.6acc163250abe71757f269a3c59caf52.jpg,1,0.5940906269983812,0.4376186711121012,0.020417333326556486,0.012746537866240193,0.01611328125
FisheyeCamera_1_00220_png.rf.6acc163250abe71757f269a3c59caf52.jpg,1,0.6168201643759044,0.435288090434374,0.017127394676208496,0.007211536169052124,0.01311492919921875
FisheyeCamera_1_00220_png.rf.6acc163250abe71757f269a3c59caf52.jpg,0,0.868990421295166,0.4365985840559006,0.01923072338104248,0.016225963830947876,0.01012420654296875
FisheyeCamera_1_00220_png.rf.6acc163250abe71757f269a3c59caf52.jpg,1,0.8701923191547394,0.43569713830947876,0.012019217014312744,0.013221144676208496,0.0086517333984375
FisheyeCamera_1_00220_png.rf.6acc163250abe71757f269a3c59caf52.jpg,11,0.4158654063940048,0.5408653914928436,0.007211536169052124,0.014423072338104248,0.006072998046875
FisheyeCamera_1_00220_png.rf.6acc163250abe71757f269a3c59caf52.jpg,1,0.5943509936332703,0.44591347873210907,0.018028855323791504,0.012019246816635132,0.004222869873046875
FisheyeCamera_1_00220_png.rf.6acc163250abe71757f269a3c59caf52.jpg,0,0.6009615659713745,0.4408053159713745,0.026442289352416992,0.009014427661895752,0.0024814605712890625
FisheyeCamera_1_00220_png.rf.6acc163250abe71757f269a3c59caf52.jpg,0,0.5279447436332703,0.5465745329856873,0.008413434028625488,0.01201927661895752,0.0020427703857421875
FisheyeCamera_1_00220_png.rf.6acc163250abe71757f269a3c59caf52.jpg,1,0.6965144276618958,0.41766828298568726,0.015625,0.010817289352416992,0.0015439987182617188
FisheyeCamera_1_00226_png.rf.7d72b3baff7cf67a16920de5566fc362.jpg,10,0.45492789149284363,0.5366440491503138,0.016255184685059598,0.025298831751979334,0.83349609375
FisheyeCamera_1_00226_png.rf.7d72b3baff7cf67a16920de5566fc362.jpg,1,0.5352525494356719,0.40669052058568644,0.01993221963729075,0.014029301590244903,0.6504669189453125
FisheyeCamera_1_00226_png.rf.7d72b3baff7cf67a16920de5566fc362.jpg,1,0.45372597873210907,0.4171624255201877,0.01433487399677369,0.01017224125196503,0.608642578125
FisheyeCamera_1_00226_png.rf.7d72b3baff7cf67a16920de5566fc362.jpg,0,0.5986165721419214,0.512080187334234,0.014305408954072063,0.00829161259807265,0.3184814453125
FisheyeCamera_1_00226_png.rf.7d72b3baff7cf67a16920de5566fc362.jpg,0,0.5945476680362638,0.5130135858243914,0.01601834880598696,0.008621078855908682,0.2153472900390625
FisheyeCamera_1_00226_png.rf.7d72b3baff7cf67a16920de5566fc362.jpg,1,0.4541382662163904,0.42334014663759334,0.014686282939062656,0.019379851494271016,0.0634765625
FisheyeCamera_1_00226_png.rf.7d72b3baff7cf67a16920de5566fc362.jpg,0,0.46344056818988744,0.4910758609094187,0.01665067778182522,0.007251903725725428,0.04560279846191406
FisheyeCamera_1_00226_png.rf.7d72b3baff7cf67a16920de5566fc362.jpg,0,0.5991586744785309,0.5306490659713745,0.013221204280853271,0.013221144676208496,0.0188751220703125
FisheyeCamera_1_00226_png.rf.7d72b3baff7cf67a16920de5566fc362.jpg,1,0.5348557829856873,0.40264424681663513,0.018028855323791504,0.018028855323791504,0.0162353515625
FisheyeCamera_1_00226_png.rf.7d72b3baff7cf67a16920de5566fc362.jpg,1,0.43629808723926544,0.4170673191547394,0.019831746816635132,0.012019217014312744,0.01427459716796875
FisheyeCamera_1_00226_png.rf.7d72b3baff7cf67a16920de5566fc362.jpg,1,0.533052921295166,0.4092548191547394,0.028846144676208496,0.013221144676208496,0.00981903076171875
FisheyeCamera_1_00226_png.rf.7d72b3baff7cf67a16920de5566fc362.jpg,0,0.7608173191547394,0.45132213830947876,0.012019217014312744,0.014423072338104248,0.0038776397705078125
FisheyeCamera_1_00226_png.rf.7d72b3baff7cf67a16920de5566fc362.jpg,1,0.4603365510702133,0.4158654063940048,0.024038463830947876,0.008413463830947876,0.0035877227783203125
FisheyeCamera_1_00226_png.rf.7d72b3baff7cf67a16920de5566fc362.jpg,0,0.48317310214042664,0.4915865510702133,0.014423072338104248,0.006009608507156372,0.0027446746826171875
FisheyeCamera_1_00226_png.rf.7d72b3baff7cf67a16920de5566fc362.jpg,0,0.46364183723926544,0.47776444256305695,0.015024036169052124,0.018028825521469116,0.002471923828125
FisheyeCamera_1_00226_png.rf.7d72b3baff7cf67a16920de5566fc362.jpg,0,0.5931490659713745,0.5324519574642181,0.013822078704833984,0.011418282985687256,0.0022430419921875
FisheyeCamera_1_00226_png.rf.7d72b3baff7cf67a16920de5566fc362.jpg,0,0.3611779063940048,0.5414663553237915,0.01081731915473938,0.013822078704833984,0.002140045166015625
FisheyeCamera_1_00226_png.rf.7d72b3baff7cf67a16920de5566fc362.jpg,1,0.5709134638309479,0.40745194256305695,0.016826927661895752,0.01262018084526062,0.002124786376953125
FisheyeCamera_1_00226_png.rf.7d72b3baff7cf67a16920de5566fc362.jpg,1,0.43329328298568726,0.4266826957464218,0.019230782985687256,0.015024036169052124,0.0019121170043945312
FisheyeCamera_1_00226_png.rf.7d72b3baff7cf67a16920de5566fc362.jpg,9,0.668870210647583,0.46754810214042664,0.015625,0.018028855323791504,0.0017690658569335938
FisheyeCamera_1_00236_png.rf.0430c4632b606485510e1a18b73dffab.jpg,1,0.4412666239602988,0.3093555697067206,0.03133478418250707,0.0199165309991422,0.577880859375
FisheyeCamera_1_00236_png.rf.0430c4632b606485510e1a18b73dffab.jpg,1,0.32164386396333433,0.33256895352057714,0.021162476845355715,0.01305064955194507,0.5339279174804688
FisheyeCamera_1_00236_png.rf.0430c4632b606485510e1a18b73dffab.jpg,0,0.5279447138309479,0.5078125298023224,0.01742786169052124,0.008413493633270264,0.31591796875
FisheyeCamera_1_00236_png.rf.0430c4632b606485510e1a18b73dffab.jpg,0,0.5306490361690521,0.5042067468166351,0.016826927661895752,0.012019217014312744,0.1796875
FisheyeCamera_1_00236_png.rf.0430c4632b606485510e1a18b73dffab.jpg,1,0.15159255266189575,0.48016828298568726,0.02043268084526062,0.07331728935241699,0.1536865234375
FisheyeCamera_1_00236_png.rf.0430c4632b606485510e1a18b73dffab.jpg,10,0.14933894574642181,0.481370210647583,0.022836536169052124,0.07331728935241699,0.1414794921875
FisheyeCamera_1_00236_png.rf.0430c4632b606485510e1a18b73dffab.jpg,6,0.15054086595773697,0.4798678159713745,0.022536054253578186,0.07512021064758301,0.098388671875
FisheyeCamera_1_00236_png.rf.0430c4632b606485510e1a18b73dffab.jpg,9,0.14978966861963272,0.4807692617177963,0.023437514901161194,0.07331731915473938,0.09478759765625
FisheyeCamera_1_00236_png.rf.0430c4632b606485510e1a18b73dffab.jpg,0,0.3513366856848118,0.44638300650417717,0.014198517542104161,0.015362157684562783,0.02527618408203125
FisheyeCamera_1_00236_png.rf.0430c4632b606485510e1a18b73dffab.jpg,0,0.5309495329856873,0.49819712340831757,0.015024065971374512,0.016826897859573364,0.0130767822265625
FisheyeCamera_1_00236_png.rf.0430c4632b606485510e1a18b73dffab.jpg,1,0.32151442766189575,0.32692308723926544,0.016826927661895752,0.022836536169052124,0.0097503662109375
FisheyeCamera_1_00236_png.rf.0430c4632b606485510e1a18b73dffab.jpg,0,0.6069711744785309,0.49248799681663513,0.008413493633270264,0.010216355323791504,0.0093841552734375
FisheyeCamera_1_00236_png.rf.0430c4632b606485510e1a18b73dffab.jpg,1,0.313401460647583,0.33413463830947876,0.036658644676208496,0.018028855323791504,0.00676727294921875
FisheyeCamera_1_00236_png.rf.0430c4632b606485510e1a18b73dffab.jpg,0,0.5279447436332703,0.5354567468166351,0.012620210647583008,0.01802879571914673,0.00658416748046875
FisheyeCamera_1_00236_png.rf.0430c4632b606485510e1a18b73dffab.jpg,1,0.29897837340831757,0.3389423340559006,0.02644231915473938,0.016225963830947876,0.0062408447265625
FisheyeCamera_1_00236_png.rf.0430c4632b606485510e1a18b73dffab.jpg,0,0.7662259638309479,0.4179687649011612,0.014423072338104248,0.014423102140426636,0.0047607421875
FisheyeCamera_1_00236_png.rf.0430c4632b606485510e1a18b73dffab.jpg,0,0.6081731021404266,0.5102163553237915,0.013221204280853271,0.009615421295166016,0.003170013427734375
FisheyeCamera_1_00236_png.rf.0430c4632b606485510e1a18b73dffab.jpg,1,0.35036060214042664,0.3326322138309479,0.015625,0.009014427661895752,0.002864837646484375
FisheyeCamera_1_00236_png.rf.0430c4632b606485510e1a18b73dffab.jpg,1,0.5114183127880096,0.31069712340831757,0.014423072338104248,0.013822108507156372,0.0028095245361328125
FisheyeCamera_1_00236_png.rf.0430c4632b606485510e1a18b73dffab.jpg,0,0.6087740659713745,0.5060096383094788,0.009615421295166016,0.008413434028625488,0.00243377685546875
FisheyeCamera_1_00241_png.rf.0a91cee963570ac96487635995bdb385.jpg,1,0.48276843440664885,0.20683495435968227,0.03909934970652912,0.02884615957736969,0.74853515625
FisheyeCamera_1_00241_png.rf.0a91cee963570ac96487635995bdb385.jpg,1,0.3280218808764551,0.2681835538035974,0.029404473997355518,0.021819559301668068,0.4317626953125
FisheyeCamera_1_00241_png.rf.0a91cee963570ac96487635995bdb385.jpg,0,0.5993594733073132,0.5025156428280729,0.015765772740424122,0.01419955693418623,0.3079833984375
FisheyeCamera_1_00241_png.rf.0a91cee963570ac96487635995bdb385.jpg,0,0.5986757389955109,0.49776357965893253,0.017260453583821556,0.015191446724658664,0.24957275390625
FisheyeCamera_1_00241_png.rf.0a91cee963570ac96487635995bdb385.jpg,9,0.5486539002955877,0.5451441965435602,0.00480770588292978,0.008461476027782022,0.09539413452148438
FisheyeCamera_1_00241_png.rf.0a91cee963570ac96487635995bdb385.jpg,0,0.6814903914928436,0.49579329788684845,0.014423072338104248,0.012019246816635132,0.00997161865234375
FisheyeCamera_1_00241_png.rf.0a91cee963570ac96487635995bdb385.jpg,0,0.41436299681663513,0.5144230723381042,0.010216355323791504,0.013221144676208496,0.007770538330078125
FisheyeCamera_1_00241_png.rf.0a91cee963570ac96487635995bdb385.jpg,0,0.5895433127880096,0.5423677861690521,0.006610572338104248,0.011418282985687256,0.0066375732421875
FisheyeCamera_1_00241_png.rf.0a91cee963570ac96487635995bdb385.jpg,0,0.5904447138309479,0.5357572436332703,0.009014427661895752,0.01622593402862549,0.00582122802734375
FisheyeCamera_1_00241_png.rf.0a91cee963570ac96487635995bdb385.jpg,0,0.5997596383094788,0.5324519574642181,0.013221144676208496,0.02163463830947876,0.00579833984375
FisheyeCamera_1_00241_png.rf.0a91cee963570ac96487635995bdb385.jpg,0,0.2728365510702133,0.46935097873210907,0.012019246816635132,0.02043268084526062,0.0033855438232421875
FisheyeCamera_1_00241_png.rf.0a91cee963570ac96487635995bdb385.jpg,0,0.3954326957464218,0.5486778914928436,0.008413463830947876,0.00961536169052124,0.0030612945556640625
FisheyeCamera_1_00241_png.rf.0a91cee963570ac96487635995bdb385.jpg,1,0.5838341414928436,0.19846755266189575,0.01382213830947876,0.010216355323791504,0.0021915435791015625
FisheyeCamera_1_00241_png.rf.0a91cee963570ac96487635995bdb385.jpg,0,0.8882211744785309,0.41045674681663513,0.016826927661895752,0.016826927661895752,0.0017414093017578125
FisheyeCamera_1_00261_png.rf.c0c9ac3dd888805ed70d40a9e7900e3a.jpg,0,0.36304997290043456,0.4535963053177846,0.03925700599425719,0.023299120170505394,0.7421875
FisheyeCamera_1_00261_png.rf.c0c9ac3dd888805ed70d40a9e7900e3a.jpg,1,0.26695332894092805,0.5093149175717593,0.015276808924794383,0.006889122435560058,0.0286407470703125
FisheyeCamera_1_00261_png.rf.c0c9ac3dd888805ed70d40a9e7900e3a.jpg,1,0.271395161232413,0.5100966227514284,0.01490202649223582,0.006249043849560154,0.027896881103515625
FisheyeCamera_1_00261_png.rf.c0c9ac3dd888805ed70d40a9e7900e3a.jpg,1,0.4086538702249527,0.46694712340831757,0.01081731915473938,0.009615391492843628,0.005558013916015625
FisheyeCamera_1_00267_png.rf.e7e80a009eb99f729616d8e28eddbc50.jpg,0,0.5863785807839326,0.5350917668629019,0.006554481358957198,0.014492928611336664,0.6285171508789062
FisheyeCamera_1_00267_png.rf.e7e80a009eb99f729616d8e28eddbc50.jpg,0,0.7117101975849697,0.42402130578245434,0.033653855323791504,0.017857138599668254,0.533203125
FisheyeCamera_1_00267_png.rf.e7e80a009eb99f729616d8e28eddbc50.jpg,13,0.697115421295166,0.5408280218516163,0.009615421295166016,0.014497811620558965,0.388671875
FisheyeCamera_1_00267_png.rf.e7e80a009eb99f729616d8e28eddbc50.jpg,13,0.697115421295166,0.536057710647583,0.009615421295166016,0.015625,0.2218017578125
FisheyeCamera_1_00267_png.rf.e7e80a009eb99f729616d8e28eddbc50.jpg,11,0.4321840460105473,0.5487227822258189,0.0063803300339397295,0.008413434028625488,0.03064727783203125
FisheyeCamera_1_00267_png.rf.e7e80a009eb99f729616d8e28eddbc50.jpg,1,0.06783353537321091,0.49248799681663513,0.006460338830947876,0.009014427661895752,0.0106048583984375
FisheyeCamera_1_00267_png.rf.e7e80a009eb99f729616d8e28eddbc50.jpg,0,0.567307710647583,0.5342548489570618,0.008413434028625488,0.013221144676208496,0.00768280029296875
FisheyeCamera_1_00267_png.rf.e7e80a009eb99f729616d8e28eddbc50.jpg,0,0.5465745627880096,0.5288461744785309,0.009014427661895752,0.00961536169052124,0.007114410400390625
FisheyeCamera_1_00267_png.rf.e7e80a009eb99f729616d8e28eddbc50.jpg,0,0.5489783883094788,0.5324519574642181,0.010817289352416992,0.012019217014312744,0.002323150634765625
FisheyeCamera_1_00267_png.rf.e7e80a009eb99f729616d8e28eddbc50.jpg,0,0.7373798191547394,0.4744591563940048,0.016826927661895752,0.013822108507156372,0.0020427703857421875
FisheyeCamera_1_00267_png.rf.e7e80a009eb99f729616d8e28eddbc50.jpg,0,0.7175481021404266,0.4399038553237915,0.024038493633270264,0.04567307233810425,0.0018682479858398438
FisheyeCamera_1_00267_png.rf.e7e80a009eb99f729616d8e28eddbc50.jpg,0,0.5606971383094788,0.489182710647583,0.014423131942749023,0.007211565971374512,0.0017213821411132812
FisheyeCamera_1_00270_png.rf.95aa5ad31030ab9cd336ee5b10d9877e.jpg,0,0.733749766891924,0.40219959871328687,0.04158785192605707,0.022259885716209737,0.585693359375
FisheyeCamera_1_00270_png.rf.95aa5ad31030ab9cd336ee5b10d9877e.jpg,0,0.5739373189985819,0.5342167856073325,0.013259216701997811,0.013571050181376276,0.3258056640625
FisheyeCamera_1_00270_png.rf.95aa5ad31030ab9cd336ee5b10d9877e.jpg,0,0.5793360074934253,0.5345800640731182,0.014404972279690065,0.013835376586688208,0.3174018859863281
FisheyeCamera_1_00270_png.rf.95aa5ad31030ab9cd336ee5b10d9877e.jpg,13,0.7007211744785309,0.5402644276618958,0.007211506366729736,0.015625,0.290771484375
FisheyeCamera_1_00270_png.rf.95aa5ad31030ab9cd336ee5b10d9877e.jpg,13,0.7020529327013635,0.5373004442019178,0.0072115192435520115,0.017038423173944328,0.170501708984375
FisheyeCamera_1_00270_png.rf.95aa5ad31030ab9cd336ee5b10d9877e.jpg,11,0.4143729977275889,0.547466000420874,0.007211536169052124,0.008102981004520227,0.04034423828125
FisheyeCamera_1_00270_png.rf.95aa5ad31030ab9cd336ee5b10d9877e.jpg,1,0.4789663702249527,0.559495210647583,0.009615391492843628,0.04206728935241699,0.00955963134765625
FisheyeCamera_1_00270_png.rf.95aa5ad31030ab9cd336ee5b10d9877e.jpg,1,0.7019231021404266,0.5402644276618958,0.007211506366729736,0.015625,0.00783538818359375
FisheyeCamera_1_00270_png.rf.95aa5ad31030ab9cd336ee5b10d9877e.jpg,1,0.1948617845773697,0.5240384638309479,0.014122605323791504,0.019230782985687256,0.00582122802734375
FisheyeCamera_1_00270_png.rf.95aa5ad31030ab9cd336ee5b10d9877e.jpg,1,0.47716347873210907,0.5432692468166351,0.012019246816635132,0.010817348957061768,0.0032062530517578125
FisheyeCamera_1_00270_png.rf.95aa5ad31030ab9cd336ee5b10d9877e.jpg,0,0.5462740361690521,0.5336538851261139,0.009014427661895752,0.012019217014312744,0.0025691986083984375
FisheyeCamera_1_00270_png.rf.95aa5ad31030ab9cd336ee5b10d9877e.jpg,4,0.47836539149284363,0.5558894276618958,0.0078125,0.03605771064758301,0.0020999908447265625
FisheyeCamera_1_00270_png.rf.95aa5ad31030ab9cd336ee5b10d9877e.jpg,11,0.19065506011247635,0.5234375298023224,0.015925481915473938,0.019230782985687256,0.00208282470703125
FisheyeCamera_1_00270_png.rf.95aa5ad31030ab9cd336ee5b10d9877e.jpg,11,0.04574819840490818,0.4897836744785309,0.0076622627675533295,0.01382213830947876,0.0015621185302734375
FisheyeCamera_1_00284_png.rf.df08994dee0c127d4b601c180cabe984.jpg,13,0.8439904153347015,0.5176682770252228,0.014903843402862549,0.024038469791412442,0.68603515625
FisheyeCamera_1_00284_png.rf.df08994dee0c127d4b601c180cabe984.jpg,0,0.5993562616093058,0.525240421295166,0.012826030019303492,0.020432710647583008,0.606689453125
FisheyeCamera_1_00284_png.rf.df08994dee0c127d4b601c180cabe984.jpg,11,0.3768029020270416,0.545709394083213,0.007035416543392403,0.008838299302309616,0.27886962890625
FisheyeCamera_1_00284_png.rf.df08994dee0c127d4b601c180cabe984.jpg,1,0.4690505048509441,0.5360106271148684,0.0066576696045232975,0.015530832934570804,0.1978759765625
FisheyeCamera_1_00284_png.rf.df08994dee0c127d4b601c180cabe984.jpg,0,0.5948594939795866,0.5250323879631624,0.016642000692632553,0.02043266021362855,0.04695892333984375
FisheyeCamera_1_00284_png.rf.df08994dee0c127d4b601c180cabe984.jpg,1,0.4429086744785309,0.5625000298023224,0.013221144676208496,0.04567307233810425,0.0119781494140625
FisheyeCamera_1_00284_png.rf.df08994dee0c127d4b601c180cabe984.jpg,1,0.46935097873210907,0.5396634638309479,0.007211536169052124,0.016826927661895752,0.007801055908203125
FisheyeCamera_1_00284_png.rf.df08994dee0c127d4b601c180cabe984.jpg,9,0.44020433723926544,0.5444711744785309,0.015024036169052124,0.011418282985687256,0.00296783447265625
FisheyeCamera_1_00284_png.rf.df08994dee0c127d4b601c180cabe984.jpg,1,0.5631009638309479,0.46995194256305695,0.012019217014312744,0.009615391492843628,0.002887725830078125
FisheyeCamera_1_00284_png.rf.df08994dee0c127d4b601c180cabe984.jpg,1,0.5468750298023224,0.47325722873210907,0.014423072338104248,0.011418253183364868,0.002208709716796875
FisheyeCamera_1_00284_png.rf.df08994dee0c127d4b601c180cabe984.jpg,11,0.30198317766189575,0.5315504968166351,0.0078125,0.00961536169052124,0.0016756057739257812
FisheyeCamera_1_00284_png.rf.df08994dee0c127d4b601c180cabe984.jpg,0,0.14558293670415878,0.5156250298023224,0.009915873408317566,0.02163463830947876,0.001598358154296875
FisheyeCamera_1_00290_png.rf.91cbdd1f1a37946759ea72fb0380bba6.jpg,0,0.6085243493924519,0.5192307829856873,0.009615396527838604,0.023539025638107836,0.660400390625
FisheyeCamera_1_00290_png.rf.91cbdd1f1a37946759ea72fb0380bba6.jpg,13,0.9468482171071516,0.49726240821015266,0.018696315005013675,0.03158372984061103,0.597412109375
FisheyeCamera_1_00290_png.rf.91cbdd1f1a37946759ea72fb0380bba6.jpg,1,0.4550958893743891,0.5349752692571238,0.007211536169052124,0.013124167919158936,0.388671875
FisheyeCamera_1_00290_png.rf.91cbdd1f1a37946759ea72fb0380bba6.jpg,9,0.9471265478976134,0.49818601156908693,0.01806223457935563,0.02890177741255623,0.3331623077392578
FisheyeCamera_1_00290_png.rf.91cbdd1f1a37946759ea72fb0380bba6.jpg,11,0.34975962340831757,0.5441707074642181,0.012019246816635132,0.009014427661895752,0.082275390625
FisheyeCamera_1_00290_png.rf.91cbdd1f1a37946759ea72fb0380bba6.jpg,1,0.38161058723926544,0.5318509936332703,0.013822108507156372,0.020432710647583008,0.01763916015625
FisheyeCamera_1_00290_png.rf.91cbdd1f1a37946759ea72fb0380bba6.jpg,9,0.3491586744785309,0.5435697138309479,0.013221144676208496,0.00961536169052124,0.007564544677734375
FisheyeCamera_1_00290_png.rf.91cbdd1f1a37946759ea72fb0380bba6.jpg,11,0.34405048191547394,0.543870210647583,0.015024036169052124,0.009615421295166016,0.00754547119140625
FisheyeCamera_1_00290_png.rf.91cbdd1f1a37946759ea72fb0380bba6.jpg,1,0.45522837340831757,0.5387620329856873,0.007211536169052124,0.018629789352416992,0.006168365478515625
FisheyeCamera_1_00290_png.rf.91cbdd1f1a37946759ea72fb0380bba6.jpg,9,0.8581731021404266,0.2944711744785309,0.020432651042938232,0.021935105323791504,0.00461578369140625
FisheyeCamera_1_00290_png.rf.91cbdd1f1a37946759ea72fb0380bba6.jpg,9,0.38142589070627037,0.5336786616054519,0.013684263239668981,0.023349274131700737,0.0044155120849609375
FisheyeCamera_1_00290_png.rf.91cbdd1f1a37946759ea72fb0380bba6.jpg,1,0.2764423191547394,0.5288461744785309,0.007211565971374512,0.010817348957061768,0.0017757415771484375
FisheyeCamera_1_00290_png.rf.91cbdd1f1a37946759ea72fb0380bba6.jpg,14,0.9537259936332703,0.49579328298568726,0.033653855323791504,0.037259578704833984,0.0016489028930664062
FisheyeCamera_1_00290_png.rf.f955a15de6fdd0fe95d9c5b0c4a96078.jpg,0,0.6085243493924519,0.5192307829856873,0.009615396527838604,0.023539025638107836,0.660400390625
FisheyeCamera_1_00290_png.rf.f955a15de6fdd0fe95d9c5b0c4a96078.jpg,13,0.9468482171071516,0.49726240821015266,0.018696315005013675,0.03158372984061103,0.597412109375
FisheyeCamera_1_00290_png.rf.f955a15de6fdd0fe95d9c5b0c4a96078.jpg,1,0.4550958893743891,0.5349752692571238,0.007211536169052124,0.013124167919158936,0.388671875
FisheyeCamera_1_00290_png.rf.f955a15de6fdd0fe95d9c5b0c4a96078.jpg,9,0.9471265478976134,0.49818601156908693,0.01806223457935563,0.02890177741255623,0.3331623077392578
FisheyeCamera_1_00290_png.rf.f955a15de6fdd0fe95d9c5b0c4a96078.jpg,11,0.34975962340831757,0.5441707074642181,0.012019246816635132,0.009014427661895752,0.082275390625
FisheyeCamera_1_00290_png.rf.f955a15de6fdd0fe95d9c5b0c4a96078.jpg,1,0.38161058723926544,0.5318509936332703,0.013822108507156372,0.020432710647583008,0.01763916015625
FisheyeCamera_1_00290_png.rf.f955a15de6fdd0fe95d9c5b0c4a96078.jpg,9,0.3491586744785309,0.5435697138309479,0.013221144676208496,0.00961536169052124,0.007564544677734375
FisheyeCamera_1_00290_png.rf.f955a15de6fdd0fe95d9c5b0c4a96078.jpg,11,0.34405048191547394,0.543870210647583,0.015024036169052124,0.009615421295166016,0.00754547119140625
FisheyeCamera_1_00290_png.rf.f955a15de6fdd0fe95d9c5b0c4a96078.jpg,1,0.45522837340831757,0.5387620329856873,0.007211536169052124,0.018629789352416992,0.006168365478515625
FisheyeCamera_1_00290_png.rf.f955a15de6fdd0fe95d9c5b0c4a96078.jpg,9,0.8581731021404266,0.2944711744785309,0.020432651042938232,0.021935105323791504,0.00461578369140625
FisheyeCamera_1_00290_png.rf.f955a15de6fdd0fe95d9c5b0c4a96078.jpg,9,0.38142589070627037,0.5336786616054519,0.013684263239668981,0.023349274131700737,0.0044155120849609375
FisheyeCamera_1_00290_png.rf.f955a15de6fdd0fe95d9c5b0c4a96078.jpg,1,0.2764423191547394,0.5288461744785309,0.007211565971374512,0.010817348957061768,0.0017757415771484375
FisheyeCamera_1_00290_png.rf.f955a15de6fdd0fe95d9c5b0c4a96078.jpg,14,0.9537259936332703,0.49579328298568726,0.033653855323791504,0.037259578704833984,0.0016489028930664062
FisheyeCamera_1_00291_png.rf.a4b3a3a346391124eddbd81e37321a9e.jpg,1,0.19271150558951744,0.299641156613222,0.0671356007574376,0.053634279475808844,0.649658203125
FisheyeCamera_1_00291_png.rf.a4b3a3a346391124eddbd81e37321a9e.jpg,0,0.18689904361963272,0.30048076808452606,0.051682695746421814,0.04867789149284363,0.0148773193359375
FisheyeCamera_1_00291_png.rf.a4b3a3a346391124eddbd81e37321a9e.jpg,1,0.47120956339587416,0.5286234017948451,0.005141839870789255,0.014200310701910857,0.009215354919433594
FisheyeCamera_1_00309_png.rf.9baf1319c3d69171a31f0f50ebacdc0a.jpg,1,0.418870210647583,0.526108147160723,0.010817289352416992,0.019629606345380246,0.698974609375
FisheyeCamera_1_00309_png.rf.9baf1319c3d69171a31f0f50ebacdc0a.jpg,11,0.18731473733981452,0.5227213484532125,0.01118784447511037,0.021223612132373115,0.677490234375
FisheyeCamera_1_00309_png.rf.9baf1319c3d69171a31f0f50ebacdc0a.jpg,0,0.7403846383094788,0.46234752194729845,0.021634578704833984,0.057785395804168194,0.42236328125
FisheyeCamera_1_00309_png.rf.9baf1319c3d69171a31f0f50ebacdc0a.jpg,0,0.6505982170302591,0.4480810893800926,0.014423072338104248,0.013221156734529227,0.0311126708984375
FisheyeCamera_1_00309_png.rf.9baf1319c3d69171a31f0f50ebacdc0a.jpg,1,0.739182710647583,0.4603365510702133,0.021634578704833984,0.05769231915473938,0.0026397705078125
FisheyeCamera_1_00309_png.rf.9baf1319c3d69171a31f0f50ebacdc0a.jpg,1,0.606370210647583,0.317307710647583,0.010817289352416992,0.018028855323791504,0.00170135498046875
FisheyeCamera_1_00336_png.rf.eb5aea9ab930ea9f3e87a30efc02e359.jpg,1,0.6394230880883345,0.4517642855431959,0.029979617931903957,0.07129955312974773,0.85693359375
FisheyeCamera_1_00336_png.rf.eb5aea9ab930ea9f3e87a30efc02e359.jpg,1,0.19919719858155552,0.5038847071012593,0.01021634042263031,0.023566825550074333,0.03458595275878906
FisheyeCamera_1_00336_png.rf.eb5aea9ab930ea9f3e87a30efc02e359.jpg,12,0.3534724639223078,0.5456731021404266,0.005450026015078768,0.007211506366729736,0.01717376708984375
FisheyeCamera_1_00352_png.rf.488fe71bd8e0ab809f08a8ae311256f8.jpg,12,0.4477163702249527,0.5472353529023711,0.008413463830947876,0.011057363609721538,0.50732421875
FisheyeCamera_1_00352_png.rf.488fe71bd8e0ab809f08a8ae311256f8.jpg,13,0.21662508863172653,0.5327093010153101,0.009057533384129984,0.011303747146858556,0.37310791015625
FisheyeCamera_1_00352_png.rf.488fe71bd8e0ab809f08a8ae311256f8.jpg,0,0.1711906466203843,0.4818295259388983,0.014039208324543057,0.03687575939475635,0.07257080078125
FisheyeCamera_1_00352_png.rf.488fe71bd8e0ab809f08a8ae311256f8.jpg,1,0.17067308723926544,0.481370210647583,0.014423072338104248,0.03125,0.033050537109375
FisheyeCamera_1_00352_png.rf.488fe71bd8e0ab809f08a8ae311256f8.jpg,13,0.210176943490346,0.5327078586920982,0.017453738936176744,0.012505184075908282,0.012765884399414062
FisheyeCamera_1_00352_png.rf.488fe71bd8e0ab809f08a8ae311256f8.jpg,13,0.2163461595773697,0.5378606021404266,0.009615391492843628,0.020432651042938232,0.00269317626953125
FisheyeCamera_1_00353_png.rf.96a72171e6556504008956c73090d00f.jpg,12,0.45432694256305695,0.5462740361690521,0.008413463830947876,0.012019217014312744,0.425048828125
FisheyeCamera_1_00353_png.rf.96a72171e6556504008956c73090d00f.jpg,13,0.2158259976333431,0.5321741644908055,0.010655715380896824,0.011741430928727592,0.40484619140625
FisheyeCamera_1_00353_png.rf.96a72171e6556504008956c73090d00f.jpg,1,0.16631611436605453,0.48016828298568726,0.011418268084526062,0.03425478935241699,0.2275390625
FisheyeCamera_1_00353_png.rf.96a72171e6556504008956c73090d00f.jpg,4,0.45372597873210907,0.5456731021404266,0.008413463830947876,0.010817348957061768,0.2227783203125
FisheyeCamera_1_00353_png.rf.96a72171e6556504008956c73090d00f.jpg,13,0.20996246716355316,0.5322025383907889,0.01620345448412877,0.012246120557206752,0.025665283203125
FisheyeCamera_1_00353_png.rf.96a72171e6556504008956c73090d00f.jpg,0,0.1664024845802707,0.48284019201482675,0.016864659844168295,0.04054508190083089,0.007838249206542969
FisheyeCamera_1_00353_png.rf.96a72171e6556504008956c73090d00f.jpg,13,0.2157452031970024,0.5372596383094788,0.010817304253578186,0.021634578704833984,0.0015802383422851562
FisheyeCamera_1_00357_png.rf.c5c816352921d81af208cf75b4c915e4.jpg,13,0.20770353292486848,0.5320801525406498,0.012161855202153932,0.011132990953309663,0.572998046875
FisheyeCamera_1_00357_png.rf.c5c816352921d81af208cf75b4c915e4.jpg,12,0.4759615510702133,0.5462740659713745,0.01081731915473938,0.013221144676208496,0.434326171875
FisheyeCamera_1_00357_png.rf.c5c816352921d81af208cf75b4c915e4.jpg,4,0.4759615659713745,0.5456731021404266,0.010216355323791504,0.010817348957061768,0.2093505859375
FisheyeCamera_1_00357_png.rf.c5c816352921d81af208cf75b4c915e4.jpg,13,0.21443617373409837,0.5313571296115913,0.013435363179386262,0.009722464155442645,0.02080535888671875
FisheyeCamera_1_00357_png.rf.c5c816352921d81af208cf75b4c915e4.jpg,10,0.13792067766189575,0.5246394574642181,0.01262018084526062,0.01742786169052124,0.008758544921875
FisheyeCamera_1_00357_png.rf.c5c816352921d81af208cf75b4c915e4.jpg,1,0.13656851649284363,0.4711538702249527,0.012319713830947876,0.04326924681663513,0.004322052001953125
FisheyeCamera_1_00357_png.rf.c5c816352921d81af208cf75b4c915e4.jpg,13,0.20778246223926544,0.5372596383094788,0.012319713830947876,0.021634578704833984,0.00299072265625
FisheyeCamera_1_00357_png.rf.c5c816352921d81af208cf75b4c915e4.jpg,0,0.13709435611963272,0.4711538702249527,0.014573320746421814,0.04086539149284363,0.002788543701171875
FisheyeCamera_1_00357_png.rf.c5c816352921d81af208cf75b4c915e4.jpg,10,0.13311298936605453,0.5255408585071564,0.017728373408317566,0.016826927661895752,0.0023136138916015625
FisheyeCamera_1_00372_png.rf.5b1158c4085ba678ae163b3d5b8f71fe.jpg,13,0.14238644288531666,0.5175315182784508,0.012309355468585581,0.019541596544199957,0.658447265625
FisheyeCamera_1_00372_png.rf.5b1158c4085ba678ae163b3d5b8f71fe.jpg,12,0.6058210394224903,0.5336711487572916,0.021600107622479214,0.030048072338104248,0.3675537109375
FisheyeCamera_1_00372_png.rf.5b1158c4085ba678ae163b3d5b8f71fe.jpg,4,0.6063179228784664,0.5336538553237915,0.019439879643501357,0.029055295752674848,0.3184814453125
FisheyeCamera_1_00372_png.rf.5b1158c4085ba678ae163b3d5b8f71fe.jpg,13,0.22385818511247635,0.5405649244785309,0.00631009042263031,0.015024006366729736,0.0178375244140625
FisheyeCamera_1_00372_png.rf.5b1158c4085ba678ae163b3d5b8f71fe.jpg,13,0.2241586595773697,0.5342548489570618,0.007211536169052124,0.013221144676208496,0.01235198974609375
FisheyeCamera_1_00376_png.rf.32e046ea9ad33944b8fb30e9c202c08c.jpg,13,0.11000080588192665,0.510573971861976,0.012612754092558007,0.02319415553985349,0.7294921875
FisheyeCamera_1_00376_png.rf.32e046ea9ad33944b8fb30e9c202c08c.jpg,12,0.6910906182831269,0.519836801801049,0.028906804489174154,0.04084514225422825,0.49069976806640625
FisheyeCamera_1_00376_png.rf.32e046ea9ad33944b8fb30e9c202c08c.jpg,4,0.6917067468166351,0.5195312649011612,0.027644217014312744,0.04086539149284363,0.2218017578125
FisheyeCamera_1_00376_png.rf.32e046ea9ad33944b8fb30e9c202c08c.jpg,5,0.6899038851261139,0.5210336744785309,0.034855782985687256,0.04086536169052124,0.00989532470703125
FisheyeCamera_1_00376_png.rf.32e046ea9ad33944b8fb30e9c202c08c.jpg,9,0.18329327553510666,0.5111178159713745,0.007512018084526062,0.010817289352416992,0.00510406494140625
FisheyeCamera_1_00376_png.rf.32e046ea9ad33944b8fb30e9c202c08c.jpg,13,0.23720239702036172,0.5319884033900613,0.008112981915473938,0.0127288757495011,0.004286766052246094
FisheyeCamera_1_00376_png.rf.32e046ea9ad33944b8fb30e9c202c08c.jpg,13,0.1254507228732109,0.5207332074642181,0.009615376591682434,0.024639427661895752,0.0018901824951171875
FisheyeCamera_1_00456_png.rf.3aaef1ecc3d40d6a2513698b42395ed5.jpg,3,0.8620753289447001,0.5153285859837362,0.01261210465148499,0.0198236706228595,0.61767578125
FisheyeCamera_1_00456_png.rf.3aaef1ecc3d40d6a2513698b42395ed5.jpg,0,0.7197760282189035,0.4539018868985412,0.013221144676208496,0.008765280163812172,0.438720703125
FisheyeCamera_1_00456_png.rf.3aaef1ecc3d40d6a2513698b42395ed5.jpg,0,0.7788461744785309,0.4485115772252779,0.02241163205792196,0.013008726788660108,0.103851318359375
FisheyeCamera_1_00456_png.rf.3aaef1ecc3d40d6a2513698b42395ed5.jpg,5,0.8617788851261139,0.5157543450964392,0.012401270118720165,0.019354205501861066,0.08040618896484375
FisheyeCamera_1_00456_png.rf.3aaef1ecc3d40d6a2513698b42395ed5.jpg,1,0.7794471383094788,0.44651444256305695,0.02283656597137451,0.01251335800586284,0.0417938232421875
FisheyeCamera_1_00456_png.rf.3aaef1ecc3d40d6a2513698b42395ed5.jpg,13,0.06152343936264515,0.5036057978868484,0.01156851276755333,0.01682695746421814,0.0290679931640625
FisheyeCamera_1_00456_png.rf.3aaef1ecc3d40d6a2513698b42395ed5.jpg,11,0.8479567766189575,0.3924279063940048,0.015625,0.039663463830947876,0.0159912109375
FisheyeCamera_1_00456_png.rf.3aaef1ecc3d40d6a2513698b42395ed5.jpg,13,0.05457482114434242,0.5042067617177963,0.013296276330947876,0.015625029802322388,0.00926971435546875
FisheyeCamera_1_00456_png.rf.3aaef1ecc3d40d6a2513698b42395ed5.jpg,4,0.8653846681118011,0.5150240659713745,0.019230782985687256,0.018629789352416992,0.0026607513427734375
FisheyeCamera_1_00475_png.rf.fc8a7b86e467216b7b7355632b73582d.jpg,3,0.9391238406654685,0.5020138524350126,0.014423114181218666,0.0238077762575864,0.667724609375
FisheyeCamera_1_00475_png.rf.fc8a7b86e467216b7b7355632b73582d.jpg,0,0.5753700376782462,0.43329329788684845,0.01612465406132635,0.007945273691248644,0.16326904296875
FisheyeCamera_1_00475_png.rf.fc8a7b86e467216b7b7355632b73582d.jpg,0,0.5850360957854865,0.4765625149011612,0.010408216594286701,0.010945228782786365,0.1387939453125
FisheyeCamera_1_00475_png.rf.fc8a7b86e467216b7b7355632b73582d.jpg,1,0.7644231021404266,0.42056452691933965,0.0356233989957655,0.017319328481050444,0.04920196533203125
FisheyeCamera_1_00475_png.rf.fc8a7b86e467216b7b7355632b73582d.jpg,1,0.5781250298023224,0.4326923340559006,0.016826927661895752,0.008413463830947876,0.036590576171875
FisheyeCamera_1_00475_png.rf.fc8a7b86e467216b7b7355632b73582d.jpg,0,0.7638221383094788,0.42067310214042664,0.03485572338104248,0.016826927661895752,0.034637451171875
FisheyeCamera_1_00475_png.rf.fc8a7b86e467216b7b7355632b73582d.jpg,1,0.5144230723381042,0.4350961595773697,0.010216355323791504,0.007211536169052124,0.00217437744140625
FisheyeCamera_1_00475_png.rf.fc8a7b86e467216b7b7355632b73582d.jpg,0,0.5865384936332703,0.48257213830947876,0.009615421295166016,0.015625,0.0021076202392578125
FisheyeCamera_1_00478_png.rf.d5b33a2f5b481aac69c739b15ee8c7b1.jpg,3,0.9134615957736969,0.5048077188642024,0.0157485773692978,0.02416205456932935,0.74560546875
FisheyeCamera_1_00478_png.rf.d5b33a2f5b481aac69c739b15ee8c7b1.jpg,0,0.5053234418157169,0.42028739823717165,0.012194089923932228,0.013736888632439437,0.207244873046875
FisheyeCamera_1_00478_png.rf.d5b33a2f5b481aac69c739b15ee8c7b1.jpg,0,0.5083350103688815,0.4764447909775915,0.010738809980082031,0.010699594258156309,0.14640045166015625
FisheyeCamera_1_00478_png.rf.d5b33a2f5b481aac69c739b15ee8c7b1.jpg,0,0.7212881950920195,0.41045674681663513,0.04086536169052124,0.02029840068167743,0.06414413452148438
FisheyeCamera_1_00478_png.rf.d5b33a2f5b481aac69c739b15ee8c7b1.jpg,0,0.5045844547255871,0.4248798191547394,0.012551387981677542,0.015625,0.0321197509765625
FisheyeCamera_1_00478_png.rf.d5b33a2f5b481aac69c739b15ee8c7b1.jpg,1,0.7199519574642181,0.41045674681663513,0.04086536169052124,0.020432710647583008,0.01024627685546875
FisheyeCamera_1_00478_png.rf.d5b33a2f5b481aac69c739b15ee8c7b1.jpg,0,0.4995235019655802,0.41968364351808274,0.019072958708272858,0.013221144676208496,0.004906654357910156
FisheyeCamera_1_00478_png.rf.d5b33a2f5b481aac69c739b15ee8c7b1.jpg,1,0.7848558127880096,0.37079328298568726,0.012019217014312744,0.019230782985687256,0.003452301025390625
FisheyeCamera_1_00479_png.rf.a73e55627fe6a83b45c3dda469d3abb0.jpg,0,0.5581749977965007,0.2784699855365173,0.10662579296649188,0.2294585159997602,0.7646484375
FisheyeCamera_1_00479_png.rf.a73e55627fe6a83b45c3dda469d3abb0.jpg,0,0.14061987100517803,0.38491885690987254,0.026323055950908253,0.062361744063513025,0.0946197509765625
FisheyeCamera_1_00479_png.rf.a73e55627fe6a83b45c3dda469d3abb0.jpg,0,0.13258714601397514,0.3768029063940048,0.016225971281528473,0.05168268084526062,0.019378662109375
FisheyeCamera_1_00479_png.rf.a73e55627fe6a83b45c3dda469d3abb0.jpg,0,0.7199519574642181,0.3428485691547394,0.016826927661895752,0.01382213830947876,0.002140045166015625
FisheyeCamera_1_00479_png.rf.a73e55627fe6a83b45c3dda469d3abb0.jpg,8,0.15951773524284363,0.39092549681663513,0.044546276330947876,0.060096144676208496,0.0015077590942382812
FisheyeCamera_1_00492_png.rf.172b028268da5d86ef1e5bd6d6f96946.jpg,0,0.5051095363271975,0.2917708981999968,0.03215009469921637,0.021030957281939988,0.705810546875
FisheyeCamera_1_00492_png.rf.172b028268da5d86ef1e5bd6d6f96946.jpg,1,0.5057218944615798,0.43888732693937127,0.01178907583285066,0.012505107400635762,0.201568603515625
FisheyeCamera_1_00492_png.rf.172b028268da5d86ef1e5bd6d6f96946.jpg,1,0.5105168521404266,0.44170674681663513,0.020432651042938232,0.008413434028625488,0.05224609375
FisheyeCamera_1_00492_png.rf.172b028268da5d86ef1e5bd6d6f96946.jpg,1,0.5054359927899272,0.4438101202249527,0.012721648261076857,0.016225963830947876,0.0198822021484375
FisheyeCamera_1_00492_png.rf.172b028268da5d86ef1e5bd6d6f96946.jpg,11,0.3617788553237915,0.5306490398943424,0.723557710647583,0.9387019202113152,0.0015316009521484375
FisheyeCamera_1_00573_png.rf.536dbba2a930dc75169d0868b51c285e.jpg,5,0.7589165279910526,0.5162259912050662,0.02062850998926935,0.038768711580503434,0.55621337890625
FisheyeCamera_1_00573_png.rf.536dbba2a930dc75169d0868b51c285e.jpg,6,0.7584134936332703,0.5162259787321091,0.021634578704833984,0.03725960850715637,0.07958984375
FisheyeCamera_1_00573_png.rf.536dbba2a930dc75169d0868b51c285e.jpg,1,0.7584134936332703,0.5150240659713745,0.02283656597137451,0.03846156597137451,0.0241546630859375
FisheyeCamera_1_00574_png.rf.44a5bee283cef4bc1eb0a191ebcc741b.jpg,5,0.7812500298023224,0.5105168521404266,0.024038493633270264,0.043269217014312744,0.4111328125
FisheyeCamera_1_00574_png.rf.44a5bee283cef4bc1eb0a191ebcc741b.jpg,6,0.7812500298023224,0.5114182978868484,0.024038493633270264,0.04326924681663513,0.0924072265625
FisheyeCamera_1_00574_png.rf.44a5bee283cef4bc1eb0a191ebcc741b.jpg,2,0.7812500298023224,0.5114182680845261,0.024038493633270264,0.04266825318336487,0.0877685546875
FisheyeCamera_1_00574_png.rf.44a5bee283cef4bc1eb0a191ebcc741b.jpg,8,0.7812500298023224,0.5105168521404266,0.02163463830947876,0.043269217014312744,0.01230621337890625
FisheyeCamera_1_00574_png.rf.44a5bee283cef4bc1eb0a191ebcc741b.jpg,4,0.5498798191547394,0.5504807829856873,0.004807651042938232,0.008413434028625488,0.002414703369140625
FisheyeCamera_1_00577_png.rf.ecae9ae2cbbb487d92364389df045e6a.jpg,5,0.8737981282073812,0.48940868171837226,0.03395514261410837,0.060171472101839374,0.54150390625
FisheyeCamera_1_00577_png.rf.ecae9ae2cbbb487d92364389df045e6a.jpg,4,0.8731971383094788,0.4897836744785309,0.033653855323791504,0.058293282985687256,0.280029296875
FisheyeCamera_1_00577_png.rf.ecae9ae2cbbb487d92364389df045e6a.jpg,1,0.6304796199044156,0.49572233931892545,0.010959239808831178,0.010817292870662798,0.0376129150390625
FisheyeCamera_1_00577_png.rf.ecae9ae2cbbb487d92364389df045e6a.jpg,4,0.5450721383094788,0.5504807829856873,0.006009578704833984,0.008413434028625488,0.0078887939453125
FisheyeCamera_1_00577_png.rf.ecae9ae2cbbb487d92364389df045e6a.jpg,12,0.5450721383094788,0.5501803159713745,0.007211565971374512,0.008413434028625488,0.0019273757934570312
FisheyeCamera_1_00583_png.rf.3751e899e29440610a820aa333ba9fb5.jpg,4,0.5432692468166351,0.5483774244785309,0.00961536169052124,0.008413493633270264,0.2412109375
FisheyeCamera_1_00583_png.rf.3751e899e29440610a820aa333ba9fb5.jpg,1,0.6313839578113927,0.49293615390498907,0.012767915622785342,0.006009608507156372,0.128662109375
FisheyeCamera_1_00583_png.rf.3751e899e29440610a820aa333ba9fb5.jpg,12,0.5432692468166351,0.5480769276618958,0.00961536169052124,0.008413434028625488,0.0225982666015625
FisheyeCamera_1_00583_png.rf.3751e899e29440610a820aa333ba9fb5.jpg,1,0.6371856464128473,0.493172160445689,0.01409027314568001,0.006393309247848367,0.01000213623046875
FisheyeCamera_1_00605_png.rf.423e1629b3a0645c38f8555de3ad1d2b.jpg,4,0.46608724573289,0.5428393090092504,0.014164156432966535,0.019230757304681045,0.824462890625
FisheyeCamera_1_00605_png.rf.423e1629b3a0645c38f8555de3ad1d2b.jpg,1,0.601418170921308,0.46754809474826114,0.011422964945403624,0.00811062603445456,0.342529296875
FisheyeCamera_1_00605_png.rf.423e1629b3a0645c38f8555de3ad1d2b.jpg,1,0.5949519276618958,0.46935097873210907,0.018028855323791504,0.006009608507156372,0.0033855438232421875
FisheyeCamera_1_00611_png.rf.96fb4cffdc4eab02b5466d4b04efc138.jpg,4,0.4062500149011612,0.5366586744785309,0.020713905450118975,0.027004742384847624,0.7841796875
FisheyeCamera_1_00611_png.rf.96fb4cffdc4eab02b5466d4b04efc138.jpg,1,0.5793269574642181,0.4550935540278003,0.01471326394744632,0.007833051829124416,0.4140625
FisheyeCamera_1_00611_png.rf.96fb4cffdc4eab02b5466d4b04efc138.jpg,1,0.5745192468166351,0.45432694256305695,0.015024006366729736,0.007211536169052124,0.12548828125
FisheyeCamera_1_00611_png.rf.96fb4cffdc4eab02b5466d4b04efc138.jpg,1,0.5940504968166351,0.45492789149284363,0.024038493633270264,0.009014427661895752,0.0018253326416015625
FisheyeCamera_1_00627_png.rf.8fd73bc9f11281568f12f1e9686e317f.jpg,1,0.515956158614437,0.38524938008415305,0.01864424306193524,0.016600686190229696,0.3960113525390625
FisheyeCamera_1_00627_png.rf.8fd73bc9f11281568f12f1e9686e317f.jpg,11,0.4541582049828814,0.5468750298023224,0.005672133346805219,0.00826546104911663,0.011371612548828125
FisheyeCamera_1_00955_png.rf.e8466c25cc49280269c0015071d66775.jpg,1,0.31821048100061766,0.4924893214232479,0.013824757720381997,0.009615391492843628,0.719970703125
FisheyeCamera_1_00955_png.rf.e8466c25cc49280269c0015071d66775.jpg,1,0.35847461979080747,0.49489289529986313,0.013520590908877472,0.0096153765395805,0.6982421875
FisheyeCamera_1_00955_png.rf.e8466c25cc49280269c0015071d66775.jpg,1,0.4080529063940048,0.4798678159713745,0.01081731915473938,0.022235572338104248,0.01110076904296875
FisheyeCamera_1_00955_png.rf.e8466c25cc49280269c0015071d66775.jpg,0,0.3764398556494111,0.5246332851981139,0.0067233654641351,0.011293150920957618,0.008922576904296875
FisheyeCamera_1_00955_png.rf.e8466c25cc49280269c0015071d66775.jpg,1,0.35757213830947876,0.5006009936332703,0.013221144676208496,0.018028855323791504,0.007564544677734375
FisheyeCamera_1_00956_png.rf.a6bcf5d05e3aad16c8e784dfd895539e.jpg,1,0.3617788553237915,0.49445108604852817,0.014449644062390798,0.009027713524039027,0.66259765625
FisheyeCamera_1_00956_png.rf.a6bcf5d05e3aad16c8e784dfd895539e.jpg,1,0.40204328298568726,0.4956553568605517,0.015625,0.010837007741459126,0.5361328125
FisheyeCamera_1_00956_png.rf.a6bcf5d05e3aad16c8e784dfd895539e.jpg,1,0.4525240540619523,0.4789663702249527,0.007573506661823826,0.020193711325928954,0.01383209228515625
FisheyeCamera_1_00956_png.rf.a6bcf5d05e3aad16c8e784dfd895539e.jpg,1,0.36598558723926544,0.4945913702249527,0.018028825521469116,0.008413463830947876,0.0099334716796875
FisheyeCamera_1_00956_png.rf.a6bcf5d05e3aad16c8e784dfd895539e.jpg,1,0.40204328298568726,0.5011199611160264,0.015625,0.016990920358279316,0.00891876220703125
FisheyeCamera_1_00956_png.rf.a6bcf5d05e3aad16c8e784dfd895539e.jpg,0,0.42608174681663513,0.5258413553237915,0.013221144676208496,0.008413434028625488,0.0019350051879882812
FisheyeCamera_1_01017_png.rf.fc353386b0b8723817ec8234db7e3bef.jpg,0,0.5579203460078496,0.5083021113322408,0.015382724223361288,0.008166163601214027,0.586181640625
FisheyeCamera_1_01017_png.rf.fc353386b0b8723817ec8234db7e3bef.jpg,0,0.5223543760179026,0.5084134876264884,0.012983537316611837,0.007574940231484417,0.37701416015625
FisheyeCamera_1_01017_png.rf.fc353386b0b8723817ec8234db7e3bef.jpg,0,0.5558894276618958,0.508713960647583,0.015625,0.0066106319427490234,0.1407470703125
FisheyeCamera_1_01017_png.rf.fc353386b0b8723817ec8234db7e3bef.jpg,0,0.5180926682984668,0.5085318116206072,0.01695449400660154,0.009615385165238965,0.0326995849609375
FisheyeCamera_1_01017_png.rf.fc353386b0b8723817ec8234db7e3bef.jpg,13,0.5432692468166351,0.5435697436332703,0.00961536169052124,0.010817289352416992,0.0166015625
FisheyeCamera_1_01017_png.rf.fc353386b0b8723817ec8234db7e3bef.jpg,1,0.6123798489570618,0.2812500149011612,0.013221144676208496,0.019831746816635132,0.003787994384765625
FisheyeCamera_1_01017_png.rf.fc353386b0b8723817ec8234db7e3bef.jpg,0,0.7481971383094788,0.4290865659713745,0.018028855323791504,0.015625,0.0033206939697265625
FisheyeCamera_1_01017_png.rf.fc353386b0b8723817ec8234db7e3bef.jpg,0,0.7055288851261139,0.4095553010702133,0.02163463830947876,0.017427891492843628,0.0021991729736328125
FisheyeCamera_1_01017_png.rf.fc353386b0b8723817ec8234db7e3bef.jpg,0,0.543870210647583,0.5456730723381042,0.008413434028625488,0.010216355323791504,0.0015735626220703125
FisheyeCamera_1_01018_png.rf.fe4a5cf6f9e4840e68598bf4f5e13a4c.jpg,0,0.5495214287735608,0.5078125298023224,0.010332142452878501,0.007696677325127466,0.616943359375
FisheyeCamera_1_01018_png.rf.fe4a5cf6f9e4840e68598bf4f5e13a4c.jpg,0,0.5132211744785309,0.5065330474983203,0.010507218840203558,0.007967549679567809,0.47216796875
FisheyeCamera_1_01018_png.rf.fe4a5cf6f9e4840e68598bf4f5e13a4c.jpg,9,0.5318509936332703,0.543870210647583,0.007211565971374512,0.010817289352416992,0.0243377685546875
FisheyeCamera_1_01018_png.rf.fe4a5cf6f9e4840e68598bf4f5e13a4c.jpg,13,0.5312500298023224,0.5462740659713745,0.00600963830947876,0.013221144676208496,0.005580902099609375
FisheyeCamera_1_01024_png.rf.6430e340bbf84bf287d836865ed22c0a.jpg,0,0.4361326906841465,0.496311547604905,0.01280029888182238,0.012109286832517774,0.47900390625
FisheyeCamera_1_01024_png.rf.6430e340bbf84bf287d836865ed22c0a.jpg,0,0.4765625149011612,0.5030048340559006,0.012853768621037598,0.013221174478530884,0.2779541015625
FisheyeCamera_1_01024_png.rf.6430e340bbf84bf287d836865ed22c0a.jpg,0,0.4765625149011612,0.49728904991993206,0.013221174478530884,0.013808823220906596,0.187744140625
FisheyeCamera_1_01024_png.rf.6430e340bbf84bf287d836865ed22c0a.jpg,0,0.43526343669280904,0.5021033883094788,0.012326507432403155,0.015024065971374512,0.0404052734375
FisheyeCamera_1_01024_png.rf.6430e340bbf84bf287d836865ed22c0a.jpg,13,0.4555288702249527,0.5456731021404266,0.007211536169052124,0.008413493633270264,0.0063629150390625
FisheyeCamera_1_01024_png.rf.6430e340bbf84bf287d836865ed22c0a.jpg,9,0.4555288702249527,0.5441707074642181,0.007211536169052124,0.009014427661895752,0.004669189453125
FisheyeCamera_1_01024_png.rf.6430e340bbf84bf287d836865ed22c0a.jpg,0,0.44200722873210907,0.4945913553237915,0.022235602140426636,0.010817289352416992,0.0017824172973632812
FisheyeCamera_1_01031_png.rf.dcb825e8a34e53ea60d82aab16af1f5c.jpg,0,0.3885539076723161,0.48546602809821077,0.015435432549372241,0.010405913373603415,0.586669921875
FisheyeCamera_1_01031_png.rf.dcb825e8a34e53ea60d82aab16af1f5c.jpg,0,0.3388844849344427,0.4812923777564907,0.015785930529845393,0.015348387312095924,0.51556396484375
FisheyeCamera_1_01031_png.rf.dcb825e8a34e53ea60d82aab16af1f5c.jpg,0,0.3383413553237915,0.47776444256305695,0.013221144676208496,0.013822108507156372,0.216064453125
FisheyeCamera_1_01031_png.rf.dcb825e8a34e53ea60d82aab16af1f5c.jpg,0,0.33641709202930775,0.48271274938047587,0.020564903833280357,0.009427893296032441,0.07282257080078125
FisheyeCamera_1_01031_png.rf.dcb825e8a34e53ea60d82aab16af1f5c.jpg,7,0.37620194256305695,0.5414663553237915,0.006009608507156372,0.013822078704833984,0.01332855224609375
FisheyeCamera_1_01031_png.rf.dcb825e8a34e53ea60d82aab16af1f5c.jpg,0,0.3774038702249527,0.5357572436332703,0.007211536169052124,0.015024065971374512,0.00586700439453125
FisheyeCamera_1_01031_png.rf.dcb825e8a34e53ea60d82aab16af1f5c.jpg,0,0.39242789149284363,0.48257213830947876,0.03125,0.010817289352416992,0.002216339111328125
FisheyeCamera_1_01031_png.rf.dcb825e8a34e53ea60d82aab16af1f5c.jpg,0,0.37560097873210907,0.5411658883094788,0.00480768084526062,0.013822078704833984,0.0018978118896484375
FisheyeCamera_1_01034_png.rf.c19f514b8219d36a51da988d9a4f02c0.jpg,0,0.3193552809073621,0.47271743683473644,0.017794905159564056,0.012497836978110133,0.65478515625
FisheyeCamera_1_01034_png.rf.c19f514b8219d36a51da988d9a4f02c0.jpg,0,0.373748834357887,0.47720387138304166,0.01724857062589924,0.01296106830972138,0.595703125
FisheyeCamera_1_01034_png.rf.c19f514b8219d36a51da988d9a4f02c0.jpg,0,0.37379808723926544,0.4807692617177963,0.022836536169052124,0.008413463830947876,0.057586669921875
FisheyeCamera_1_01034_png.rf.c19f514b8219d36a51da988d9a4f02c0.jpg,0,0.3727425647094911,0.4818247842475707,0.01711970812381619,0.01711970812381619,0.018306732177734375
FisheyeCamera_1_01034_png.rf.c19f514b8219d36a51da988d9a4f02c0.jpg,7,0.36989183723926544,0.5414663553237915,0.010216325521469116,0.013221144676208496,0.01123046875
FisheyeCamera_1_01034_png.rf.c19f514b8219d36a51da988d9a4f02c0.jpg,0,0.4359976202249527,0.4561298191547394,0.008413463830947876,0.0234375,0.0027446746826171875
FisheyeCamera_1_01034_png.rf.c19f514b8219d36a51da988d9a4f02c0.jpg,0,0.33473558723926544,0.47836539149284363,0.07992789149284363,0.015625,0.0021152496337890625
FisheyeCamera_1_01049_png.rf.d95105b7ca128e6a801239401f1d566c.jpg,0,0.3735626030378462,0.4140625149011612,0.03391380469953076,0.020692648345165043,0.6953125
FisheyeCamera_1_01049_png.rf.d95105b7ca128e6a801239401f1d566c.jpg,0,0.47518316012992345,0.4134615510702133,0.03668719468201659,0.01994049681754073,0.658203125
FisheyeCamera_1_01049_png.rf.d95105b7ca128e6a801239401f1d566c.jpg,1,0.5120192468166351,0.5360517938794048,0.0057121221555029855,0.014411298406392659,0.006603240966796875
FisheyeCamera_1_01049_png.rf.d95105b7ca128e6a801239401f1d566c.jpg,7,0.5913461744785309,0.35126203298568726,0.00961536169052124,0.011418282985687256,0.003574371337890625
FisheyeCamera_1_01049_png.rf.d95105b7ca128e6a801239401f1d566c.jpg,1,0.5120192468166351,0.5405649244785309,0.00600963830947876,0.015024006366729736,0.002788543701171875
FisheyeCamera_1_01049_png.rf.d95105b7ca128e6a801239401f1d566c.jpg,11,0.5120192468166351,0.5408653914928436,0.00600963830947876,0.015024006366729736,0.002651214599609375
FisheyeCamera_1_01049_png.rf.d95105b7ca128e6a801239401f1d566c.jpg,0,0.46213944256305695,0.41225962340831757,0.07091346383094788,0.024038463830947876,0.0015735626220703125
FisheyeCamera_1_01091_png.rf.3aed3583b9b66c933b0d2c0c180802d7.jpg,1,0.7532344465135727,0.5004705728730405,0.012721244088362949,0.030670089820340196,0.8051376342773438
FisheyeCamera_1_01091_png.rf.3aed3583b9b66c933b0d2c0c180802d7.jpg,1,0.5715144574642181,0.508713960647583,0.008413493633270264,0.0036057233810424805,0.004817962646484375
FisheyeCamera_1_01091_png.rf.3aed3583b9b66c933b0d2c0c180802d7.jpg,11,0.20192308723926544,0.5300481021404266,0.007211536169052124,0.012620151042938232,0.00435638427734375
FisheyeCamera_1_01094_png.rf.621bad78546f2f25f721937ec42b19dd.jpg,1,0.7647176687200468,0.49460319329940644,0.012608350173552996,0.035468532491512605,0.855712890625
FisheyeCamera_1_01094_png.rf.621bad78546f2f25f721937ec42b19dd.jpg,1,0.759615421295166,0.49579326808452606,0.021634578704833984,0.03485575318336487,0.005580902099609375
FisheyeCamera_1_01104_png.rf.51251348be98b6e50dbaf1d21a484127.jpg,1,0.8605769574642181,0.4594404874947783,0.016826927661895752,0.05107101227698396,0.861083984375
FisheyeCamera_1_01104_png.rf.51251348be98b6e50dbaf1d21a484127.jpg,1,0.5162259936332703,0.5042067617177963,0.013221144676208496,0.01081731915473938,0.0032444000244140625
FisheyeCamera_1_01104_png.rf.51251348be98b6e50dbaf1d21a484127.jpg,0,0.08759015053510666,0.5234375298023224,0.0078125,0.014423072338104248,0.0016756057739257812
FisheyeCamera_1_01104_png.rf.51251348be98b6e50dbaf1d21a484127.jpg,1,0.5228365361690521,0.504807710647583,0.012019217014312744,0.009615421295166016,0.001567840576171875
FisheyeCamera_1_01143_png.rf.35e0e426451621dfbdbd575cfe5c842f.jpg,0,0.4735435362125459,0.4290865510702133,0.020022618470259657,0.011213217263118191,0.4554443359375
FisheyeCamera_1_01143_png.rf.35e0e426451621dfbdbd575cfe5c842f.jpg,1,0.09735577180981636,0.5132211744785309,0.009014420211315155,0.02163463830947876,0.00852203369140625
FisheyeCamera_1_01143_png.rf.35e0e426451621dfbdbd575cfe5c842f.jpg,7,0.4350961595773697,0.5459735989570618,0.008413463830947876,0.013221144676208496,0.0030364990234375
FisheyeCamera_1_01143_png.rf.35e0e426451621dfbdbd575cfe5c842f.jpg,0,0.38882212340831757,0.5498798489570618,0.01081731915473938,0.010216355323791504,0.002414703369140625
a2e2e0d7-707f-41bf-b1bf-6660b78b6557_jpg.rf.52a4102d457bae3731363dec2527c9cb.jpg,1,0.5547931498087839,0.5169056752231351,0.6991453724588713,0.9298161511120756,0.900146484375
cff0a517-3079-4070-9dbe-bba60c243275_jpg.rf.d5dd338d929ee1dbfcafd0e0c2bfed3a.jpg,0,0.4941757305597263,0.48719966031363215,0.9069816482093549,0.9541063636691942,0.921875
cff0a517-3079-4070-9dbe-bba60c243275_jpg.rf.d5dd338d929ee1dbfcafd0e0c2bfed3a.jpg,0,0.43870192766189575,0.2070312637661118,0.8461538553237915,0.4128606044105254,0.0037021636962890625
cff0a517-3079-4070-9dbe-bba60c243275_jpg.rf.d5dd338d929ee1dbfcafd0e0c2bfed3a.jpg,0,0.6027644351124763,0.6382211744785309,0.7572115510702133,0.6826923489570618,0.0015439987182617188
fe70f927-cb53-477a-9466-861bbb6a5c02_jpg.rf.6e08b1c0e0b9f457efb1ef781773ff20.jpg,1,0.5106013922851883,0.4921223390701273,0.720554907873039,0.8890808667494777,0.87109375
fe70f927-cb53-477a-9466-861bbb6a5c02_jpg.rf.6e08b1c0e0b9f457efb1ef781773ff20.jpg,0,0.5522836819291115,0.48677885346114635,0.8930289000272751,0.9086538590490818,0.2103271484375
fe70f927-cb53-477a-9466-861bbb6a5c02_jpg.rf.6e08b1c0e0b9f457efb1ef781773ff20.jpg,0,0.07632211595773697,0.4879807784454897,0.15264423191547394,0.9711538644041866,0.0019044876098632812
road100_png.rf.553274cc204c21c71b848b8798d62ab2.jpg,9,0.5013670881016915,0.4235425683066869,0.822405966659122,0.8453021247369747,0.952392578125
road107_png.rf.9470544fddc172eb51c93f29188ec99c.jpg,8,0.5066096804997735,0.3335614140038806,0.42680660182307023,0.4841309316756923,0.901611328125
road107_png.rf.9470544fddc172eb51c93f29188ec99c.jpg,1,0.5000000298023224,0.7391827404499054,0.16466349363327026,0.11057692766189575,0.037933349609375
road107_png.rf.9470544fddc172eb51c93f29188ec99c.jpg,0,0.17341333681662083,0.8044632564948551,0.14754231088893616,0.044704123016781394,0.014484405517578125
road107_png.rf.9470544fddc172eb51c93f29188ec99c.jpg,0,0.49338945746421814,0.7379808127880096,0.17788463830947876,0.11538463830947876,0.00811004638671875
road107_png.rf.9470544fddc172eb51c93f29188ec99c.jpg,1,0.7890625,0.24489183723926544,0.421875,0.4897836744785309,0.007251739501953125
road107_png.rf.9470544fddc172eb51c93f29188ec99c.jpg,0,0.8569712042808533,0.8569711744785309,0.060096144676208496,0.02163463830947876,0.0033855438232421875
road107_png.rf.9470544fddc172eb51c93f29188ec99c.jpg,0,0.8840144574642181,0.853365421295166,0.11418265104293823,0.028846144676208496,0.0019121170043945312
road107_png.rf.9470544fddc172eb51c93f29188ec99c.jpg,0,0.12965745422116015,0.7764423489570618,0.2587139468814712,0.1586538553237915,0.00152587890625
road118_png.rf.b356abb46c029783580cd74bb9a2fcda.jpg,11,0.727687874807461,0.44305926266505086,0.5181764201922889,0.7959724228675814,0.943115234375
road118_png.rf.b356abb46c029783580cd74bb9a2fcda.jpg,1,0.028127389540809483,0.45910909072055905,0.056215855182768865,0.14198342739766628,0.08898544311523438
road174_png.rf.548565b35058220eeaa319e0db9cec92.jpg,8,0.5881925006434219,0.264424454924001,0.14333026148430084,0.12349941649332011,0.887451171875
road174_png.rf.548565b35058220eeaa319e0db9cec92.jpg,1,0.6383543975871488,0.009688436645666576,0.0854917218976391,0.01937687329133315,0.014583587646484375
road174_png.rf.548565b35058220eeaa319e0db9cec92.jpg,0,0.8497596681118011,0.3115985691547394,0.016826927661895752,0.012620210647583008,0.01230621337890625
road174_png.rf.548565b35058220eeaa319e0db9cec92.jpg,7,0.8497596383094788,0.5883413553237915,0.1225961446762085,0.09855771064758301,0.0028438568115234375
road176_png.rf.bbb9ca924014ecf54c43d0813e953a37.jpg,0,0.21767071678631034,0.4201311042468496,0.15791903255141784,0.3940641749128003,0.78369140625
road176_png.rf.bbb9ca924014ecf54c43d0813e953a37.jpg,1,0.006347656359139364,0.061598559841513634,0.012563852375023998,0.012169469147920609,0.09356689453125
road176_png.rf.bbb9ca924014ecf54c43d0813e953a37.jpg,1,0.9008413553237915,0.3115985691547394,0.015625,0.012019217014312744,0.0214385986328125
road176_png.rf.bbb9ca924014ecf54c43d0813e953a37.jpg,1,0.868990421295166,0.704927921295166,0.01201927661895752,0.008413434028625488,0.01004791259765625
road176_png.rf.bbb9ca924014ecf54c43d0813e953a37.jpg,0,0.38948479472937303,0.37774882877596866,0.1734944309617346,0.5323029288399178,0.008175849914550781
road176_png.rf.bbb9ca924014ecf54c43d0813e953a37.jpg,1,0.011089618550613523,0.12222055718302727,0.013465294148772955,0.011868990957736969,0.007419586181640625
road176_png.rf.bbb9ca924014ecf54c43d0813e953a37.jpg,1,0.005957970395684242,0.056865986436605453,0.011915940791368484,0.019080527126789093,0.006168365478515625
road176_png.rf.bbb9ca924014ecf54c43d0813e953a37.jpg,1,0.993990421295166,0.7235577404499054,0.009615421295166016,0.012019217014312744,0.004871368408203125
road176_png.rf.bbb9ca924014ecf54c43d0813e953a37.jpg,1,0.3960336744785309,0.42540567368268967,0.15985578298568726,0.4388522058725357,0.0038623809814453125
road176_png.rf.bbb9ca924014ecf54c43d0813e953a37.jpg,1,0.9735577404499054,0.7259615659713745,0.012019217014312744,0.014423131942749023,0.0035190582275390625
road176_png.rf.bbb9ca924014ecf54c43d0813e953a37.jpg,1,0.30957032926380634,0.3203125,0.5695613287389278,0.640625,0.0026607513427734375
road176_png.rf.bbb9ca924014ecf54c43d0813e953a37.jpg,13,0.9927884936332703,0.7956731021404266,0.009615421295166016,0.014423072338104248,0.0025196075439453125
road176_png.rf.bbb9ca924014ecf54c43d0813e953a37.jpg,1,0.868990421295166,0.37860578298568726,0.01201927661895752,0.00961536169052124,0.0022869110107421875
road176_png.rf.bbb9ca924014ecf54c43d0813e953a37.jpg,1,0.9435096681118011,0.3617788553237915,0.012019217014312744,0.012019217014312744,0.0018825531005859375
road176_png.rf.bbb9ca924014ecf54c43d0813e953a37.jpg,0,0.7019231021404266,0.915865421295166,0.02884620428085327,0.07211542129516602,0.0018463134765625
road176_png.rf.bbb9ca924014ecf54c43d0813e953a37.jpg,0,0.8365384936332703,0.5084134638309479,0.03605771064758301,0.012019217014312744,0.0017147064208984375
road188_png.rf.aecd7e99af0ece6a6fea949581febffa.jpg,8,0.33370026315724727,0.5285503665501419,0.24846489498067148,0.20251468819488233,0.926025390625
road188_png.rf.aecd7e99af0ece6a6fea949581febffa.jpg,1,0.046612080186605453,0.634615421295166,0.018179088830947876,0.028846144676208496,0.01297760009765625
road188_png.rf.aecd7e99af0ece6a6fea949581febffa.jpg,1,0.7421875298023224,0.8515625298023224,0.10456734895706177,0.05769234895706177,0.00771331787109375
road188_png.rf.aecd7e99af0ece6a6fea949581febffa.jpg,14,0.17713341576745734,0.11410757384146564,0.35126202378887683,0.22671274380991235,0.002864837646484375
road188_png.rf.aecd7e99af0ece6a6fea949581febffa.jpg,0,0.7475961744785309,0.30303487869969103,0.5036057829856873,0.605468795838533,0.0028209686279296875
road188_png.rf.aecd7e99af0ece6a6fea949581febffa.jpg,1,0.06268780492246151,0.6340144574642181,0.0234375037252903,0.027644217014312744,0.0019197463989257812
road191_png.rf.d20e2f659f768a1619960d9410d43450.jpg,8,0.6486620027822629,0.4672487948800681,0.10472171602037716,0.09014897512143699,0.925048828125
road191_png.rf.d20e2f659f768a1619960d9410d43450.jpg,1,0.7956731021404266,0.637620210647583,0.02163463830947876,0.013221144676208496,0.00811004638671875
road191_png.rf.d20e2f659f768a1619960d9410d43450.jpg,1,0.7926682829856873,0.6346153914928436,0.018028855323791504,0.012019217014312744,0.007625579833984375
road191_png.rf.d20e2f659f768a1619960d9410d43450.jpg,1,0.9939904012346674,0.2013337530336196,0.011233460996657452,0.01241211966612532,0.005715370178222656
road191_png.rf.d20e2f659f768a1619960d9410d43450.jpg,0,0.0183950571808964,0.005295973736792803,0.0320575418882072,0.010591947473585606,0.00415802001953125
road191_png.rf.d20e2f659f768a1619960d9410d43450.jpg,1,0.793870210647583,0.6322115361690521,0.025240421295166016,0.016826927661895752,0.00347900390625
road191_png.rf.d20e2f659f768a1619960d9410d43450.jpg,1,0.25510818511247635,0.720552921295166,0.05799280107021332,0.05168271064758301,0.00296783447265625
road191_png.rf.d20e2f659f768a1619960d9410d43450.jpg,1,0.8028846681118011,0.4471154063940048,0.034855782985687256,0.021634608507156372,0.0022335052490234375
road191_png.rf.d20e2f659f768a1619960d9410d43450.jpg,1,0.7872596383094788,0.6251502633094788,0.01923072338104248,0.026141881942749023,0.001987457275390625
road191_png.rf.d20e2f659f768a1619960d9410d43450.jpg,9,0.27734375,0.5312500298023224,0.018028855323791504,0.03305286169052124,0.001956939697265625
road191_png.rf.d20e2f659f768a1619960d9410d43450.jpg,1,0.017005333909764886,0.04897836595773697,0.020977314095944166,0.05243389308452606,0.0018978118896484375
road192_png.rf.0cadcd4232196282401019f45aa2c866.jpg,8,0.5665772395050981,0.6535569936967144,0.23226035526034738,0.19532000428678264,0.915283203125
road192_png.rf.0cadcd4232196282401019f45aa2c866.jpg,8,0.5020300696303389,0.4899447451299881,0.12318266758413382,0.09855768084526068,0.019184112548828125
road192_png.rf.0cadcd4232196282401019f45aa2c866.jpg,8,0.559495210647583,0.47776444256305695,0.239182710647583,0.12379810214042664,0.003269195556640625
road192_png.rf.0cadcd4232196282401019f45aa2c866.jpg,1,0.7836538851261139,0.11688702440005727,0.43028849363327026,0.23257212567841634,0.0023956298828125
road192_png.rf.0cadcd4232196282401019f45aa2c866.jpg,0,0.692307710647583,0.4975961744785309,0.614182710647583,0.9951923489570618,0.0021820068359375
road192_png.rf.0cadcd4232196282401019f45aa2c866.jpg,1,0.8629808127880096,0.7602163851261139,0.014423072338104248,0.008413493633270264,0.0020999908447265625
road192_png.rf.0cadcd4232196282401019f45aa2c866.jpg,1,0.3218149058520794,0.2109375149011612,0.5775240436196327,0.4218750298023224,0.0020122528076171875
road195_png.rf.da6efe0c944836e494ef731b0c83f40e.jpg,1,0.5074106336113842,0.5332519889351757,0.10629888163227913,0.18710186471998058,0.8291015625
road195_png.rf.da6efe0c944836e494ef731b0c83f40e.jpg,1,0.4290865659713745,0.7055288851261139,0.015625,0.055288493633270264,0.1414794921875
road195_png.rf.da6efe0c944836e494ef731b0c83f40e.jpg,1,0.16286058351397514,0.9122596681118011,0.12560097128152847,0.14423078298568726,0.009857177734375
road195_png.rf.da6efe0c944836e494ef731b0c83f40e.jpg,8,0.8275240957736969,0.8004807829856873,0.04567307233810425,0.033653855323791504,0.00955963134765625
road195_png.rf.da6efe0c944836e494ef731b0c83f40e.jpg,0,0.3822115510702133,0.7163461744785309,0.014423102140426636,0.019230782985687256,0.0089569091796875
road195_png.rf.da6efe0c944836e494ef731b0c83f40e.jpg,1,0.44498789056389043,0.698172488944714,0.021524072709685538,0.03772970275679555,0.008166313171386719
road195_png.rf.da6efe0c944836e494ef731b0c83f40e.jpg,1,0.22581131011247635,0.5345552861690521,0.015324518084526062,0.034855782985687256,0.005474090576171875
road195_png.rf.da6efe0c944836e494ef731b0c83f40e.jpg,1,0.1240985644981265,0.9194711744785309,0.20763222314417362,0.16105765104293823,0.005184173583984375
road195_png.rf.da6efe0c944836e494ef731b0c83f40e.jpg,0,0.22475962340831757,0.46995194256305695,0.025841355323791504,0.013221174478530884,0.002590179443359375
road195_png.rf.da6efe0c944836e494ef731b0c83f40e.jpg,0,0.5600961595773697,0.5949519276618958,0.14543268084526062,0.07331728935241699,0.0023784637451171875
road195_png.rf.da6efe0c944836e494ef731b0c83f40e.jpg,1,0.42067308723926544,0.7019231021404266,0.024038463830947876,0.055288493633270264,0.0021572113037109375
road195_png.rf.da6efe0c944836e494ef731b0c83f40e.jpg,0,0.38641828298568726,0.7187500298023224,0.015625,0.014423072338104248,0.0018825531005859375
road195_png.rf.da6efe0c944836e494ef731b0c83f40e.jpg,1,0.30679087340831757,0.018329327926039696,0.05949518084526062,0.03372896835207939,0.0016689300537109375
road195_png.rf.da6efe0c944836e494ef731b0c83f40e.jpg,1,0.1699218824505806,0.865985631942749,0.07752405107021332,0.046875,0.0016117095947265625
road195_png.rf.da6efe0c944836e494ef731b0c83f40e.jpg,0,0.38100963830947876,0.7085336744785309,0.013221144676208496,0.020432651042938232,0.0016117095947265625
road246_png.rf.e0ea3c61697e875432eab5f80f8f0b77.jpg,12,0.5609724729907316,0.4573820412850773,0.10106212261178982,0.07897743617315878,0.79931640625
road246_png.rf.e0ea3c61697e875432eab5f80f8f0b77.jpg,10,0.5615985691547394,0.45733174681663513,0.10276442766189575,0.07692307233810425,0.0036449432373046875
road247_png.rf.fcf9d60e9599271c2725b9cc16153d8b.jpg,3,0.4978944556991549,0.6349136949020581,0.05288462351708517,0.04446237148159615,0.903076171875
road247_png.rf.fcf9d60e9599271c2725b9cc16153d8b.jpg,5,0.494925707839998,0.5675743285732325,0.05922855956092138,0.04474208303843663,0.751708984375
road247_png.rf.fcf9d60e9599271c2725b9cc16153d8b.jpg,12,0.49579328298568726,0.567307710647583,0.05769228935241699,0.04326927661895752,0.0701904296875
road247_png.rf.fcf9d60e9599271c2725b9cc16153d8b.jpg,3,0.4951923340559006,0.567307710647583,0.055288463830947876,0.04206728935241699,0.0203399658203125
road247_png.rf.fcf9d60e9599271c2725b9cc16153d8b.jpg,13,0.7391827404499054,0.6911058127880096,0.014423072338104248,0.02163463830947876,0.00418853759765625
road247_png.rf.fcf9d60e9599271c2725b9cc16153d8b.jpg,3,0.4975961744785309,0.6215444803237915,0.055288493633270264,0.07902646064758301,0.00347900390625
road247_png.rf.fcf9d60e9599271c2725b9cc16153d8b.jpg,4,0.7379808127880096,0.6911057829856873,0.016826927661895752,0.02283656597137451,0.0017080307006835938
road24_png.rf.dffe5ca5e68e8016570446d1b29c0425.jpg,1,0.37432391941547394,0.5739182829856873,0.20808294415473938,0.2788461446762085,0.44873046875
road24_png.rf.dffe5ca5e68e8016570446d1b29c0425.jpg,1,0.3695913553237915,0.6893029063940048,0.1947115659713745,0.5084134638309479,0.172119140625
road24_png.rf.dffe5ca5e68e8016570446d1b29c0425.jpg,0,0.981370210647583,0.10757212340831757,0.037259578704833984,0.04417067766189575,0.0249786376953125
road24_png.rf.dffe5ca5e68e8016570446d1b29c0425.jpg,1,0.4092548191547394,0.8137019574642181,0.1225961446762085,0.16105765104293823,0.01482391357421875
road24_png.rf.dffe5ca5e68e8016570446d1b29c0425.jpg,1,0.9807692766189575,0.1068960390985012,0.03605771064758301,0.04612381011247635,0.0146026611328125
road24_png.rf.dffe5ca5e68e8016570446d1b29c0425.jpg,0,0.41466347873210907,0.814302921295166,0.11418268084526062,0.18389427661895752,0.00811004638671875
road24_png.rf.dffe5ca5e68e8016570446d1b29c0425.jpg,1,0.41466347873210907,0.4711538553237915,0.13942310214042664,0.0625,0.0054931640625
road24_png.rf.dffe5ca5e68e8016570446d1b29c0425.jpg,10,0.8022836744785309,0.9795673191547394,0.39543265104293823,0.04086536169052124,0.00470733642578125
road24_png.rf.dffe5ca5e68e8016570446d1b29c0425.jpg,1,0.3236178085207939,0.6388221234083176,0.2992788702249527,0.5733173191547394,0.0019273757934570312
road256_png.rf.a54afb535be31b0e370d850205e055ba.jpg,8,0.6008175759316761,0.3007812612274732,0.1824043092730202,0.1379414964298587,0.91650390625
road256_png.rf.a54afb535be31b0e370d850205e055ba.jpg,0,0.9432266639893617,0.013774871343596453,0.11238253212704685,0.027549742687192905,0.12067031860351562
road256_png.rf.a54afb535be31b0e370d850205e055ba.jpg,1,0.9338942766189575,0.012225811369717121,0.129807710647583,0.024451622739434242,0.05242919921875
road256_png.rf.a54afb535be31b0e370d850205e055ba.jpg,14,0.5306490659713745,0.7872596383094788,0.026442289352416992,0.021634578704833984,0.005123138427734375
road261_png.rf.71e63db50b7cb95a2cb75ba1af242f94.jpg,8,0.7304680518876174,0.20252341039248142,0.11538463830947876,0.10096281752451591,0.906982421875
road261_png.rf.71e63db50b7cb95a2cb75ba1af242f94.jpg,8,0.9699519276618958,0.5195312649011612,0.060096144676208496,0.041466325521469116,0.00418853759765625
road261_png.rf.71e63db50b7cb95a2cb75ba1af242f94.jpg,1,0.9639423191547394,0.8118990957736969,0.014423072338104248,0.016826927661895752,0.002277374267578125
road266_png.rf.0906098b10a96fb66679bb73fd1711fd.jpg,8,0.5144336165431551,0.33053412010609096,0.1334345224387271,0.110281702947786,0.89306640625
road266_png.rf.0906098b10a96fb66679bb73fd1711fd.jpg,7,0.2914663553237915,0.4843750149011612,0.013221144676208496,0.013221174478530884,0.006072998046875
road266_png.rf.0906098b10a96fb66679bb73fd1711fd.jpg,1,0.28786058723926544,0.48317308723926544,0.013221174478530884,0.009615391492843628,0.00435638427734375
road267_png.rf.d7489615b68a53184910835a1021b388.jpg,8,0.3925781473517418,0.34397537261247635,0.11989183723926544,0.09450121223926544,0.91552734375
road267_png.rf.d7489615b68a53184910835a1021b388.jpg,1,0.9829427308758671,0.29092110233315926,0.033884175552046814,0.10345178178809597,0.14783477783203125
road267_png.rf.d7489615b68a53184910835a1021b388.jpg,0,0.9827825579119507,0.2914718400370824,0.034434884176098524,0.10599061088522399,0.020204544067382812
road269_png.rf.05cbdee6ee89141498790c8dfc8c1669.jpg,8,0.5985715985415488,0.38011166269541413,0.27108227106060573,0.21124840704161973,0.93017578125
road269_png.rf.05cbdee6ee89141498790c8dfc8c1669.jpg,8,0.5955529063940048,0.306640625,0.24278846383094788,0.06760817766189575,0.0063629150390625
road287_png.rf.2acda1a636f9a2d377fd0581e9c681cf.jpg,8,0.5677719238900616,0.3037041998137324,0.152948553321006,0.11675798363350473,0.91357421875
road287_png.rf.2acda1a636f9a2d377fd0581e9c681cf.jpg,9,0.17322716861963272,0.8100961744785309,0.04447115957736969,0.039663493633270264,0.322021484375
road287_png.rf.2acda1a636f9a2d377fd0581e9c681cf.jpg,1,0.031156101053056773,0.8593750298023224,0.062086841513519175,0.050480782985687256,0.034515380859375
road287_png.rf.2acda1a636f9a2d377fd0581e9c681cf.jpg,11,0.9741586744785309,0.5156250298023224,0.050480782985687256,0.14903849363327026,0.0302581787109375
road287_png.rf.2acda1a636f9a2d377fd0581e9c681cf.jpg,8,0.17518029361963272,0.809495210647583,0.04447115957736969,0.033653855323791504,0.023895263671875
road287_png.rf.2acda1a636f9a2d377fd0581e9c681cf.jpg,8,0.0902944765985012,0.006277231499552727,0.0839843824505806,0.012554462999105453,0.0194549560546875
road287_png.rf.2acda1a636f9a2d377fd0581e9c681cf.jpg,14,0.17153696715831757,0.8149038851261139,0.04214242100715637,0.04567307233810425,0.0194549560546875
road287_png.rf.2acda1a636f9a2d377fd0581e9c681cf.jpg,1,0.02388822158536641,0.8515625298023224,0.04740084220247809,0.03605765104293823,0.017913818359375
road287_png.rf.2acda1a636f9a2d377fd0581e9c681cf.jpg,1,0.14357049806827415,0.8507548552249432,0.030580132586908365,0.05233335688166174,0.01674365997314453
road287_png.rf.2acda1a636f9a2d377fd0581e9c681cf.jpg,1,0.007662260009965394,0.8461538851261139,0.015117939488845877,0.024038493633270264,0.0124969482421875
road287_png.rf.2acda1a636f9a2d377fd0581e9c681cf.jpg,1,0.03449895090307109,0.8984375298023224,0.06847206043312326,0.13100963830947876,0.011932373046875
road287_png.rf.2acda1a636f9a2d377fd0581e9c681cf.jpg,1,0.10591947287321091,0.853365421295166,0.08368389308452606,0.060096144676208496,0.0109710693359375
road287_png.rf.2acda1a636f9a2d377fd0581e9c681cf.jpg,1,0.06790865585207939,0.931490421295166,0.028094954788684845,0.0961538553237915,0.0104827880859375
road287_png.rf.2acda1a636f9a2d377fd0581e9c681cf.jpg,1,0.9723557829856873,0.5162259936332703,0.05528843402862549,0.1430288553237915,0.0078582763671875
road287_png.rf.2acda1a636f9a2d377fd0581e9c681cf.jpg,0,0.973557710647583,0.5450721383094788,0.052884578704833984,0.08413457870483398,0.00689697265625
road287_png.rf.2acda1a636f9a2d377fd0581e9c681cf.jpg,1,0.16871996223926544,0.822115421295166,0.05198317766189575,0.044471144676208496,0.006870269775390625
road287_png.rf.2acda1a636f9a2d377fd0581e9c681cf.jpg,8,0.1742171077484108,0.8103493033403374,0.05854418711489939,0.04807692766189575,0.0039577484130859375
road287_png.rf.2acda1a636f9a2d377fd0581e9c681cf.jpg,8,0.0714393092202954,0.035963792353868484,0.13912260869983584,0.07192758470773697,0.003803253173828125
road287_png.rf.2acda1a636f9a2d377fd0581e9c681cf.jpg,0,0.7956731021404266,0.33774039149284363,0.043269217014312744,0.027644217014312744,0.003025054931640625
road287_png.rf.2acda1a636f9a2d377fd0581e9c681cf.jpg,1,0.04845252519589849,0.9146634936332703,0.09570312727009878,0.1694711446762085,0.0028438568115234375
road298_png.rf.099f4cf3edaed1b1cae353a5600b55bf.jpg,8,0.5767720836431536,0.44891829039808034,0.10666916728630715,0.08894846458334726,0.905029296875
road298_png.rf.099f4cf3edaed1b1cae353a5600b55bf.jpg,1,0.8858173489570618,0.8786058127880096,0.12139427661895752,0.024038493633270264,0.00714111328125
road298_png.rf.099f4cf3edaed1b1cae353a5600b55bf.jpg,1,0.26081732660532,0.9741587042808533,0.029447123408317566,0.013221144676208496,0.002681732177734375
road298_png.rf.099f4cf3edaed1b1cae353a5600b55bf.jpg,1,0.6448317319154739,0.40444713830947876,0.7103365361690521,0.8088942766189575,0.0026092529296875
road298_png.rf.099f4cf3edaed1b1cae353a5600b55bf.jpg,1,0.6887019574642181,0.8040865659713745,0.06971150636672974,0.021634578704833984,0.0025196075439453125
road298_png.rf.099f4cf3edaed1b1cae353a5600b55bf.jpg,1,0.806490421295166,0.8004807829856873,0.14663457870483398,0.018028855323791504,0.0021076202392578125
road298_png.rf.099f4cf3edaed1b1cae353a5600b55bf.jpg,1,0.8858173489570618,0.9026442468166351,0.1225961446762085,0.07451921701431274,0.001995086669921875
road298_png.rf.099f4cf3edaed1b1cae353a5600b55bf.jpg,1,0.9729567468166351,0.8834134936332703,0.054086506366729736,0.16826927661895752,0.0018463134765625
road298_png.rf.099f4cf3edaed1b1cae353a5600b55bf.jpg,1,0.8888221383094788,0.40805289149284363,0.22235572338104248,0.7379807829856873,0.0016489028930664062
road298_png.rf.099f4cf3edaed1b1cae353a5600b55bf.jpg,1,0.5036057978868484,0.01802884716016706,0.014423102140426636,0.03579477363382466,0.0015439987182617188
road304_png.rf.3d52824ffdc3d7c037ac893ce147edf5.jpg,8,0.32206575229734935,0.5024038629341312,0.10645657307223272,0.0883799992341977,0.876708984375
road304_png.rf.3d52824ffdc3d7c037ac893ce147edf5.jpg,1,0.5588942468166351,0.9038461744785309,0.32211536169052124,0.19230765104293823,0.0148773193359375
road304_png.rf.3d52824ffdc3d7c037ac893ce147edf5.jpg,1,0.7510517239570618,0.42728368006646633,0.4954928159713745,0.7656250484287739,0.002414703369140625
road304_png.rf.3d52824ffdc3d7c037ac893ce147edf5.jpg,1,0.6418269574642181,0.8810096383094788,0.16466349363327026,0.08653843402862549,0.0021076202392578125
road304_png.rf.3d52824ffdc3d7c037ac893ce147edf5.jpg,1,0.6286058127880096,0.9302884936332703,0.11298078298568726,0.026442289352416992,0.0020999908447265625
road304_png.rf.3d52824ffdc3d7c037ac893ce147edf5.jpg,3,0.45733174681663513,0.626802921295166,0.03125,0.015625,0.0019197463989257812
road309_png.rf.1fee73fa747be9420f83799447b3c3d3.jpg,8,0.5365109658179267,0.30473612226837954,0.22927187203120858,0.18073162011589552,0.915283203125
road309_png.rf.1fee73fa747be9420f83799447b3c3d3.jpg,9,0.07166466861963272,0.7968750298023224,0.030198320746421814,0.026442348957061768,0.0036163330078125
road309_png.rf.1fee73fa747be9420f83799447b3c3d3.jpg,1,0.1076472382992506,0.8293269276618958,0.15099159255623817,0.3413461446762085,0.0035190582275390625
road309_png.rf.1fee73fa747be9420f83799447b3c3d3.jpg,1,0.16229717433452606,0.8389423191547394,0.22768929600715637,0.32211536169052124,0.0033206939697265625
road311_png.rf.e8f6b32fcf8b6289a65a0fba04e72c1b.jpg,8,0.32796283240856006,0.3625181262256498,0.39726746315735273,0.2978322268885222,0.930419921875
road311_png.rf.e8f6b32fcf8b6289a65a0fba04e72c1b.jpg,8,0.8491074772550882,0.024862474517171478,0.16020843188078016,0.049724949034342956,0.1101531982421875
road311_png.rf.e8f6b32fcf8b6289a65a0fba04e72c1b.jpg,12,0.8557692468166351,0.026047928258776665,0.14903849363327026,0.05209585651755333,0.0177001953125
road311_png.rf.e8f6b32fcf8b6289a65a0fba04e72c1b.jpg,1,0.7508015247806321,0.32481909912097134,0.016026062294723697,0.010218234212689525,0.010923385620117188
road311_png.rf.e8f6b32fcf8b6289a65a0fba04e72c1b.jpg,1,0.7524038553237915,0.328125,0.015625,0.016826927661895752,0.0085906982421875
road311_png.rf.e8f6b32fcf8b6289a65a0fba04e72c1b.jpg,8,0.6580528914928436,0.1268780119717121,0.07692307233810425,0.03230168670415878,0.007167816162109375
road311_png.rf.e8f6b32fcf8b6289a65a0fba04e72c1b.jpg,7,0.850360631942749,0.02597280777990818,0.1586538553237915,0.05194561555981636,0.006534576416015625
road311_png.rf.e8f6b32fcf8b6289a65a0fba04e72c1b.jpg,11,0.8179086744785309,0.9795673191547394,0.36418265104293823,0.04086536169052124,0.00489044189453125
road311_png.rf.e8f6b32fcf8b6289a65a0fba04e72c1b.jpg,7,0.8010817468166351,0.9804687798023224,0.35576921701431274,0.039062440395355225,0.004669189453125
road311_png.rf.e8f6b32fcf8b6289a65a0fba04e72c1b.jpg,8,0.8052884936332703,0.9831731021404266,0.3461538553237915,0.03365379571914673,0.004047393798828125
road340_png.rf.a2b9156abc5137a8174ddd5aea55c886.jpg,8,0.42533303308490067,0.7854534650890572,0.2130359210967392,0.16946452161640801,0.930419921875
road359_png.rf.c4125f36b26194a2c30d623150bf73bf.jpg,8,0.34885703951266467,0.5398188600588534,0.09524209892340735,0.07932691281754722,0.896484375
road359_png.rf.c4125f36b26194a2c30d623150bf73bf.jpg,9,0.5703125298023224,0.9405048489570618,0.8569712042808533,0.11778843402862549,0.0135345458984375
road359_png.rf.c4125f36b26194a2c30d623150bf73bf.jpg,1,0.0514948945492506,0.00897216796875,0.025165263563394547,0.0179443359375,0.0034122467041015625
road359_png.rf.c4125f36b26194a2c30d623150bf73bf.jpg,14,0.19350962340831757,0.6201923191547394,0.06430289149284363,0.04807692766189575,0.001987457275390625
road359_png.rf.c4125f36b26194a2c30d623150bf73bf.jpg,7,0.6452824622392654,0.9453125298023224,0.7094350755214691,0.10817307233810425,0.0018396377563476562
road366_png.rf.9af68b3a265a55ed8103fdfd32c747a1.jpg,11,0.3539094672996109,0.3184756459983981,0.1966167744564808,0.14248438744600544,0.921875
road366_png.rf.9af68b3a265a55ed8103fdfd32c747a1.jpg,0,0.34662948062254384,0.4697043339375747,0.20567378580819912,0.29639676327051906,0.06374359130859375
road366_png.rf.9af68b3a265a55ed8103fdfd32c747a1.jpg,0,0.34495192766189575,0.5772235840559006,0.21995192766189575,0.8359375298023224,0.04254150390625
road366_png.rf.9af68b3a265a55ed8103fdfd32c747a1.jpg,1,0.16661658883094788,0.024301383644342422,0.04567307233810425,0.048602767288684845,0.01422119140625
road366_png.rf.9af68b3a265a55ed8103fdfd32c747a1.jpg,8,0.0091552734375,0.18689904361963272,0.018310546875,0.043870195746421814,0.00638580322265625
road366_png.rf.9af68b3a265a55ed8103fdfd32c747a1.jpg,0,0.1518179098056862,0.9549278914928436,0.3030348580505233,0.09014421701431274,0.00516510009765625
road368_png.rf.c8a5033d28bbdf8fbb4883d352ea119f.jpg,8,0.3418560462773229,0.476137491208596,0.1768835439223952,0.12949321912511758,0.9111328125
road368_png.rf.c8a5033d28bbdf8fbb4883d352ea119f.jpg,0,0.6377522881827218,0.5033946217654535,0.7126706947171316,0.9915215393994004,0.0626220703125
road368_png.rf.c8a5033d28bbdf8fbb4883d352ea119f.jpg,1,0.59375,0.5006009615608491,0.8125,0.9987980768783018,0.0252532958984375
road368_png.rf.c8a5033d28bbdf8fbb4883d352ea119f.jpg,0,0.9873798489570618,0.01767202583141625,0.021634578704833984,0.026292068418115377,0.008758544921875
road368_png.rf.c8a5033d28bbdf8fbb4883d352ea119f.jpg,0,0.9182692468166351,0.51953125,0.16346150636672974,0.9609375,0.0079498291015625
road368_png.rf.c8a5033d28bbdf8fbb4883d352ea119f.jpg,1,0.9855769574642181,0.0180100672878325,0.026442348957061768,0.028170074336230755,0.0017414093017578125
road372_png.rf.5a53da1c7216669c8f444d28bd9e5cb2.jpg,8,0.4010097315902682,0.49958193558368175,0.20519210279083816,0.15924029636632475,0.91015625
road372_png.rf.5a53da1c7216669c8f444d28bd9e5cb2.jpg,0,0.6756310313940048,0.548978365957737,0.5141226351261139,0.9020432680845261,0.11236572265625
road372_png.rf.5a53da1c7216669c8f444d28bd9e5cb2.jpg,1,0.6676682978868484,0.5447716638445854,0.5637019574642181,0.9080529361963272,0.0460205078125
road372_png.rf.5a53da1c7216669c8f444d28bd9e5cb2.jpg,1,0.9447115659713745,0.48197117913514376,0.11057686805725098,0.937500050291419,0.00855255126953125
road380_png.rf.476299d7890c09e943ce02a25921b6ff.jpg,11,0.4698143744086588,0.1156315258368144,0.22749942959577057,0.21849008367628694,0.940673828125
road380_png.rf.476299d7890c09e943ce02a25921b6ff.jpg,1,0.7584134936332703,0.7463942468166351,0.018028855323791504,0.012019217014312744,0.046661376953125
road380_png.rf.476299d7890c09e943ce02a25921b6ff.jpg,1,0.8069874188384494,0.005118883119241612,0.02898261128245172,0.010237766238483223,0.0141143798828125
road380_png.rf.476299d7890c09e943ce02a25921b6ff.jpg,1,0.7590144574642181,0.7512019574642181,0.020432651042938232,0.019230782985687256,0.01032257080078125
road380_png.rf.476299d7890c09e943ce02a25921b6ff.jpg,1,0.981370210647583,0.014667218551039696,0.037259578704833984,0.02933443710207939,0.007537841796875
road380_png.rf.476299d7890c09e943ce02a25921b6ff.jpg,1,0.7566106021404266,0.7500000298023224,0.022836506366729736,0.00961536169052124,0.004390716552734375
road380_png.rf.476299d7890c09e943ce02a25921b6ff.jpg,0,0.04529747739434242,0.44381010305369273,0.09059495478868484,0.885216359863989,0.0017690658569335938
road380_png.rf.476299d7890c09e943ce02a25921b6ff.jpg,1,0.6838942468166351,0.020320013165473938,0.043269217014312744,0.040640026330947876,0.0017080307006835938
road384_png.rf.a5f8271b52b1ddd03eafdf59f8b715e4.jpg,11,0.42172380163590584,0.4439632781052447,0.12710531802335429,0.09225342426774047,0.943115234375
road384_png.rf.a5f8271b52b1ddd03eafdf59f8b715e4.jpg,1,0.3671875149011612,0.25420673191547394,0.018028825521469116,0.013822108507156372,0.0194549560546875
road384_png.rf.a5f8271b52b1ddd03eafdf59f8b715e4.jpg,0,0.3336087837815285,0.5354567319154739,0.5611478537321091,0.9290865361690521,0.0018749237060546875
road384_png.rf.a5f8271b52b1ddd03eafdf59f8b715e4.jpg,0,0.801682710647583,0.7572115361690521,0.396634578704834,0.48557692766189575,0.0017557144165039062
road384_png.rf.a5f8271b52b1ddd03eafdf59f8b715e4.jpg,0,0.37379808723926544,0.2534555345773697,0.024038463830947876,0.017728358507156372,0.0015201568603515625
road390_png.rf.32b71497f8b93c0f0d82ca38c9335aab.jpg,13,0.7572017685068679,0.22303859554103822,0.18150015915502793,0.1371535668945488,0.928466796875
road390_png.rf.32b71497f8b93c0f0d82ca38c9335aab.jpg,1,0.8155048191547394,0.8743990659713745,0.012019217014312744,0.010817289352416992,0.0017900466918945312
road390_png.rf.32b71497f8b93c0f0d82ca38c9335aab.jpg,1,0.2925180345773697,0.790865421295166,0.02433893084526062,0.010817289352416992,0.0016756057739257812
road413_png.rf.025d1e85fdcb5d9c213e40e7e73cf37f.jpg,3,0.5479069674840241,0.5031511190137189,0.11003913748752003,0.08650687621945258,0.901123046875
road413_png.rf.025d1e85fdcb5d9c213e40e7e73cf37f.jpg,1,0.005033052992075682,0.8930288851261139,0.010066105984151363,0.07451921701431274,0.00185394287109375
road413_png.rf.025d1e85fdcb5d9c213e40e7e73cf37f.jpg,0,0.37469953298568726,0.501802884740755,0.7493990659713745,0.9963942305184901,0.0015439987182617188
road41_png.rf.c3f20fb36af52e4005dd1ec4d2dbda4d.jpg,1,0.7409587776723718,0.08840076241325853,0.0886919881420486,0.17105050882281259,0.14844894409179688
road41_png.rf.c3f20fb36af52e4005dd1ec4d2dbda4d.jpg,1,0.481370210647583,0.06246244162321091,0.04627406597137451,0.12492488324642181,0.00902557373046875
road41_png.rf.c3f20fb36af52e4005dd1ec4d2dbda4d.jpg,0,0.7506009936332703,0.08706430462189019,0.10456728935241699,0.16751803224906325,0.0066375732421875
road41_png.rf.c3f20fb36af52e4005dd1ec4d2dbda4d.jpg,0,0.35757213830947876,0.010282076764269732,0.06129807233810425,0.019925631844671443,0.004596710205078125
road41_png.rf.c3f20fb36af52e4005dd1ec4d2dbda4d.jpg,3,0.26246995422116015,0.24789664149284363,0.5243389468814712,0.49579328298568726,0.0018901824951171875
road41_png.rf.c3f20fb36af52e4005dd1ec4d2dbda4d.jpg,1,0.22205529361963272,0.5769231021404266,0.06460337340831757,0.04447120428085327,0.0017213821411132812
road427_png.rf.1e926023f7808a5db59353f66c0b66cd.jpg,13,0.45250991792034967,0.5097762341318413,0.27189977573660123,0.21311855046616318,0.95556640625
road427_png.rf.1e926023f7808a5db59353f66c0b66cd.jpg,3,0.46063703298568726,0.986177921295166,0.033653855323791504,0.026442289352416992,0.01422119140625
road42_png.rf.d39d5b24afe0f0ecb072f5d30f2ed3ff.jpg,1,0.735504148753596,0.5991201699619562,0.16922740524923297,0.272361703993569,0.86669921875
road42_png.rf.d39d5b24afe0f0ecb072f5d30f2ed3ff.jpg,0,0.9356971383094788,0.9807692468166351,0.12860572338104248,0.038461506366729736,0.0276031494140625
road42_png.rf.d39d5b24afe0f0ecb072f5d30f2ed3ff.jpg,1,0.9441106021404266,0.9795673489570618,0.11177879571914673,0.03966343402862549,0.00689697265625
road430_png.rf.b61886cf2a08d1ded9f1f8ca4e8cd22c.jpg,13,0.6718759693643162,0.6544471383094788,0.15866718724835416,0.11899042129516602,0.92236328125
road430_png.rf.b61886cf2a08d1ded9f1f8ca4e8cd22c.jpg,1,0.8353365659713745,0.5709134638309479,0.02283656597137451,0.014423072338104248,0.0037746429443359375
road430_png.rf.b61886cf2a08d1ded9f1f8ca4e8cd22c.jpg,3,0.0049344575963914394,0.8918269276618958,0.009868915192782879,0.03125,0.002651214599609375
road430_png.rf.b61886cf2a08d1ded9f1f8ca4e8cd22c.jpg,0,0.9831731021404266,0.786057710647583,0.016826927661895752,0.013221144676208496,0.0017147064208984375
road432_png.rf.a0814eae5eb97c376d3ad2a64f15c846.jpg,13,0.5146413704544578,0.506701310249206,0.07881666969021045,0.06268141621755852,0.48193359375
road432_png.rf.a0814eae5eb97c376d3ad2a64f15c846.jpg,10,0.5150240510702133,0.5066106021404266,0.07692304253578186,0.06129807233810425,0.197998046875
road432_png.rf.a0814eae5eb97c376d3ad2a64f15c846.jpg,0,0.6838942468166351,0.7475961744785309,0.11298078298568726,0.07211536169052124,0.005084991455078125
road432_png.rf.a0814eae5eb97c376d3ad2a64f15c846.jpg,14,0.9918870329856873,0.8341346383094788,0.01622593402862549,0.10096156597137451,0.003025054931640625
road432_png.rf.a0814eae5eb97c376d3ad2a64f15c846.jpg,0,0.18960337340831757,0.6832932829856873,0.014423072338104248,0.018028855323791504,0.001979827880859375
road434_png.rf.936605c402eb2c76a89ffe3ef3d2bf0b.jpg,13,0.408659817889216,0.6398009365127852,0.1592488565893148,0.12545818345664994,0.93505859375
road434_png.rf.936605c402eb2c76a89ffe3ef3d2bf0b.jpg,8,0.5991380478111527,0.9876014337808698,0.20314367682058504,0.024797132438260427,0.02799224853515625
road434_png.rf.936605c402eb2c76a89ffe3ef3d2bf0b.jpg,12,0.7728365659713745,0.3743990510702133,0.2932692766189575,0.5600961744785309,0.0120697021484375
road434_png.rf.936605c402eb2c76a89ffe3ef3d2bf0b.jpg,14,0.5815369305751656,0.9873281233413245,0.2661549061216334,0.025343753317350948,0.011175155639648438
road434_png.rf.936605c402eb2c76a89ffe3ef3d2bf0b.jpg,14,0.5534856021404266,0.9909856021404266,0.21754807233810425,0.01802879571914673,0.0066375732421875
road434_png.rf.936605c402eb2c76a89ffe3ef3d2bf0b.jpg,12,0.5697115659713745,0.9885817468166351,0.342548131942749,0.022836506366729736,0.004306793212890625
road434_png.rf.936605c402eb2c76a89ffe3ef3d2bf0b.jpg,4,0.7920673191547394,0.8563702404499054,0.016826927661895752,0.019230782985687256,0.0015316009521484375
road444_png.rf.745b29643bef0ad541e091d9f244302e.jpg,13,0.5615962339127571,0.3613246260075336,0.1490478491538404,0.11508179874219415,0.939453125
road463_png.rf.68158f7ef45c36f77d22ee2e9c23f2c9.jpg,12,0.47356722237103577,0.2794709253047262,0.27106221721748724,0.2166799514464235,0.940185546875
road463_png.rf.68158f7ef45c36f77d22ee2e9c23f2c9.jpg,0,0.41013377619032954,0.8328632075364898,0.16769524257199292,0.3324977048400308,0.538330078125
road463_png.rf.68158f7ef45c36f77d22ee2e9c23f2c9.jpg,0,0.36538463830947876,0.5390625,0.7307692766189575,0.921875,0.0028095245361328125
road480_png.rf.8273bf3f82838cfae50c5fecdf8584a8.jpg,12,0.5192315795698226,0.2503758034039905,0.442906798420786,0.3423974591633935,0.9384765625
road480_png.rf.8273bf3f82838cfae50c5fecdf8584a8.jpg,8,0.4813701957464218,0.7211538553237915,0.24819710850715637,0.1274038553237915,0.00934600830078125
road480_png.rf.8273bf3f82838cfae50c5fecdf8584a8.jpg,8,0.6370192468166351,0.5862380117177963,0.22235578298568726,0.2758413851261139,0.003452301025390625
road480_png.rf.8273bf3f82838cfae50c5fecdf8584a8.jpg,1,0.8082932829856873,0.9927884936332703,0.020432710647583008,0.01201927661895752,0.0015439987182617188
road483_png.rf.05f4fee89b1bfbd2d2510bea8aa6b4a4.jpg,12,0.17379022948783876,0.5488309288662137,0.26640473255666636,0.20522284018169634,0.936279296875
road483_png.rf.05f4fee89b1bfbd2d2510bea8aa6b4a4.jpg,1,0.9597356021404266,0.5555889755487442,0.08052879571914673,0.35036060214042664,0.033416748046875
road483_png.rf.05f4fee89b1bfbd2d2510bea8aa6b4a4.jpg,0,0.9603365659713745,0.5600961744785309,0.07932686805725098,0.35576921701431274,0.0080108642578125
road483_png.rf.05f4fee89b1bfbd2d2510bea8aa6b4a4.jpg,1,0.6526442468166351,0.6682692766189575,0.055288493633270264,0.033653855323791504,0.00437164306640625
road483_png.rf.05f4fee89b1bfbd2d2510bea8aa6b4a4.jpg,5,0.9591346383094788,0.5573918521404266,0.08173072338104248,0.34194713830947876,0.0030727386474609375
road483_png.rf.05f4fee89b1bfbd2d2510bea8aa6b4a4.jpg,5,0.9507211744785309,0.6772836744785309,0.09855765104293823,0.5901442170143127,0.003025054931640625
road484_png.rf.75d0dea5fdf29452c9efd982dc27c97e.jpg,12,0.36343209225041717,0.43810449725570944,0.35667655671089543,0.27433072101502187,0.938232421875
road484_png.rf.75d0dea5fdf29452c9efd982dc27c97e.jpg,8,0.371995210647583,0.9362981021404266,0.1850961446762085,0.12740379571914673,0.176513671875
road484_png.rf.75d0dea5fdf29452c9efd982dc27c97e.jpg,8,0.34344953298568726,0.7944711744785309,0.2109375,0.12620192766189575,0.0027141571044921875
road484_png.rf.75d0dea5fdf29452c9efd982dc27c97e.jpg,0,0.3774038553237915,0.9387019276618958,0.18088942766189575,0.1225961446762085,0.0025005340576171875
road495_png.rf.876a11cff70b539b5175baa155393e3f.jpg,0,0.3725194474484058,0.6371694936397228,0.12285189045236466,0.2547629399502531,0.814697265625
road495_png.rf.876a11cff70b539b5175baa155393e3f.jpg,0,0.9182692468166351,0.9885817468166351,0.05288463830947876,0.022836506366729736,0.026702880859375
road495_png.rf.876a11cff70b539b5175baa155393e3f.jpg,0,0.7055288553237915,0.48245143911309457,0.03509549327780692,0.013462543068976873,0.0108642578125
road495_png.rf.876a11cff70b539b5175baa155393e3f.jpg,0,0.3759014531970024,0.38882214296609163,0.3804086595773697,0.7668269779533148,0.00373077392578125
road495_png.rf.876a11cff70b539b5175baa155393e3f.jpg,1,0.21936971066345878,0.3735163447057218,0.021878887178000572,0.024113421358669118,0.00351715087890625
road495_png.rf.876a11cff70b539b5175baa155393e3f.jpg,1,0.9915865957736969,0.6003606021404266,0.014423072338104248,0.011418282985687256,0.00312042236328125
road495_png.rf.876a11cff70b539b5175baa155393e3f.jpg,0,0.09029447287321091,0.9819712042808533,0.012920677661895752,0.033653855323791504,0.0017147064208984375
road495_png.rf.876a11cff70b539b5175baa155393e3f.jpg,0,0.9356971383094788,0.9867788553237915,0.04206728935241699,0.026442289352416992,0.0016880035400390625
road500_png.rf.6613d6762ca7f4c6fde8231310cd721e.jpg,12,0.5745152952996166,0.5375620996842114,0.20372201971542847,0.19651049854570068,0.926513671875
road500_png.rf.6613d6762ca7f4c6fde8231310cd721e.jpg,1,0.20342548936605453,0.853365421295166,0.012620195746421814,0.01201927661895752,0.0079803466796875
road500_png.rf.6613d6762ca7f4c6fde8231310cd721e.jpg,1,0.8870192468166351,0.33173078298568726,0.02163463830947876,0.012019217014312744,0.006168365478515625
road500_png.rf.6613d6762ca7f4c6fde8231310cd721e.jpg,1,0.21409255266189575,0.43629808723926544,0.018329322338104248,0.008413463830947876,0.0039215087890625
road510_png.rf.c526c717645235b0ba526972f91dcd8c.jpg,12,0.37353523331231975,0.5570913851261139,0.14565816035591356,0.11448293899082151,0.922119140625
road510_png.rf.c526c717645235b0ba526972f91dcd8c.jpg,0,0.5084134936332703,0.06272536143660545,0.015625,0.010967545211315155,0.00595855712890625
road510_png.rf.c526c717645235b0ba526972f91dcd8c.jpg,0,0.072265625,0.4912860691547394,0.14453125,0.9825721383094788,0.0025691986083984375
road510_png.rf.c526c717645235b0ba526972f91dcd8c.jpg,0,0.2451547607779503,0.5084134731441736,0.22483475506305695,0.9639423303306103,0.0016241073608398438
road532_png.rf.9bdb80d6a57e01f720029a04c86595cb.jpg,8,0.6562781242673756,0.6042621674396659,0.16521760813331088,0.13100963830947876,0.908203125
road540_png.rf.636935f3f2ddeaa7d93a7e5b674b8ea2.jpg,8,0.5489832774524086,0.7265723080881821,0.12347315936668557,0.09737533955740652,0.915283203125
road540_png.rf.636935f3f2ddeaa7d93a7e5b674b8ea2.jpg,1,0.9453125298023224,0.8608774244785309,0.10937494039535522,0.27824515104293823,0.01157379150390625
road540_png.rf.636935f3f2ddeaa7d93a7e5b674b8ea2.jpg,0,0.28305289149284363,0.537259615957737,0.5661057829856873,0.9254807680845261,0.0087890625
road540_png.rf.636935f3f2ddeaa7d93a7e5b674b8ea2.jpg,0,0.30949520505964756,0.7417367845773697,0.5414663664996624,0.5165264308452606,0.006687164306640625
road540_png.rf.636935f3f2ddeaa7d93a7e5b674b8ea2.jpg,0,0.7373798191547394,0.6012620329856873,0.019230782985687256,0.03064906597137451,0.004425048828125
road540_png.rf.636935f3f2ddeaa7d93a7e5b674b8ea2.jpg,0,0.5006009787321091,0.8473558127880096,0.13341346383094788,0.30288463830947876,0.003398895263671875
road540_png.rf.636935f3f2ddeaa7d93a7e5b674b8ea2.jpg,0,0.06257512420415878,0.9807692766189575,0.010066106915473938,0.021634578704833984,0.0027141571044921875
road540_png.rf.636935f3f2ddeaa7d93a7e5b674b8ea2.jpg,5,0.44110578298568726,0.7968750298023224,0.027644217014312744,0.07932692766189575,0.0018901824951171875
road540_png.rf.636935f3f2ddeaa7d93a7e5b674b8ea2.jpg,0,0.9471153914928436,0.8527644276618958,0.10576921701431274,0.2944711446762085,0.0015735626220703125
road542_png.rf.f3196c59dea3c231b3f2794e90dff066.jpg,8,0.41030418831220966,0.7632211891498337,0.14209496392373078,0.11120570205310565,0.91796875
road550_png.rf.2f62f01a17704b05f6b6a7017c5562e7.jpg,8,0.5096220855368733,0.4933861030744289,0.1893062312298901,0.14903178485369173,0.922607421875
road551_png.rf.85136b3b7cb2a56ce38e6ac16d1d9ac0.jpg,8,0.47370933957474226,0.6030637560694447,0.1992199630930092,0.1568470194634568,0.929931640625
road559_png.rf.58fb8c230f948c4ca3f97440acb08039.jpg,8,0.553623356369657,0.5097781264232586,0.12262948690955794,0.09558618860989099,0.91650390625
road559_png.rf.58fb8c230f948c4ca3f97440acb08039.jpg,1,0.5324519276618958,0.7500000298023224,0.02403843402862549,0.10576921701431274,0.003398895263671875
road559_png.rf.58fb8c230f948c4ca3f97440acb08039.jpg,1,0.7638221383094788,0.6778846383094788,0.05769228935241699,0.02283656597137451,0.002651214599609375
road563_png.rf.4ec89725146d3baf32e4dd8f23c36fe5.jpg,8,0.5413138675089179,0.5945079753860144,0.20705379397156148,0.15894984307779758,0.9111328125
road563_png.rf.4ec89725146d3baf32e4dd8f23c36fe5.jpg,14,0.34585337340831757,0.9921875298023224,0.054086536169052124,0.014423072338104248,0.0018901824951171875
road563_png.rf.4ec89725146d3baf32e4dd8f23c36fe5.jpg,0,0.27659255266189575,0.4873798124026507,0.5531851053237915,0.9675480858422816,0.0018749237060546875
road575_png.rf.80b2879a15d6b7f2b71059674b908a2a.jpg,8,0.2886243358258419,0.3417624664129645,0.12683633920612536,0.09473702785897348,0.91259765625
road575_png.rf.80b2879a15d6b7f2b71059674b908a2a.jpg,1,0.9209054630509642,0.5421555511826692,0.016826927661895752,0.025785421909287898,0.02362060546875
road578_png.rf.3eb33f72e25300326627e580bc51ae2b.jpg,8,0.8125000298023224,0.27922184252986637,0.141226638066545,0.10381724218021446,0.91064453125
road578_png.rf.3eb33f72e25300326627e580bc51ae2b.jpg,1,0.5952524244785309,0.4798678010702133,0.03245192766189575,0.015024036169052124,0.002933502197265625
road578_png.rf.3eb33f72e25300326627e580bc51ae2b.jpg,1,0.29371996223926544,0.5976562798023224,0.022235602140426636,0.012019217014312744,0.0018825531005859375
road578_png.rf.3eb33f72e25300326627e580bc51ae2b.jpg,1,0.5913461744785309,0.47866588830947876,0.019230782985687256,0.010216355323791504,0.0018682479858398438
road57_png.rf.36dd69f2bf2bb71fae4bb5f71976de87.jpg,14,0.518625605410068,0.3874332017598446,0.8509952873398063,0.6103036395061415,0.939697265625
road57_png.rf.36dd69f2bf2bb71fae4bb5f71976de87.jpg,0,0.6899038851261139,0.009075458452571183,0.019230782985687256,0.015765850781463087,0.00562286376953125
road57_png.rf.36dd69f2bf2bb71fae4bb5f71976de87.jpg,1,0.6899038851261139,0.008939302817452699,0.024038493633270264,0.015493539511226118,0.0026607513427734375
road586_png.rf.cdaad9faaec0b995c0009622f1ce043b.jpg,12,0.5021033882666929,0.2153144960430981,0.19531595102491656,0.14539006111656708,0.935302734375
road586_png.rf.cdaad9faaec0b995c0009622f1ce043b.jpg,8,0.9074519574642181,0.817307710647583,0.07211536169052124,0.05769228935241699,0.005474090576171875
road586_png.rf.cdaad9faaec0b995c0009622f1ce043b.jpg,9,0.7067307829856873,0.7361778914928436,0.05528843402862549,0.050480782985687256,0.0021648406982421875
road599_png.rf.15463488bc8e7766638102f14ffc7607.jpg,12,0.5055578096728413,0.25572559783337323,0.3500579086980994,0.26859693627600256,0.93505859375
road599_png.rf.15463488bc8e7766638102f14ffc7607.jpg,8,0.49399039149284363,0.6138822436332703,0.23858171701431274,0.1304086446762085,0.0767822265625
road599_png.rf.15463488bc8e7766638102f14ffc7607.jpg,9,0.9945913553237915,0.7500000298023224,0.010817289352416992,0.02884620428085327,0.0021991729736328125
road5_png.rf.14d45e774c14dff080bb5d8977b83b16.jpg,1,0.5080681887191456,0.411165157360984,0.493136185649279,0.6796452604062684,0.731689453125
road5_png.rf.14d45e774c14dff080bb5d8977b83b16.jpg,14,0.2549509570831118,0.9453819638796208,0.2860155381993767,0.10923607224075826,0.105377197265625
road5_png.rf.14d45e774c14dff080bb5d8977b83b16.jpg,1,0.48106972873210907,0.7415865659713745,0.07031252980232239,0.03846156597137451,0.07958984375
road5_png.rf.14d45e774c14dff080bb5d8977b83b16.jpg,14,0.7526870758091484,0.9483173466164301,0.23590403882673217,0.101150356639222,0.07047653198242188
road5_png.rf.14d45e774c14dff080bb5d8977b83b16.jpg,1,0.4032451957464218,0.35817307978868484,0.18028846383094788,0.5360576957464218,0.042694091796875
road5_png.rf.14d45e774c14dff080bb5d8977b83b16.jpg,0,0.4798678159713745,0.743990421295166,0.06971156597137451,0.033653855323791504,0.028533935546875
road5_png.rf.14d45e774c14dff080bb5d8977b83b16.jpg,12,0.2665640041232109,0.9495192468166351,0.2739633470773697,0.10096150636672974,0.0168609619140625
road5_png.rf.14d45e774c14dff080bb5d8977b83b16.jpg,7,0.26246995851397514,0.9507212042808533,0.27554086595773697,0.0961538553237915,0.0137939453125
road602_png.rf.318d3ef4a1ae690772af4c7a45056e3d.jpg,12,0.3461154806851685,0.5262757597632061,0.09890227517038791,0.08022185821480732,0.887451171875
road602_png.rf.318d3ef4a1ae690772af4c7a45056e3d.jpg,1,0.510292473420727,0.2524609427168943,0.02595553105367615,0.01430889755189868,0.05577850341796875
road602_png.rf.318d3ef4a1ae690772af4c7a45056e3d.jpg,0,0.06749549279629719,0.5504808127880096,0.13454026440740563,0.07151442766189575,0.0018033981323242188
road602_png.rf.318d3ef4a1ae690772af4c7a45056e3d.jpg,5,0.5102163702249527,0.5991586744785309,0.07451924681663513,0.06370192766189575,0.0016689300537109375
road603_png.rf.4b2cb82aa9148cfa7e68dc07c3d988d8.jpg,12,0.36267704381367705,0.4119624136505411,0.12349434822878541,0.09616688434993675,0.90087890625
road60_png.rf.6dfea2d49d7ec1afecf0e31875eaf2f2.jpg,14,0.5027134255734823,0.5018174442827411,0.9801210718738473,0.9939613753200159,0.96923828125
road60_png.rf.6dfea2d49d7ec1afecf0e31875eaf2f2.jpg,8,0.4945913702249527,0.8617788851261139,0.038461536169052124,0.043269217014312744,0.0053253173828125
road60_png.rf.6dfea2d49d7ec1afecf0e31875eaf2f2.jpg,1,0.4951923340559006,0.13213642686605453,0.036658674478530884,0.041917070746421814,0.00243377685546875
road610_png.rf.50187e3238a77acb998dce9518cd8eaf.jpg,8,0.12319334509043858,0.648734345360207,0.15327475034589794,0.13100960887079216,0.92041015625
road610_png.rf.50187e3238a77acb998dce9518cd8eaf.jpg,1,0.9751557400080271,0.016630408414339846,0.049688519983945745,0.03312252974724428,0.013736724853515625
road610_png.rf.50187e3238a77acb998dce9518cd8eaf.jpg,0,0.9750601053237915,0.01739971525967121,0.04987978935241699,0.03479943051934242,0.0020904541015625
road616_png.rf.2a211ff1b4cda73ca6d1f6b03d843829.jpg,8,0.41871626355616376,0.4294018575204165,0.06551962842072662,0.05234294281512558,0.900634765625
road616_png.rf.2a211ff1b4cda73ca6d1f6b03d843829.jpg,14,0.14287861436605453,0.48257212340831757,0.04717548191547394,0.022836536169052124,0.0114898681640625
road616_png.rf.2a211ff1b4cda73ca6d1f6b03d843829.jpg,11,0.8016827404499054,0.5141226053237915,0.012019217014312744,0.015625,0.011016845703125
road616_png.rf.2a211ff1b4cda73ca6d1f6b03d843829.jpg,3,0.14137620851397514,0.4711538553237915,0.041766829788684845,0.034855782985687256,0.00913238525390625
road616_png.rf.2a211ff1b4cda73ca6d1f6b03d843829.jpg,13,0.005385179189033806,0.5030048191547394,0.009906476130709052,0.014423072338104248,0.005645751953125
road616_png.rf.2a211ff1b4cda73ca6d1f6b03d843829.jpg,11,0.140625006868504,0.9086538553237915,0.27674280223436654,0.182692289352417,0.004779815673828125
road616_png.rf.2a211ff1b4cda73ca6d1f6b03d843829.jpg,13,0.0049579329788684845,0.4975961744785309,0.009915865957736969,0.019230782985687256,0.004001617431640625
road616_png.rf.2a211ff1b4cda73ca6d1f6b03d843829.jpg,1,0.8028846383094788,0.5192307829856873,0.01201927661895752,0.021634578704833984,0.002277374267578125
road616_png.rf.2a211ff1b4cda73ca6d1f6b03d843829.jpg,14,0.14272836968302727,0.47235578298568726,0.04387018829584122,0.036658644676208496,0.0017213821411132812
road627_png.rf.c7b56d6b9d184e7eda577bc92098970a.jpg,9,0.44337353558428044,0.46048476260086024,0.24309298949890745,0.18540877254976745,0.943359375
road627_png.rf.c7b56d6b9d184e7eda577bc92098970a.jpg,1,0.8263221681118011,0.25420673191547394,0.027644217014312744,0.013822108507156372,0.003269195556640625
road631_png.rf.6f337ce8bb0aacca63fd35b2a31a5f8f.jpg,14,0.5413206200291386,0.379944502338254,0.1048767527917367,0.08260530039565472,0.957275390625
road631_png.rf.6f337ce8bb0aacca63fd35b2a31a5f8f.jpg,0,0.4023437649011612,0.22145433723926544,0.08353367447853088,0.029447108507156372,0.006412506103515625
road631_png.rf.6f337ce8bb0aacca63fd35b2a31a5f8f.jpg,1,0.947115421295166,0.3383413664996624,0.10336542129516602,0.6105769649147987,0.0018033981323242188
road642_png.rf.25d90a69f2f25043d4816446bc06d57d.jpg,11,0.46366013678450274,0.543857995847929,0.27104587377201994,0.20675515298035035,0.926025390625
road642_png.rf.25d90a69f2f25043d4816446bc06d57d.jpg,11,0.37086840346455574,0.5186298079788685,0.5539363250136375,0.962740384042263,0.007770538330078125
road645_png.rf.3d5071c5268a4f68caec4068bd44a014.jpg,9,0.3615177636648423,0.45162746791779673,0.2781794070929985,0.20793916924423544,0.951904296875
road645_png.rf.3d5071c5268a4f68caec4068bd44a014.jpg,8,0.10306490398943424,0.9921875298023224,0.18058894202113152,0.015624940395355225,0.002735137939453125
road645_png.rf.3d5071c5268a4f68caec4068bd44a014.jpg,9,0.5093149244785309,0.8918269574642181,0.03305286169052124,0.043269217014312744,0.0021820068359375
road646_png.rf.b27ea018214ba317c719922ee6289f6b.jpg,9,0.18419471211007585,0.8100962042808533,0.3627026808146511,0.28125,0.93701171875
road648_png.rf.5e239f768b13f58e65f930a312bb0796.jpg,9,0.5426726253299883,0.4905240606593661,0.06910194725414698,0.059486540645540376,0.932373046875
road648_png.rf.5e239f768b13f58e65f930a312bb0796.jpg,1,0.6694711744785309,0.5090144574642181,0.014423072338104248,0.016826927661895752,0.057373046875
road648_png.rf.5e239f768b13f58e65f930a312bb0796.jpg,10,0.0247708847746253,0.6195913553237915,0.00912710465490818,0.015625,0.015869140625
road648_png.rf.5e239f768b13f58e65f930a312bb0796.jpg,1,0.16466347128152847,0.5763221383094788,0.019230768084526062,0.03125,0.00562286376953125
road648_png.rf.5e239f768b13f58e65f930a312bb0796.jpg,1,0.6718750298023224,0.5120192468166351,0.02163463830947876,0.02163463830947876,0.0055999755859375
road648_png.rf.5e239f768b13f58e65f930a312bb0796.jpg,1,0.6814903914928436,0.46364183723926544,0.016826927661895752,0.025240391492843628,0.00373077392578125
road648_png.rf.5e239f768b13f58e65f930a312bb0796.jpg,8,0.11628605797886848,0.037541317753493786,0.07602163404226303,0.03534405119717121,0.0034389495849609375
road648_png.rf.5e239f768b13f58e65f930a312bb0796.jpg,1,0.6844952404499054,0.4603365510702133,0.016826927661895752,0.022836536169052124,0.003345489501953125
road648_png.rf.5e239f768b13f58e65f930a312bb0796.jpg,9,0.332932710647583,0.5709134638309479,0.019230782985687256,0.019230782985687256,0.0033206939697265625
road648_png.rf.5e239f768b13f58e65f930a312bb0796.jpg,9,0.16672927141189575,0.36298078298568726,0.027118384838104248,0.03125,0.0021495819091796875
road648_png.rf.5e239f768b13f58e65f930a312bb0796.jpg,9,0.16436298936605453,0.5727163851261139,0.016526445746421814,0.030048072338104248,0.0020999908447265625
road648_png.rf.5e239f768b13f58e65f930a312bb0796.jpg,1,0.7349759936332703,0.4639423191547394,0.018028855323791504,0.03605771064758301,0.001987457275390625
road648_png.rf.5e239f768b13f58e65f930a312bb0796.jpg,1,0.733173131942749,0.45733174681663513,0.015625,0.026442289352416992,0.0017824172973632812
road657_png.rf.1a24f8cf2f94528e1561fdfd877b243a.jpg,10,0.2175538911557801,0.5474991783457785,0.07618928617393003,0.0625,0.954345703125
road657_png.rf.1a24f8cf2f94528e1561fdfd877b243a.jpg,8,0.7082228478386943,0.4965703495852789,0.11894901156938487,0.09437166869383845,0.90771484375
road657_png.rf.1a24f8cf2f94528e1561fdfd877b243a.jpg,8,0.21814905107021332,0.48076924681663513,0.07872596383094788,0.06610578298568726,0.0058441162109375
road657_png.rf.1a24f8cf2f94528e1561fdfd877b243a.jpg,5,0.21754807978868484,0.4795673191547394,0.07512019574642181,0.06370192766189575,0.003574371337890625
road657_png.rf.1a24f8cf2f94528e1561fdfd877b243a.jpg,1,0.7433894574642181,0.033184345811605453,0.020432651042938232,0.06636869162321091,0.00301361083984375
road657_png.rf.1a24f8cf2f94528e1561fdfd877b243a.jpg,1,0.18085186928510666,0.008460411918349564,0.054762616753578186,0.011662410339340568,0.0022335052490234375
road657_png.rf.1a24f8cf2f94528e1561fdfd877b243a.jpg,1,0.9945913553237915,0.11463342234492302,0.010817289352416992,0.05799279361963272,0.0017080307006835938
road672_png.rf.399722f8bd34dc5991633bbbe681cc47.jpg,8,0.6670711510176359,0.45072021651280675,0.10696731281331184,0.09103897194933308,0.9189453125
road672_png.rf.399722f8bd34dc5991633bbbe681cc47.jpg,14,0.5372596234083176,0.2666766941547394,0.08653846383094788,0.06340146064758301,0.01605224609375
road672_png.rf.399722f8bd34dc5991633bbbe681cc47.jpg,1,0.0051785982213914394,0.5808293521404266,0.010357196442782879,0.019230782985687256,0.0017213821411132812
road672_png.rf.399722f8bd34dc5991633bbbe681cc47.jpg,8,0.5528846383094788,0.2623197212815285,0.0625,0.06189905107021332,0.001537322998046875
road680_png.rf.f3d33f76c73e14128f5a509936280778.jpg,7,0.6009615659713745,0.37289664887008783,0.15565498099107633,0.13251497574104976,0.917724609375
road680_png.rf.f3d33f76c73e14128f5a509936280778.jpg,1,0.9707227335131103,0.3624936444933667,0.056422963803163584,0.6987485066488471,0.03205680847167969
road680_png.rf.f3d33f76c73e14128f5a509936280778.jpg,3,0.5781250298023224,0.08856670930981636,0.03605765104293823,0.026893027126789093,0.0219268798828125
road680_png.rf.f3d33f76c73e14128f5a509936280778.jpg,1,0.9789663553237915,0.30123199336230755,0.04206728935241699,0.48167071118950844,0.0162353515625
road680_png.rf.f3d33f76c73e14128f5a509936280778.jpg,8,0.24474159628152847,0.03185096268862253,0.17518030107021332,0.06347656478465069,0.01568603515625
road680_png.rf.f3d33f76c73e14128f5a509936280778.jpg,1,0.2557091489434242,0.032658503034326714,0.14543269574642181,0.0649414051003987,0.0114898681640625
road680_png.rf.f3d33f76c73e14128f5a509936280778.jpg,0,0.5049642142479265,0.6065464932049746,0.07595154727804715,0.05474162004444705,0.007244110107421875
road680_png.rf.f3d33f76c73e14128f5a509936280778.jpg,0,0.9831731021404266,0.26832934468984604,0.03365379571914673,0.3617788702249527,0.006870269775390625
road680_png.rf.f3d33f76c73e14128f5a509936280778.jpg,1,0.0058687650598585606,0.12079327180981636,0.011737530119717121,0.06490384787321091,0.006561279296875
road680_png.rf.f3d33f76c73e14128f5a509936280778.jpg,1,0.9831731021404266,0.24639423936605453,0.03365379571914673,0.3257211595773697,0.00185394287109375
road681_png.rf.8d4a24386fd5d2ab97a915adf207274b.jpg,8,0.5330384482384102,0.6718894881371673,0.12678120399057619,0.09858656771262819,0.93359375
road681_png.rf.8d4a24386fd5d2ab97a915adf207274b.jpg,5,0.1753305345773697,0.6243990659713745,0.08954328298568726,0.078125,0.1842041015625
road681_png.rf.8d4a24386fd5d2ab97a915adf207274b.jpg,8,0.17638221383094788,0.6251502633094788,0.08713942766189575,0.0766226053237915,0.0072784423828125
road681_png.rf.8d4a24386fd5d2ab97a915adf207274b.jpg,1,0.4194711744785309,0.3725961744785309,0.012620210647583008,0.016826927661895752,0.0033721923828125
road681_png.rf.8d4a24386fd5d2ab97a915adf207274b.jpg,3,0.19005409628152847,0.712740421295166,0.05739183723926544,0.02403843402862549,0.0017824172973632812
road681_png.rf.8d4a24386fd5d2ab97a915adf207274b.jpg,14,0.3218149095773697,0.7217548489570618,0.03605768084526062,0.026442289352416992,0.0016298294067382812
road683_png.rf.d7993e7e7246906107abeec65c038cad.jpg,8,0.38008942699374315,0.5776953555288769,0.17824068459081444,0.1403546133985767,0.90234375
road683_png.rf.d7993e7e7246906107abeec65c038cad.jpg,9,0.8617788851261139,0.48167069256305695,0.030048072338104248,0.027043253183364868,0.0033855438232421875
road683_png.rf.d7993e7e7246906107abeec65c038cad.jpg,9,0.008601262452430092,0.13686899840831757,0.016939604218350723,0.06430289149284363,0.002651214599609375
road683_png.rf.d7993e7e7246906107abeec65c038cad.jpg,10,0.6567007303237915,0.9783653914928436,0.686598539352417,0.043269217014312744,0.00208282470703125
road683_png.rf.d7993e7e7246906107abeec65c038cad.jpg,7,0.5288461893796921,0.9789663553237915,0.7235577404499054,0.04206728935241699,0.0020503997802734375
road695_png.rf.aa31ed894fa0b3796c4865db5e00ebac.jpg,3,0.48767353121663704,0.5404180719213635,0.06642652180480807,0.05319186722376945,0.922119140625
road695_png.rf.aa31ed894fa0b3796c4865db5e00ebac.jpg,5,0.49038463108127367,0.4533156136746495,0.07754195851964252,0.060750933384568384,0.907958984375
road695_png.rf.aa31ed894fa0b3796c4865db5e00ebac.jpg,5,0.43329328298568726,0.48317310214042664,0.027644217014312744,0.03125,0.00826263427734375
road695_png.rf.aa31ed894fa0b3796c4865db5e00ebac.jpg,1,0.8125000298023224,0.5727163553237915,0.055288493633270264,0.06971156597137451,0.001964569091796875
road700_png.rf.54fce54e96313fc80b29341cb072b2d0.jpg,3,0.47812848641267514,0.6922714005077252,0.1863344122802844,0.1406613543929882,0.9208984375
road700_png.rf.54fce54e96313fc80b29341cb072b2d0.jpg,5,0.4781282597808853,0.46140724550157375,0.1934589713239364,0.14872532912799358,0.9150390625
road700_png.rf.54fce54e96313fc80b29341cb072b2d0.jpg,0,0.9026442468166351,0.9819711744785309,0.019230782985687256,0.03605765104293823,0.0024623870849609375
road700_png.rf.54fce54e96313fc80b29341cb072b2d0.jpg,3,0.4882812798023224,0.5931490659713745,0.14182692766189575,0.03966343402862549,0.0018320083618164062
road705_png.rf.b86eaf5000139f86d67f007728db8e42.jpg,5,0.36496881907254214,0.4290865510702133,0.11562933225825012,0.08983671019566186,0.927490234375
road705_png.rf.b86eaf5000139f86d67f007728db8e42.jpg,3,0.36642597327466875,0.562807408024053,0.11145766993037992,0.08235933135767459,0.8935546875
road705_png.rf.b86eaf5000139f86d67f007728db8e42.jpg,1,0.9044471383094788,0.6358173191547394,0.044471144676208496,0.19591349363327026,0.0114898681640625
road705_png.rf.b86eaf5000139f86d67f007728db8e42.jpg,0,0.9032452404499054,0.6358173191547394,0.04567307233810425,0.18389421701431274,0.007450103759765625
road70_png.rf.d2ea834dc600c103a18b073faf955857.jpg,14,0.5480769574642181,0.4110576957464218,0.33653849363327026,0.3365384638309479,0.1905517578125
road70_png.rf.d2ea834dc600c103a18b073faf955857.jpg,1,0.409164355597172,0.992419238999138,0.04757751650364789,0.015161522001724048,0.14373779296875
road70_png.rf.d2ea834dc600c103a18b073faf955857.jpg,1,0.40805289149284363,0.9765625298023224,0.050480782985687256,0.046874940395355225,0.0028324127197265625
road70_png.rf.d2ea834dc600c103a18b073faf955857.jpg,1,0.39092549681663513,0.9762620329856873,0.09074521064758301,0.04747593402862549,0.0026092529296875
road70_png.rf.d2ea834dc600c103a18b073faf955857.jpg,1,0.41045673191547394,0.9879807829856873,0.055288463830947876,0.02403843402862549,0.0015859603881835938
road713_png.rf.a71744edd4c111a2115746a0abe095b4.jpg,3,0.4157191283733094,0.5898358390270781,0.16467616903983517,0.1267996855064376,0.923828125
road713_png.rf.a71744edd4c111a2115746a0abe095b4.jpg,5,0.421726741026772,0.395579673024682,0.16377382084475278,0.125902757178677,0.89501953125
road713_png.rf.a71744edd4c111a2115746a0abe095b4.jpg,1,0.7487981021404266,0.04439603514038026,0.043269217014312744,0.07677283929660916,0.003307342529296875
road713_png.rf.a71744edd4c111a2115746a0abe095b4.jpg,0,0.8870192766189575,0.46875002526212484,0.2163461446762085,0.9326923580374569,0.0022869110107421875
road713_png.rf.a71744edd4c111a2115746a0abe095b4.jpg,0,0.7229567468166351,0.4675480976002291,0.48317307233810425,0.9302885027136654,0.0018396377563476562
road713_png.rf.a71744edd4c111a2115746a0abe095b4.jpg,1,0.8401442468166351,0.01791616715490818,0.04567307233810425,0.03583233430981636,0.0017213821411132812
road71_png.rf.acca87e745ff8b06e1659b819dce3dc5.jpg,14,0.3318923114575915,0.43114041264106306,0.3464560955254158,0.48504023815450426,0.9296875
road71_png.rf.acca87e745ff8b06e1659b819dce3dc5.jpg,1,0.9459134638309479,0.6610576957464218,0.10817307233810425,0.6778846085071564,0.006816864013671875
road71_png.rf.acca87e745ff8b06e1659b819dce3dc5.jpg,0,0.9347956776618958,0.5000000252621248,0.1304086446762085,0.9951923580374569,0.0022525787353515625
road721_png.rf.e462aad36674c5acf4bbcdd45203bb7b.jpg,8,0.4429086595773697,0.5162387795587715,0.11418268084526062,0.09254808755648669,0.883056640625
road721_png.rf.e462aad36674c5acf4bbcdd45203bb7b.jpg,5,0.4483250497009943,0.419490485943007,0.11536917721696893,0.0877481220390986,0.25948143005371094
road721_png.rf.e462aad36674c5acf4bbcdd45203bb7b.jpg,8,0.4483173191547394,0.42067308723926544,0.11298078298568726,0.09134617447853088,0.00971221923828125
road721_png.rf.e462aad36674c5acf4bbcdd45203bb7b.jpg,1,0.5480769276618958,0.6406250298023224,0.03125,0.030048072338104248,0.0015621185302734375
road730_png.rf.b6fa8c5a4681f8f78bc51e5b534f4a49.jpg,5,0.5246394276618958,0.4224622208495284,0.12019228935241699,0.09707592697392764,0.93896484375
road730_png.rf.b6fa8c5a4681f8f78bc51e5b534f4a49.jpg,3,0.5303528188713665,0.5607055932488936,0.12259615936772578,0.09464723338751957,0.885009765625
road730_png.rf.b6fa8c5a4681f8f78bc51e5b534f4a49.jpg,3,0.8045321959271761,0.33011697060766654,0.018163761269707535,0.023862653471051265,0.010875701904296875
road730_png.rf.b6fa8c5a4681f8f78bc51e5b534f4a49.jpg,0,0.7414363324642181,0.3780048191547394,0.5147235989570618,0.7560096383094788,0.003025054931640625
road730_png.rf.b6fa8c5a4681f8f78bc51e5b534f4a49.jpg,1,0.9687500596046448,0.4468149095773697,0.060096144676208496,0.6111778914928436,0.001636505126953125
road73_png.rf.3d3e70e98db37845a47dbf47ceb49047.jpg,14,0.6452164042589246,0.4784876189477812,0.4331249021297338,0.7058788007271234,0.9345703125
road73_png.rf.3d3e70e98db37845a47dbf47ceb49047.jpg,1,0.25375601649284363,0.45733174681663513,0.12229567766189575,0.31370192766189575,0.08917236328125
road73_png.rf.3d3e70e98db37845a47dbf47ceb49047.jpg,0,0.4243751491903621,0.40814918535941425,0.01602873296824392,0.03466319525254602,0.032093048095703125
road73_png.rf.3d3e70e98db37845a47dbf47ceb49047.jpg,1,0.25549366802032025,0.5926757247014878,0.15012310893395153,0.6467323861593263,0.02486419677734375
road73_png.rf.3d3e70e98db37845a47dbf47ceb49047.jpg,1,0.46514425054192543,0.5009014653041959,0.6826923415064812,0.9909856226295233,0.018280029296875
road73_png.rf.3d3e70e98db37845a47dbf47ceb49047.jpg,6,0.1636117845773697,0.5114182969555259,0.3272235691547394,0.9747596699744463,0.0018682479858398438
road741_png.rf.8c3457e208250110c7ece81ea9a04fd8.jpg,5,0.46593134600099534,0.2926785364712114,0.267076156542431,0.2049689054349401,0.937255859375
road741_png.rf.8c3457e208250110c7ece81ea9a04fd8.jpg,3,0.45855484965109017,0.6056154677668688,0.2598805389422972,0.19982677511384528,0.93505859375
road741_png.rf.8c3457e208250110c7ece81ea9a04fd8.jpg,3,0.049241287633776665,0.19200721383094788,0.046950120478868484,0.03245192766189575,0.00708770751953125
road741_png.rf.8c3457e208250110c7ece81ea9a04fd8.jpg,0,0.0390625,0.5270432960242033,0.078125,0.9411058165132999,0.002490997314453125
road741_png.rf.8c3457e208250110c7ece81ea9a04fd8.jpg,3,0.48227164149284363,0.4789663702249527,0.11358171701431274,0.03485575318336487,0.0016880035400390625
road741_png.rf.8c3457e208250110c7ece81ea9a04fd8.jpg,1,0.7950721383094788,0.05213341633498203,0.10096156597137451,0.10381611148477532,0.0015201568603515625
road748_png.rf.cbfa6537787a86729e4bc53e78b98051.jpg,3,0.27117244451376743,0.5453802472594156,0.0585861076853868,0.047753533324754405,0.8447265625
road748_png.rf.cbfa6537787a86729e4bc53e78b98051.jpg,5,0.35216347873210907,0.5444711744785309,0.060096174478530884,0.046875059604644775,0.44775390625
road748_png.rf.cbfa6537787a86729e4bc53e78b98051.jpg,3,0.3539663553237915,0.543870210647583,0.05769228935241699,0.046875,0.3369140625
road748_png.rf.cbfa6537787a86729e4bc53e78b98051.jpg,1,0.2818509775970597,0.09239783883094788,0.5625000320724212,0.18479567766189575,0.0017557144165039062
road750_png.rf.84c29f6e5a4f734c5ebfb97fa9f452cc.jpg,5,0.34524585862047674,0.37258744001372357,0.07928762278683771,0.06674168467586439,0.898681640625
road750_png.rf.84c29f6e5a4f734c5ebfb97fa9f452cc.jpg,3,0.23737730749530622,0.37274075671303863,0.07812248837170607,0.06339263999053585,0.876220703125
road766_png.rf.0e73651f90f24c44b6a18b3406b5130f.jpg,3,0.514728753820147,0.5187826487838914,0.1328193979576039,0.10487294861072083,0.895263671875
road766_png.rf.0e73651f90f24c44b6a18b3406b5130f.jpg,1,0.7367788851261139,0.7475961744785309,0.016826927661895752,0.026442348957061768,0.0018901824951171875
road766_png.rf.0e73651f90f24c44b6a18b3406b5130f.jpg,1,0.7932692766189575,0.7487981021404266,0.05408656597137451,0.026442348957061768,0.0016241073608398438
road769_png.rf.b448ee15665aa9198508c0007ecfff13.jpg,12,0.5194293632847059,0.47324938435399533,0.08453173930287128,0.06890676910519367,0.6741943359375
road769_png.rf.b448ee15665aa9198508c0007ecfff13.jpg,13,0.5180288702249527,0.47536060214042664,0.08774039149284363,0.06610578298568726,0.31494140625
road769_png.rf.b448ee15665aa9198508c0007ecfff13.jpg,1,0.727094780198125,0.46656921526806977,0.01923072338104248,0.03557671830534603,0.03906822204589844
road769_png.rf.b448ee15665aa9198508c0007ecfff13.jpg,1,0.7271634936332703,0.4819711595773697,0.021634578704833984,0.06971153616905212,0.00899505615234375
road769_png.rf.b448ee15665aa9198508c0007ecfff13.jpg,10,0.5192307978868484,0.47475963830947876,0.08533653616905212,0.06730771064758301,0.00771331787109375
road769_png.rf.b448ee15665aa9198508c0007ecfff13.jpg,1,0.6514423191547394,0.387620210647583,0.014423072338104248,0.026442289352416992,0.005451202392578125
road769_png.rf.b448ee15665aa9198508c0007ecfff13.jpg,3,0.11921574920415878,0.5336538553237915,0.01712740957736969,0.02403843402862549,0.0016241073608398438
road779_png.rf.c6610a0260f55516d14d4f65e4b183c0.jpg,10,0.441640750010747,0.5167564393687443,0.4168467669926297,0.32070195424800974,0.869873046875
road779_png.rf.c6610a0260f55516d14d4f65e4b183c0.jpg,1,0.7812500298023224,0.6586538851261139,0.019230782985687256,0.012019217014312744,0.0035877227783203125
road779_png.rf.c6610a0260f55516d14d4f65e4b183c0.jpg,1,0.723557710647583,0.9915865957736969,0.02403843402862549,0.014423072338104248,0.002956390380859375
road785_png.rf.2e31920d3a7a5362662eadaa7fff5085.jpg,8,0.4059619262223206,0.2793890577341829,0.31160475467405624,0.2444256206116979,0.9228515625
road785_png.rf.2e31920d3a7a5362662eadaa7fff5085.jpg,8,0.033071666955947876,0.7283653914928436,0.06614333391189575,0.14423078298568726,0.0310516357421875
road785_png.rf.2e31920d3a7a5362662eadaa7fff5085.jpg,14,0.04702524375170469,0.837740421295166,0.07136418856680393,0.060096144676208496,0.0234527587890625
road785_png.rf.2e31920d3a7a5362662eadaa7fff5085.jpg,11,0.04658391233533621,0.8389423489570618,0.06999324448406696,0.060096144676208496,0.00551605224609375
road785_png.rf.2e31920d3a7a5362662eadaa7fff5085.jpg,1,0.9939903914928436,0.8497596383094788,0.012019217014312744,0.1274038553237915,0.0020751953125
road789_png.rf.e0563b696bba55c1e0ec034219c9b2e2.jpg,13,0.46543539924144495,0.48888037171919807,0.17729481618616422,0.13701923182301584,0.9443359375
road789_png.rf.e0563b696bba55c1e0ec034219c9b2e2.jpg,13,0.5054086837917566,0.371995210647583,0.9110577516257763,0.743990421295166,0.0015020370483398438
road798_png.rf.dbeb19ed1f23a8d15e3a8728f75a20c0.jpg,3,0.7088332163264691,0.39979302574548936,0.11057692766189575,0.0883394306273026,0.921875
road798_png.rf.dbeb19ed1f23a8d15e3a8728f75a20c0.jpg,3,0.7848557829856873,0.7980769574642181,0.015625,0.016826927661895752,0.0218505859375
road798_png.rf.dbeb19ed1f23a8d15e3a8728f75a20c0.jpg,1,0.9900841414928436,0.8028846383094788,0.019831717014312744,0.1634615659713745,0.004581451416015625
road798_png.rf.dbeb19ed1f23a8d15e3a8728f75a20c0.jpg,0,0.9915865659713745,0.7992788851261139,0.016826868057250977,0.16225963830947876,0.0027446746826171875
road808_png.rf.cb35c63ab76c00a0facafbbd7dac478e.jpg,13,0.4191042918895927,0.5216346383094788,0.06814273172250895,0.0558579236229208,0.7314453125
road808_png.rf.cb35c63ab76c00a0facafbbd7dac478e.jpg,1,0.15156779670856543,0.24508324224198644,0.026875662243361687,0.014286222721403397,0.079864501953125
road808_png.rf.cb35c63ab76c00a0facafbbd7dac478e.jpg,12,0.4194711595773697,0.5216346383094788,0.06971153616905212,0.060096144676208496,0.06402587890625
road808_png.rf.cb35c63ab76c00a0facafbbd7dac478e.jpg,0,0.9242788553237915,0.2445913553237915,0.151442289352417,0.489182710647583,0.04974365234375
road808_png.rf.cb35c63ab76c00a0facafbbd7dac478e.jpg,1,0.09735577180981636,0.4092548191547394,0.011117793619632721,0.018028855323791504,0.01332855224609375
road808_png.rf.cb35c63ab76c00a0facafbbd7dac478e.jpg,1,0.32027003538197285,0.08516283204424707,0.02934747578769875,0.018758808468367194,0.0039806365966796875
road808_png.rf.cb35c63ab76c00a0facafbbd7dac478e.jpg,1,0.044781025499105453,0.3242187649011612,0.01846078783273697,0.013822108507156372,0.0025997161865234375
road819_png.rf.102970997e42717b71177acc1f71f554.jpg,14,0.3748470438406988,0.4167722828136059,0.07840916036366452,0.0625,0.902587890625
road819_png.rf.102970997e42717b71177acc1f71f554.jpg,1,0.3721796329350001,0.5279818835538193,0.05996993902231279,0.09353962186550513,0.655517578125
road819_png.rf.102970997e42717b71177acc1f71f554.jpg,1,0.0072772689163684845,0.5859375,0.014554537832736969,0.08293271064758301,0.005580902099609375
road819_png.rf.102970997e42717b71177acc1f71f554.jpg,1,0.6153846383094788,0.6111778914928436,0.198317289352417,0.08413463830947876,0.002452850341796875
road820_png.rf.84c419beb4bfd13b6e9363920f97e752.jpg,14,0.4621574219515604,0.46858630205063856,0.11720548661627023,0.09010830249516188,0.9306640625
road820_png.rf.84c419beb4bfd13b6e9363920f97e752.jpg,1,0.4650038333044689,0.6337713555703389,0.07331731915473944,0.1563013367402759,0.5887451171875
road820_png.rf.84c419beb4bfd13b6e9363920f97e752.jpg,0,0.4663783012157213,0.6338259562404627,0.07355903618662835,0.15666247283463686,0.16949462890625
road824_png.rf.a25e009fa5ed9e89fe10f85121440e44.jpg,14,0.5105113574243998,0.16796967354892078,0.33772573391940075,0.2677192049288586,0.9599609375
road824_png.rf.a25e009fa5ed9e89fe10f85121440e44.jpg,1,0.6050397494345204,0.6317738801131447,0.25608605360304376,0.5069614253195035,0.864013671875
road824_png.rf.a25e009fa5ed9e89fe10f85121440e44.jpg,0,0.3656901217478793,0.7516595132327657,0.17459435304606302,0.3499661906545254,0.3878173828125
road824_png.rf.a25e009fa5ed9e89fe10f85121440e44.jpg,0,0.6105769276618958,0.6332632601261139,0.2475961446762085,0.5099158883094788,0.0019121170043945312
road825_png.rf.edd11b214c98691900d7161d1d445086.jpg,14,0.5053949014342769,0.32150152292617684,0.1646359475447623,0.12981974707476684,0.958740234375
road825_png.rf.edd11b214c98691900d7161d1d445086.jpg,0,0.5482121097691821,0.5464243693521694,0.13019866189941937,0.24320910758292374,0.474365234375
road825_png.rf.edd11b214c98691900d7161d1d445086.jpg,1,0.55078125,0.5438702255487442,0.1304086446762085,0.24399039149284363,0.08441162109375
road825_png.rf.edd11b214c98691900d7161d1d445086.jpg,0,0.43465717976400786,0.6007314530080279,0.08594194788397258,0.1611515084412024,0.02472686767578125
road825_png.rf.edd11b214c98691900d7161d1d445086.jpg,0,0.676682710647583,0.006150465924292803,0.11538457870483398,0.012300931848585606,0.002323150634765625
road825_png.rf.edd11b214c98691900d7161d1d445086.jpg,0,0.7217548489570618,0.006737342569977045,0.2055288553237915,0.01347468513995409,0.0019197463989257812
road843_png.rf.9c2bcff39191f514ae4ec0884ad8e688.jpg,12,0.3688437332242081,0.39768559505768014,0.21033939638823695,0.16527016293050623,0.92333984375
road843_png.rf.9c2bcff39191f514ae4ec0884ad8e688.jpg,1,0.9435096681118011,0.2920673191547394,0.11057692766189575,0.5685096383094788,0.061676025390625
road843_png.rf.9c2bcff39191f514ae4ec0884ad8e688.jpg,5,0.9447115659713745,0.29717550369969103,0.11057686805725098,0.593750045838533,0.004207611083984375
road843_png.rf.9c2bcff39191f514ae4ec0884ad8e688.jpg,12,0.465745204128325,0.3067908631055616,0.8774038683623075,0.6105769184650853,0.002452850341796875
road845_png.rf.a17d514f4ef79850eee0d0564166493c.jpg,12,0.5624953119980682,0.5057044461569418,0.07152386327040405,0.05528847896533018,0.87353515625
road845_png.rf.a17d514f4ef79850eee0d0564166493c.jpg,0,0.8686429689732047,0.653686614376064,0.06335447533993444,0.12558682559644385,0.68408203125
road845_png.rf.a17d514f4ef79850eee0d0564166493c.jpg,12,0.8683894574642181,0.6476863324642181,0.05769234895706177,0.13731974363327026,0.0286407470703125
road852_png.rf.b85a053093b59247888b01eb761c380e.jpg,12,0.4630463338838192,0.39635049311702625,0.07541523181750448,0.06252178229736194,0.902587890625
road860_png.rf.d24c66ff7f058688891c6d1bb19f21e9.jpg,12,0.21709618969322114,0.38731270322105127,0.11358642298202623,0.09074049717122207,0.908447265625
road860_png.rf.d24c66ff7f058688891c6d1bb19f21e9.jpg,0,0.027663011249387637,0.8016827404499054,0.05449970037443563,0.07932692766189575,0.02301025390625
road860_png.rf.d24c66ff7f058688891c6d1bb19f21e9.jpg,11,0.645432710647583,0.270432710647583,0.05889427661895752,0.0234375,0.0018463134765625
road860_png.rf.d24c66ff7f058688891c6d1bb19f21e9.jpg,0,0.9897837042808533,0.6466346383094788,0.018028855323791504,0.013221144676208496,0.0016241073608398438
road863_png.rf.62da0ce2f44c3deda211894bd9772eb4.jpg,10,0.46857971401906406,0.4217448338677844,0.08191087555267768,0.06250001689073964,0.791748046875
road863_png.rf.62da0ce2f44c3deda211894bd9772eb4.jpg,13,0.46995195746421814,0.42067310214042664,0.08173078298568726,0.06129807233810425,0.33447265625
road863_png.rf.62da0ce2f44c3deda211894bd9772eb4.jpg,12,0.4687500149011612,0.4218750149011612,0.08293268084526062,0.06370189785957336,0.129150390625
road863_png.rf.62da0ce2f44c3deda211894bd9772eb4.jpg,8,0.11089619062840939,0.7554086744785309,0.14479418471455574,0.09254807233810425,0.005123138427734375
road863_png.rf.62da0ce2f44c3deda211894bd9772eb4.jpg,10,0.5276442617177963,0.6093750298023224,0.08653846383094788,0.17908650636672974,0.003398895263671875
road863_png.rf.62da0ce2f44c3deda211894bd9772eb4.jpg,1,0.07992788776755333,0.012002798612229526,0.026141829788684845,0.01738563016988337,0.002490997314453125
road863_png.rf.62da0ce2f44c3deda211894bd9772eb4.jpg,0,0.9519231021404266,0.5952524393796921,0.09615379571914673,0.20853367447853088,0.002323150634765625
road869_png.rf.74a8154e6d995772559b2b26ed7fe176.jpg,10,0.4223085688693183,0.4158825691257204,0.2780477464199066,0.21335851039205278,0.931396484375
road869_png.rf.74a8154e6d995772559b2b26ed7fe176.jpg,8,0.5646033883094788,0.7632211744785309,0.3491586446762085,0.4687500596046448,0.0031452178955078125
road874_png.rf.bc7095218e987756e17276ed1f65c1a1.jpg,8,0.3876088533397627,0.3772507826304847,0.14420806837004668,0.11121196341630452,0.904296875
road874_png.rf.bc7095218e987756e17276ed1f65c1a1.jpg,14,0.6598558127880096,0.5798656281555825,0.04567307233810425,0.0414443332419856,0.56024169921875
road874_png.rf.bc7095218e987756e17276ed1f65c1a1.jpg,8,0.039325420395471156,0.03448016941547394,0.07729867729358375,0.06896033883094788,0.0030364990234375
road87_png.rf.6d646f756b97628ff1a7f19880e0ad25.jpg,14,0.50092395409234,0.48907469933078407,0.29438116940986314,0.43167639256867063,0.909912109375
road87_png.rf.6d646f756b97628ff1a7f19880e0ad25.jpg,14,0.39663463830947876,0.516526460647583,0.0757211446762085,0.2265625,0.0283203125
road87_png.rf.6d646f756b97628ff1a7f19880e0ad25.jpg,14,0.6736778914928436,0.48317310214042664,0.6526442170143127,0.9663462042808533,0.00353240966796875
road88_png.rf.9553879003f819feb89013a78100b8fe.jpg,14,0.551832215319997,0.459735594653333,0.275527620418557,0.19411353230753114,0.946533203125
road8_png.rf.46c42ca2cb0550a9319955aba6abede9.jpg,0,0.2806304570192666,0.34911344953857426,0.07386503386639817,0.19146751472682577,0.777099609375
road8_png.rf.46c42ca2cb0550a9319955aba6abede9.jpg,0,0.6501693505392903,0.44271791242487957,0.0649038553237915,0.18102535037423456,0.516387939453125
road8_png.rf.46c42ca2cb0550a9319955aba6abede9.jpg,3,0.3149038553237915,0.8930288851261139,0.03425478935241699,0.04807692766189575,0.09295654296875
road8_png.rf.46c42ca2cb0550a9319955aba6abede9.jpg,1,0.5525306492101769,0.8185096681118011,0.026442289352416992,0.016826927661895752,0.0381317138671875
road8_png.rf.46c42ca2cb0550a9319955aba6abede9.jpg,3,0.3272235691547394,0.8954327404499054,0.05348557233810425,0.05288463830947876,0.018310546875
road8_png.rf.46c42ca2cb0550a9319955aba6abede9.jpg,3,0.340745210647583,0.8930288851261139,0.03245192766189575,0.06129807233810425,0.005664825439453125
road8_png.rf.46c42ca2cb0550a9319955aba6abede9.jpg,9,0.3242187649011612,0.884615421295166,0.055288463830947876,0.06730771064758301,0.0023326873779296875
road90_png.rf.b0b1b09616e8d2d251262445ee54557b.jpg,14,0.5272222835549736,0.496995210647583,0.18330613898334475,0.2949828416609186,0.78564453125
road95_png.rf.58da79361bcd996af70f1cadecc0db4e.jpg,14,0.6053827480770995,0.44895667236007253,0.580020570542466,0.3942863612421596,0.93115234375
road97_png.rf.e5ddf90a60e8f03cbaf40b8fc661b1b5.jpg,14,0.21622230742243728,0.41592036839477053,0.20992758523536287,0.31486821634139067,0.9326171875
